solid OpenSCAD_Model
  facet normal 0.923886 0.382668 0
    outer loop
      vertex 9.78892 1.19707 2.2
      vertex 9.67208 1.47916 0
      vertex 9.67208 1.47916 2.2
    endloop
  endfacet
  facet normal 0.923886 0.382668 0
    outer loop
      vertex 9.67208 1.47916 0
      vertex 9.78892 1.19707 2.2
      vertex 9.78892 1.19707 0
    endloop
  endfacet
  facet normal -0.537303 -0.843389 0
    outer loop
      vertex -2.00752 -2.86703 0
      vertex -1.75 -3.03109 2.2
      vertex -2.00752 -2.86703 2.2
    endloop
  endfacet
  facet normal -0.537303 -0.843389 -0
    outer loop
      vertex -1.75 -3.03109 2.2
      vertex -2.00752 -2.86703 0
      vertex -1.75 -3.03109 0
    endloop
  endfacet
  facet normal -0.0436243 -0.999048 0
    outer loop
      vertex -0.305044 -3.48668 0
      vertex 0 -3.5 2.2
      vertex -0.305044 -3.48668 2.2
    endloop
  endfacet
  facet normal -0.0436243 -0.999048 -0
    outer loop
      vertex 0 -3.5 2.2
      vertex -0.305044 -3.48668 0
      vertex 0 -3.5 0
    endloop
  endfacet
  facet normal -0.461748 -0.887011 0
    outer loop
      vertex -1.75 -3.03109 0
      vertex -1.47916 -3.17208 2.2
      vertex -1.75 -3.03109 2.2
    endloop
  endfacet
  facet normal -0.461748 -0.887011 -0
    outer loop
      vertex -1.47916 -3.17208 2.2
      vertex -1.75 -3.03109 0
      vertex -1.47916 -3.17208 0
    endloop
  endfacet
  facet normal 0 0 1
    outer loop
      vertex 7.85 0 2.2
      vertex 10 0 2.2
      vertex 9.98668 0.305044 2.2
    endloop
  endfacet
  facet normal 0 0 1
    outer loop
      vertex 7.84486 0.11766 2.2
      vertex 9.98668 0.305044 2.2
      vertex 9.94683 0.607768 2.2
    endloop
  endfacet
  facet normal 0 0 1
    outer loop
      vertex 10 0 2.2
      vertex 7.85 0 2.2
      vertex 9.98668 -0.305044 2.2
    endloop
  endfacet
  facet normal 0 0 1
    outer loop
      vertex 7.82949 0.234425 2.2
      vertex 9.94683 0.607768 2.2
      vertex 9.88074 0.905867 2.2
    endloop
  endfacet
  facet normal -0 0 1
    outer loop
      vertex 7.84486 -0.11766 2.2
      vertex 9.98668 -0.305044 2.2
      vertex 7.85 0 2.2
    endloop
  endfacet
  facet normal 0 0 1
    outer loop
      vertex 7.804 0.349405 2.2
      vertex 9.88074 0.905867 2.2
      vertex 9.78892 1.19707 2.2
    endloop
  endfacet
  facet normal 0 0 1
    outer loop
      vertex 9.98668 -0.305044 2.2
      vertex 7.84486 -0.11766 2.2
      vertex 9.94683 -0.607768 2.2
    endloop
  endfacet
  facet normal 0 0 1
    outer loop
      vertex 7.76858 0.461727 2.2
      vertex 9.78892 1.19707 2.2
      vertex 9.67208 1.47916 2.2
    endloop
  endfacet
  facet normal -0 0 1
    outer loop
      vertex 7.82949 -0.234425 2.2
      vertex 9.94683 -0.607768 2.2
      vertex 7.84486 -0.11766 2.2
    endloop
  endfacet
  facet normal 0 0 1
    outer loop
      vertex 7.72352 0.570534 2.2
      vertex 9.67208 1.47916 2.2
      vertex 9.53109 1.75 2.2
    endloop
  endfacet
  facet normal 0 0 1
    outer loop
      vertex 9.94683 -0.607768 2.2
      vertex 7.82949 -0.234425 2.2
      vertex 9.88074 -0.905867 2.2
    endloop
  endfacet
  facet normal 0 0 1
    outer loop
      vertex 7.66913 0.674999 2.2
      vertex 9.53109 1.75 2.2
      vertex 9.36703 2.00752 2.2
    endloop
  endfacet
  facet normal -0 0 1
    outer loop
      vertex 7.804 -0.349405 2.2
      vertex 9.88074 -0.905867 2.2
      vertex 7.82949 -0.234425 2.2
    endloop
  endfacet
  facet normal 0 0 1
    outer loop
      vertex 7.60585 0.774327 2.2
      vertex 9.36703 2.00752 2.2
      vertex 9.18116 2.24976 2.2
    endloop
  endfacet
  facet normal 0 0 1
    outer loop
      vertex 9.88074 -0.905867 2.2
      vertex 7.804 -0.349405 2.2
      vertex 9.78892 -1.19707 2.2
    endloop
  endfacet
  facet normal 0 0 1
    outer loop
      vertex 7.53416 0.867763 2.2
      vertex 9.18116 2.24976 2.2
      vertex 8.97487 2.47487 2.2
    endloop
  endfacet
  facet normal -0 0 1
    outer loop
      vertex 7.76858 -0.461727 2.2
      vertex 9.78892 -1.19707 2.2
      vertex 7.804 -0.349405 2.2
    endloop
  endfacet
  facet normal 0 0 1
    outer loop
      vertex 7.45459 0.954594 2.2
      vertex 8.97487 2.47487 2.2
      vertex 8.74976 2.68116 2.2
    endloop
  endfacet
  facet normal 0 0 1
    outer loop
      vertex 9.78892 -1.19707 2.2
      vertex 7.76858 -0.461727 2.2
      vertex 9.67208 -1.47916 2.2
    endloop
  endfacet
  facet normal 0 0 1
    outer loop
      vertex 7.36776 1.03416 2.2
      vertex 8.74976 2.68116 2.2
      vertex 8.50752 2.86703 2.2
    endloop
  endfacet
  facet normal -0 0 1
    outer loop
      vertex 7.72352 -0.570534 2.2
      vertex 9.67208 -1.47916 2.2
      vertex 7.76858 -0.461727 2.2
    endloop
  endfacet
  facet normal 0 0 1
    outer loop
      vertex 7.27433 1.10585 2.2
      vertex 8.50752 2.86703 2.2
      vertex 8.25 3.03109 2.2
    endloop
  endfacet
  facet normal 0 0 1
    outer loop
      vertex 9.67208 -1.47916 2.2
      vertex 7.72352 -0.570534 2.2
      vertex 9.53109 -1.75 2.2
    endloop
  endfacet
  facet normal 0 0 1
    outer loop
      vertex 7.175 1.16913 2.2
      vertex 8.25 3.03109 2.2
      vertex 7.97916 3.17208 2.2
    endloop
  endfacet
  facet normal -0 0 1
    outer loop
      vertex 7.66913 -0.674999 2.2
      vertex 9.53109 -1.75 2.2
      vertex 7.72352 -0.570534 2.2
    endloop
  endfacet
  facet normal 0 0 1
    outer loop
      vertex 9.53109 -1.75 2.2
      vertex 7.66913 -0.674999 2.2
      vertex 9.36703 -2.00752 2.2
    endloop
  endfacet
  facet normal 0 0 1
    outer loop
      vertex 9.98668 0.305044 2.2
      vertex 7.84486 0.11766 2.2
      vertex 7.85 0 2.2
    endloop
  endfacet
  facet normal 0 0 1
    outer loop
      vertex 9.94683 0.607768 2.2
      vertex 7.82949 0.234425 2.2
      vertex 7.84486 0.11766 2.2
    endloop
  endfacet
  facet normal 0 0 1
    outer loop
      vertex 9.88074 0.905867 2.2
      vertex 7.804 0.349405 2.2
      vertex 7.82949 0.234425 2.2
    endloop
  endfacet
  facet normal 0 0 1
    outer loop
      vertex 9.78892 1.19707 2.2
      vertex 7.76858 0.461727 2.2
      vertex 7.804 0.349405 2.2
    endloop
  endfacet
  facet normal 0 0 1
    outer loop
      vertex 9.67208 1.47916 2.2
      vertex 7.72352 0.570534 2.2
      vertex 7.76858 0.461727 2.2
    endloop
  endfacet
  facet normal 0 0 1
    outer loop
      vertex 7.07053 1.22352 2.2
      vertex 7.97916 3.17208 2.2
      vertex 7.69707 3.28892 2.2
    endloop
  endfacet
  facet normal 0 0 1
    outer loop
      vertex 9.53109 1.75 2.2
      vertex 7.66913 0.674999 2.2
      vertex 7.72352 0.570534 2.2
    endloop
  endfacet
  facet normal 0 0 1
    outer loop
      vertex 9.36703 2.00752 2.2
      vertex 7.60585 0.774327 2.2
      vertex 7.66913 0.674999 2.2
    endloop
  endfacet
  facet normal 0 0 1
    outer loop
      vertex 9.18116 2.24976 2.2
      vertex 7.53416 0.867763 2.2
      vertex 7.60585 0.774327 2.2
    endloop
  endfacet
  facet normal 0 0 1
    outer loop
      vertex 8.97487 2.47487 2.2
      vertex 7.45459 0.954594 2.2
      vertex 7.53416 0.867763 2.2
    endloop
  endfacet
  facet normal 0 0 1
    outer loop
      vertex 6.96173 1.26858 2.2
      vertex 7.69707 3.28892 2.2
      vertex 7.40587 3.38074 2.2
    endloop
  endfacet
  facet normal 0 0 1
    outer loop
      vertex 8.74976 2.68116 2.2
      vertex 7.36776 1.03416 2.2
      vertex 7.45459 0.954594 2.2
    endloop
  endfacet
  facet normal 0 0 1
    outer loop
      vertex 8.50752 2.86703 2.2
      vertex 7.27433 1.10585 2.2
      vertex 7.36776 1.03416 2.2
    endloop
  endfacet
  facet normal 0 0 1
    outer loop
      vertex 8.25 3.03109 2.2
      vertex 7.175 1.16913 2.2
      vertex 7.27433 1.10585 2.2
    endloop
  endfacet
  facet normal 0 0 1
    outer loop
      vertex 6.84941 1.304 2.2
      vertex 7.40587 3.38074 2.2
      vertex 7.10777 3.44683 2.2
    endloop
  endfacet
  facet normal 0 0 1
    outer loop
      vertex 7.97916 3.17208 2.2
      vertex 7.07053 1.22352 2.2
      vertex 7.175 1.16913 2.2
    endloop
  endfacet
  facet normal 0 0 1
    outer loop
      vertex 7.69707 3.28892 2.2
      vertex 6.96173 1.26858 2.2
      vertex 7.07053 1.22352 2.2
    endloop
  endfacet
  facet normal 0 0 1
    outer loop
      vertex 7.40587 3.38074 2.2
      vertex 6.84941 1.304 2.2
      vertex 6.96173 1.26858 2.2
    endloop
  endfacet
  facet normal 0 0 1
    outer loop
      vertex 6.73442 1.32949 2.2
      vertex 7.10777 3.44683 2.2
      vertex 6.80504 3.48668 2.2
    endloop
  endfacet
  facet normal 0 0 1
    outer loop
      vertex 7.10777 3.44683 2.2
      vertex 6.73442 1.32949 2.2
      vertex 6.84941 1.304 2.2
    endloop
  endfacet
  facet normal 0 0 1
    outer loop
      vertex 6.80504 3.48668 2.2
      vertex 6.61766 1.34486 2.2
      vertex 6.73442 1.32949 2.2
    endloop
  endfacet
  facet normal 0 0 1
    outer loop
      vertex 6.5 3.5 2.2
      vertex 6.61766 1.34486 2.2
      vertex 6.80504 3.48668 2.2
    endloop
  endfacet
  facet normal 0 0 1
    outer loop
      vertex 6.5 3.5 2.2
      vertex 6.5 1.35 2.2
      vertex 6.61766 1.34486 2.2
    endloop
  endfacet
  facet normal 0 0 1
    outer loop
      vertex 6.5 3.5 2.2
      vertex 6.38234 1.34486 2.2
      vertex 6.5 1.35 2.2
    endloop
  endfacet
  facet normal 0 0 1
    outer loop
      vertex 6.5 3.5 2.2
      vertex 6.26557 1.32949 2.2
      vertex 6.38234 1.34486 2.2
    endloop
  endfacet
  facet normal 0 0 1
    outer loop
      vertex 6.5 3.5 2.2
      vertex 6.15059 1.304 2.2
      vertex 6.26557 1.32949 2.2
    endloop
  endfacet
  facet normal 0 0 1
    outer loop
      vertex 6.5 3.5 2.2
      vertex 6.03827 1.26858 2.2
      vertex 6.15059 1.304 2.2
    endloop
  endfacet
  facet normal 0 0 1
    outer loop
      vertex 6.5 3.5 2.2
      vertex 5.92947 1.22352 2.2
      vertex 6.03827 1.26858 2.2
    endloop
  endfacet
  facet normal 0 0 1
    outer loop
      vertex 6.5 3.5 2.2
      vertex 5.825 1.16913 2.2
      vertex 5.92947 1.22352 2.2
    endloop
  endfacet
  facet normal 0 0 1
    outer loop
      vertex 6.5 3.5 2.2
      vertex 5.72567 1.10585 2.2
      vertex 5.825 1.16913 2.2
    endloop
  endfacet
  facet normal 0 0 1
    outer loop
      vertex 6.5 3.5 2.2
      vertex 5.63224 1.03416 2.2
      vertex 5.72567 1.10585 2.2
    endloop
  endfacet
  facet normal 0 0 1
    outer loop
      vertex 6.5 3.5 2.2
      vertex 5.54541 0.954594 2.2
      vertex 5.63224 1.03416 2.2
    endloop
  endfacet
  facet normal -0 0 1
    outer loop
      vertex 0 3.5 2.2
      vertex 5.54541 0.954594 2.2
      vertex 6.5 3.5 2.2
    endloop
  endfacet
  facet normal 0 0 1
    outer loop
      vertex 5.54541 0.954594 2.2
      vertex 0 3.5 2.2
      vertex 5.46584 0.867763 2.2
    endloop
  endfacet
  facet normal 0 -0 1
    outer loop
      vertex 0.848528 0.848528 2.2
      vertex 5.46584 0.867763 2.2
      vertex 0 3.5 2.2
    endloop
  endfacet
  facet normal 0 -0 1
    outer loop
      vertex 0.919252 0.771344 2.2
      vertex 5.46584 0.867763 2.2
      vertex 0.848528 0.848528 2.2
    endloop
  endfacet
  facet normal 0 0 1
    outer loop
      vertex 5.15514 0.11766 2.2
      vertex 1.2 0 2.2
      vertex 5.15 0 2.2
    endloop
  endfacet
  facet normal 0 0 1
    outer loop
      vertex 1.19543 0.104587 2.2
      vertex 5.15514 0.11766 2.2
      vertex 5.17051 0.234425 2.2
    endloop
  endfacet
  facet normal -0 0 1
    outer loop
      vertex 1.15911 0.310582 2.2
      vertex 5.17051 0.234425 2.2
      vertex 5.196 0.349405 2.2
    endloop
  endfacet
  facet normal -0 0 1
    outer loop
      vertex 1.12763 0.410423 2.2
      vertex 5.196 0.349405 2.2
      vertex 5.23141 0.461727 2.2
    endloop
  endfacet
  facet normal -0 0 1
    outer loop
      vertex 1.08757 0.507141 2.2
      vertex 5.23141 0.461727 2.2
      vertex 5.27648 0.570534 2.2
    endloop
  endfacet
  facet normal 0 0 1
    outer loop
      vertex 5.46584 0.867763 2.2
      vertex 0.919252 0.771344 2.2
      vertex 5.39414 0.774327 2.2
    endloop
  endfacet
  facet normal 0 0 1
    outer loop
      vertex 5.15514 0.11766 2.2
      vertex 1.19543 0.104587 2.2
      vertex 1.2 0 2.2
    endloop
  endfacet
  facet normal 0 0 1
    outer loop
      vertex 5.17051 0.234425 2.2
      vertex 1.18177 0.208377 2.2
      vertex 1.19543 0.104587 2.2
    endloop
  endfacet
  facet normal 0 0 1
    outer loop
      vertex 5.17051 0.234425 2.2
      vertex 1.15911 0.310582 2.2
      vertex 1.18177 0.208377 2.2
    endloop
  endfacet
  facet normal 0 0 1
    outer loop
      vertex 5.196 0.349405 2.2
      vertex 1.12763 0.410423 2.2
      vertex 1.15911 0.310582 2.2
    endloop
  endfacet
  facet normal 0 0 1
    outer loop
      vertex 5.23141 0.461727 2.2
      vertex 1.08757 0.507141 2.2
      vertex 1.12763 0.410423 2.2
    endloop
  endfacet
  facet normal 0 0 1
    outer loop
      vertex 5.27648 0.570534 2.2
      vertex 1.03923 0.599999 2.2
      vertex 1.08757 0.507141 2.2
    endloop
  endfacet
  facet normal 0 0 1
    outer loop
      vertex 5.33086 0.674999 2.2
      vertex 1.03923 0.599999 2.2
      vertex 5.27648 0.570534 2.2
    endloop
  endfacet
  facet normal 0 -0 1
    outer loop
      vertex 1.03923 0.599999 2.2
      vertex 5.33086 0.674999 2.2
      vertex 0.982982 0.688292 2.2
    endloop
  endfacet
  facet normal 0 0 1
    outer loop
      vertex 5.39414 0.774327 2.2
      vertex 0.982982 0.688292 2.2
      vertex 5.33086 0.674999 2.2
    endloop
  endfacet
  facet normal 0 -0 1
    outer loop
      vertex 0.982982 0.688292 2.2
      vertex 5.39414 0.774327 2.2
      vertex 0.919252 0.771344 2.2
    endloop
  endfacet
  facet normal 0 0 1
    outer loop
      vertex 0.848528 0.848528 2.2
      vertex 0 3.5 2.2
      vertex 0.771344 0.919252 2.2
    endloop
  endfacet
  facet normal 0 0 1
    outer loop
      vertex 0.771344 0.919252 2.2
      vertex 0 3.5 2.2
      vertex 0.688292 0.982982 2.2
    endloop
  endfacet
  facet normal 0 0 1
    outer loop
      vertex 0.688292 0.982982 2.2
      vertex 0 3.5 2.2
      vertex 0.599999 1.03923 2.2
    endloop
  endfacet
  facet normal 0 0 1
    outer loop
      vertex 0.599999 1.03923 2.2
      vertex 0 3.5 2.2
      vertex 0.507141 1.08757 2.2
    endloop
  endfacet
  facet normal 0 0 1
    outer loop
      vertex 0.507141 1.08757 2.2
      vertex 0 3.5 2.2
      vertex 0.410423 1.12763 2.2
    endloop
  endfacet
  facet normal 0 0 1
    outer loop
      vertex 0.410423 1.12763 2.2
      vertex 0 3.5 2.2
      vertex 0.310582 1.15911 2.2
    endloop
  endfacet
  facet normal 0 0 1
    outer loop
      vertex 0.310582 1.15911 2.2
      vertex 0 3.5 2.2
      vertex 0.208377 1.18177 2.2
    endloop
  endfacet
  facet normal 0 0 1
    outer loop
      vertex 0.208377 1.18177 2.2
      vertex 0 3.5 2.2
      vertex 0.104587 1.19543 2.2
    endloop
  endfacet
  facet normal 0 0 1
    outer loop
      vertex 0 3.5 2.2
      vertex 0 1.2 2.2
      vertex 0.104587 1.19543 2.2
    endloop
  endfacet
  facet normal 0 0 1
    outer loop
      vertex 0 3.5 2.2
      vertex -0.104587 1.19543 2.2
      vertex 0 1.2 2.2
    endloop
  endfacet
  facet normal -0 0 1
    outer loop
      vertex -0.305044 3.48668 2.2
      vertex -0.104587 1.19543 2.2
      vertex 0 3.5 2.2
    endloop
  endfacet
  facet normal 0 0 1
    outer loop
      vertex -0.104587 1.19543 2.2
      vertex -0.305044 3.48668 2.2
      vertex -0.208377 1.18177 2.2
    endloop
  endfacet
  facet normal -0 0 1
    outer loop
      vertex -0.607768 3.44683 2.2
      vertex -0.208377 1.18177 2.2
      vertex -0.305044 3.48668 2.2
    endloop
  endfacet
  facet normal 0 0 1
    outer loop
      vertex -0.208377 1.18177 2.2
      vertex -0.607768 3.44683 2.2
      vertex -0.310582 1.15911 2.2
    endloop
  endfacet
  facet normal -0 0 1
    outer loop
      vertex -0.905867 3.38074 2.2
      vertex -0.310582 1.15911 2.2
      vertex -0.607768 3.44683 2.2
    endloop
  endfacet
  facet normal 0 0 1
    outer loop
      vertex -0.310582 1.15911 2.2
      vertex -0.905867 3.38074 2.2
      vertex -0.410423 1.12763 2.2
    endloop
  endfacet
  facet normal -0 0 1
    outer loop
      vertex -1.19707 3.28892 2.2
      vertex -0.410423 1.12763 2.2
      vertex -0.905867 3.38074 2.2
    endloop
  endfacet
  facet normal 0 0 1
    outer loop
      vertex -0.410423 1.12763 2.2
      vertex -1.19707 3.28892 2.2
      vertex -0.507141 1.08757 2.2
    endloop
  endfacet
  facet normal -0 0 1
    outer loop
      vertex -1.47916 3.17208 2.2
      vertex -0.507141 1.08757 2.2
      vertex -1.19707 3.28892 2.2
    endloop
  endfacet
  facet normal 0 0 1
    outer loop
      vertex -0.507141 1.08757 2.2
      vertex -1.47916 3.17208 2.2
      vertex -0.599999 1.03923 2.2
    endloop
  endfacet
  facet normal -0 0 1
    outer loop
      vertex -1.75 3.03109 2.2
      vertex -0.599999 1.03923 2.2
      vertex -1.47916 3.17208 2.2
    endloop
  endfacet
  facet normal 0 0 1
    outer loop
      vertex -0.599999 1.03923 2.2
      vertex -1.75 3.03109 2.2
      vertex -0.688292 0.982982 2.2
    endloop
  endfacet
  facet normal -0 0 1
    outer loop
      vertex -2.00752 2.86703 2.2
      vertex -0.688292 0.982982 2.2
      vertex -1.75 3.03109 2.2
    endloop
  endfacet
  facet normal 0 0 1
    outer loop
      vertex -0.688292 0.982982 2.2
      vertex -2.00752 2.86703 2.2
      vertex -0.771344 0.919252 2.2
    endloop
  endfacet
  facet normal -0 0 1
    outer loop
      vertex -2.24976 2.68116 2.2
      vertex -0.771344 0.919252 2.2
      vertex -2.00752 2.86703 2.2
    endloop
  endfacet
  facet normal 0 0 1
    outer loop
      vertex -0.771344 0.919252 2.2
      vertex -2.24976 2.68116 2.2
      vertex -0.848528 0.848528 2.2
    endloop
  endfacet
  facet normal -0 0 1
    outer loop
      vertex -2.47487 2.47487 2.2
      vertex -0.848528 0.848528 2.2
      vertex -2.24976 2.68116 2.2
    endloop
  endfacet
  facet normal 0 0 1
    outer loop
      vertex -0.848528 0.848528 2.2
      vertex -2.47487 2.47487 2.2
      vertex -0.919252 0.771344 2.2
    endloop
  endfacet
  facet normal -0 0 1
    outer loop
      vertex -2.68116 2.24976 2.2
      vertex -0.919252 0.771344 2.2
      vertex -2.47487 2.47487 2.2
    endloop
  endfacet
  facet normal 0 0 1
    outer loop
      vertex -0.919252 0.771344 2.2
      vertex -2.68116 2.24976 2.2
      vertex -0.982982 0.688292 2.2
    endloop
  endfacet
  facet normal -0 0 1
    outer loop
      vertex -2.86703 2.00752 2.2
      vertex -0.982982 0.688292 2.2
      vertex -2.68116 2.24976 2.2
    endloop
  endfacet
  facet normal 0 0 1
    outer loop
      vertex -0.982982 0.688292 2.2
      vertex -2.86703 2.00752 2.2
      vertex -1.03923 0.599999 2.2
    endloop
  endfacet
  facet normal -0 0 1
    outer loop
      vertex 7.60585 -0.774327 2.2
      vertex 9.36703 -2.00752 2.2
      vertex 7.66913 -0.674999 2.2
    endloop
  endfacet
  facet normal 0 0 1
    outer loop
      vertex 9.36703 -2.00752 2.2
      vertex 7.60585 -0.774327 2.2
      vertex 9.18116 -2.24976 2.2
    endloop
  endfacet
  facet normal -0 0 1
    outer loop
      vertex 7.53416 -0.867763 2.2
      vertex 9.18116 -2.24976 2.2
      vertex 7.60585 -0.774327 2.2
    endloop
  endfacet
  facet normal 0 0 1
    outer loop
      vertex 9.18116 -2.24976 2.2
      vertex 7.53416 -0.867763 2.2
      vertex 8.97487 -2.47487 2.2
    endloop
  endfacet
  facet normal -0 0 1
    outer loop
      vertex 7.45459 -0.954594 2.2
      vertex 8.97487 -2.47487 2.2
      vertex 7.53416 -0.867763 2.2
    endloop
  endfacet
  facet normal 0 0 1
    outer loop
      vertex 8.97487 -2.47487 2.2
      vertex 7.45459 -0.954594 2.2
      vertex 8.74976 -2.68116 2.2
    endloop
  endfacet
  facet normal -0 0 1
    outer loop
      vertex 7.36776 -1.03416 2.2
      vertex 8.74976 -2.68116 2.2
      vertex 7.45459 -0.954594 2.2
    endloop
  endfacet
  facet normal 0 0 1
    outer loop
      vertex 8.74976 -2.68116 2.2
      vertex 7.36776 -1.03416 2.2
      vertex 8.50752 -2.86703 2.2
    endloop
  endfacet
  facet normal -0 0 1
    outer loop
      vertex 7.27433 -1.10585 2.2
      vertex 8.50752 -2.86703 2.2
      vertex 7.36776 -1.03416 2.2
    endloop
  endfacet
  facet normal 0 0 1
    outer loop
      vertex 8.50752 -2.86703 2.2
      vertex 7.27433 -1.10585 2.2
      vertex 8.25 -3.03109 2.2
    endloop
  endfacet
  facet normal -0 0 1
    outer loop
      vertex 7.175 -1.16913 2.2
      vertex 8.25 -3.03109 2.2
      vertex 7.27433 -1.10585 2.2
    endloop
  endfacet
  facet normal 0 0 1
    outer loop
      vertex 8.25 -3.03109 2.2
      vertex 7.175 -1.16913 2.2
      vertex 7.97916 -3.17208 2.2
    endloop
  endfacet
  facet normal -0 0 1
    outer loop
      vertex 7.07053 -1.22352 2.2
      vertex 7.97916 -3.17208 2.2
      vertex 7.175 -1.16913 2.2
    endloop
  endfacet
  facet normal 0 0 1
    outer loop
      vertex 7.97916 -3.17208 2.2
      vertex 7.07053 -1.22352 2.2
      vertex 7.69707 -3.28892 2.2
    endloop
  endfacet
  facet normal -0 0 1
    outer loop
      vertex 6.96173 -1.26858 2.2
      vertex 7.69707 -3.28892 2.2
      vertex 7.07053 -1.22352 2.2
    endloop
  endfacet
  facet normal 0 0 1
    outer loop
      vertex 7.69707 -3.28892 2.2
      vertex 6.96173 -1.26858 2.2
      vertex 7.40587 -3.38074 2.2
    endloop
  endfacet
  facet normal -0 0 1
    outer loop
      vertex 6.84941 -1.304 2.2
      vertex 7.40587 -3.38074 2.2
      vertex 6.96173 -1.26858 2.2
    endloop
  endfacet
  facet normal 0 0 1
    outer loop
      vertex 7.40587 -3.38074 2.2
      vertex 6.84941 -1.304 2.2
      vertex 7.10777 -3.44683 2.2
    endloop
  endfacet
  facet normal -0 0 1
    outer loop
      vertex 6.73442 -1.32949 2.2
      vertex 7.10777 -3.44683 2.2
      vertex 6.84941 -1.304 2.2
    endloop
  endfacet
  facet normal 0 0 1
    outer loop
      vertex 7.10777 -3.44683 2.2
      vertex 6.73442 -1.32949 2.2
      vertex 6.80504 -3.48668 2.2
    endloop
  endfacet
  facet normal -0 0 1
    outer loop
      vertex 6.61766 -1.34486 2.2
      vertex 6.80504 -3.48668 2.2
      vertex 6.73442 -1.32949 2.2
    endloop
  endfacet
  facet normal -0 0 1
    outer loop
      vertex 6.5 -1.35 2.2
      vertex 6.80504 -3.48668 2.2
      vertex 6.61766 -1.34486 2.2
    endloop
  endfacet
  facet normal 0 0 1
    outer loop
      vertex 6.5 -1.35 2.2
      vertex 6.5 -3.5 2.2
      vertex 6.80504 -3.48668 2.2
    endloop
  endfacet
  facet normal 0 0 1
    outer loop
      vertex 6.38234 -1.34486 2.2
      vertex 6.5 -3.5 2.2
      vertex 6.5 -1.35 2.2
    endloop
  endfacet
  facet normal 0 0 1
    outer loop
      vertex 6.26557 -1.32949 2.2
      vertex 6.5 -3.5 2.2
      vertex 6.38234 -1.34486 2.2
    endloop
  endfacet
  facet normal 0 0 1
    outer loop
      vertex 6.15059 -1.304 2.2
      vertex 6.5 -3.5 2.2
      vertex 6.26557 -1.32949 2.2
    endloop
  endfacet
  facet normal 0 0 1
    outer loop
      vertex 6.03827 -1.26858 2.2
      vertex 6.5 -3.5 2.2
      vertex 6.15059 -1.304 2.2
    endloop
  endfacet
  facet normal 0 0 1
    outer loop
      vertex 5.92947 -1.22352 2.2
      vertex 6.5 -3.5 2.2
      vertex 6.03827 -1.26858 2.2
    endloop
  endfacet
  facet normal 0 0 1
    outer loop
      vertex 5.825 -1.16913 2.2
      vertex 6.5 -3.5 2.2
      vertex 5.92947 -1.22352 2.2
    endloop
  endfacet
  facet normal 0 0 1
    outer loop
      vertex 5.72567 -1.10585 2.2
      vertex 6.5 -3.5 2.2
      vertex 5.825 -1.16913 2.2
    endloop
  endfacet
  facet normal 0 0 1
    outer loop
      vertex 5.63224 -1.03416 2.2
      vertex 6.5 -3.5 2.2
      vertex 5.72567 -1.10585 2.2
    endloop
  endfacet
  facet normal 0 0 1
    outer loop
      vertex 5.54541 -0.954594 2.2
      vertex 6.5 -3.5 2.2
      vertex 5.63224 -1.03416 2.2
    endloop
  endfacet
  facet normal 0 0 1
    outer loop
      vertex 0 -3.5 2.2
      vertex 5.54541 -0.954594 2.2
      vertex 5.46584 -0.867763 2.2
    endloop
  endfacet
  facet normal 0 0 1
    outer loop
      vertex 0.919252 -0.771344 2.2
      vertex 5.46584 -0.867763 2.2
      vertex 5.39414 -0.774327 2.2
    endloop
  endfacet
  facet normal -0 0 1
    outer loop
      vertex 0.982982 -0.688292 2.2
      vertex 5.39414 -0.774327 2.2
      vertex 5.33086 -0.674999 2.2
    endloop
  endfacet
  facet normal -0 0 1
    outer loop
      vertex 1.03923 -0.599999 2.2
      vertex 5.33086 -0.674999 2.2
      vertex 5.27648 -0.570534 2.2
    endloop
  endfacet
  facet normal -0 0 1
    outer loop
      vertex 1.2 0 2.2
      vertex 5.15514 -0.11766 2.2
      vertex 5.15 0 2.2
    endloop
  endfacet
  facet normal -0 0 1
    outer loop
      vertex 1.19543 -0.104587 2.2
      vertex 5.15514 -0.11766 2.2
      vertex 1.2 0 2.2
    endloop
  endfacet
  facet normal 0 0 1
    outer loop
      vertex 5.15514 -0.11766 2.2
      vertex 1.19543 -0.104587 2.2
      vertex 5.17051 -0.234425 2.2
    endloop
  endfacet
  facet normal -0 0 1
    outer loop
      vertex 1.18177 -0.208377 2.2
      vertex 5.17051 -0.234425 2.2
      vertex 1.19543 -0.104587 2.2
    endloop
  endfacet
  facet normal 0 0 1
    outer loop
      vertex 1.15911 -0.310582 2.2
      vertex 5.17051 -0.234425 2.2
      vertex 1.18177 -0.208377 2.2
    endloop
  endfacet
  facet normal 0 0 1
    outer loop
      vertex 5.17051 -0.234425 2.2
      vertex 1.15911 -0.310582 2.2
      vertex 5.196 -0.349405 2.2
    endloop
  endfacet
  facet normal 0 0 1
    outer loop
      vertex 1.12763 -0.410423 2.2
      vertex 5.196 -0.349405 2.2
      vertex 1.15911 -0.310582 2.2
    endloop
  endfacet
  facet normal 0 0 1
    outer loop
      vertex 5.196 -0.349405 2.2
      vertex 1.12763 -0.410423 2.2
      vertex 5.23141 -0.461727 2.2
    endloop
  endfacet
  facet normal 0 0 1
    outer loop
      vertex 1.08757 -0.507141 2.2
      vertex 5.23141 -0.461727 2.2
      vertex 1.12763 -0.410423 2.2
    endloop
  endfacet
  facet normal 0 0 1
    outer loop
      vertex 5.23141 -0.461727 2.2
      vertex 1.08757 -0.507141 2.2
      vertex 5.27648 -0.570534 2.2
    endloop
  endfacet
  facet normal 0 0 1
    outer loop
      vertex 1.03923 -0.599999 2.2
      vertex 5.27648 -0.570534 2.2
      vertex 1.08757 -0.507141 2.2
    endloop
  endfacet
  facet normal 0 0 1
    outer loop
      vertex 5.33086 -0.674999 2.2
      vertex 1.03923 -0.599999 2.2
      vertex 0.982982 -0.688292 2.2
    endloop
  endfacet
  facet normal 0 0 1
    outer loop
      vertex 5.39414 -0.774327 2.2
      vertex 0.982982 -0.688292 2.2
      vertex 0.919252 -0.771344 2.2
    endloop
  endfacet
  facet normal 0 0 1
    outer loop
      vertex 5.46584 -0.867763 2.2
      vertex 0.919252 -0.771344 2.2
      vertex 0.848528 -0.848528 2.2
    endloop
  endfacet
  facet normal 0 0 1
    outer loop
      vertex 5.46584 -0.867763 2.2
      vertex 0.848528 -0.848528 2.2
      vertex 0 -3.5 2.2
    endloop
  endfacet
  facet normal 0 0 1
    outer loop
      vertex 0 -3.5 2.2
      vertex 0.848528 -0.848528 2.2
      vertex 0.771344 -0.919252 2.2
    endloop
  endfacet
  facet normal 0 0 1
    outer loop
      vertex 0 -3.5 2.2
      vertex 0.771344 -0.919252 2.2
      vertex 0.688292 -0.982982 2.2
    endloop
  endfacet
  facet normal 0 0 1
    outer loop
      vertex 0 -3.5 2.2
      vertex 0.688292 -0.982982 2.2
      vertex 0.599999 -1.03923 2.2
    endloop
  endfacet
  facet normal 0 0 1
    outer loop
      vertex 0 -3.5 2.2
      vertex 0.599999 -1.03923 2.2
      vertex 0.507141 -1.08757 2.2
    endloop
  endfacet
  facet normal 0 0 1
    outer loop
      vertex 0 -3.5 2.2
      vertex 0.507141 -1.08757 2.2
      vertex 0.410423 -1.12763 2.2
    endloop
  endfacet
  facet normal 0 0 1
    outer loop
      vertex 0 -3.5 2.2
      vertex 0.410423 -1.12763 2.2
      vertex 0.310582 -1.15911 2.2
    endloop
  endfacet
  facet normal 0 0 1
    outer loop
      vertex 0 -3.5 2.2
      vertex 0.310582 -1.15911 2.2
      vertex 0.208377 -1.18177 2.2
    endloop
  endfacet
  facet normal 0 0 1
    outer loop
      vertex 0 -3.5 2.2
      vertex 0.208377 -1.18177 2.2
      vertex 0.104587 -1.19543 2.2
    endloop
  endfacet
  facet normal 0 0 1
    outer loop
      vertex 0 -3.5 2.2
      vertex 0.104587 -1.19543 2.2
      vertex 0 -1.2 2.2
    endloop
  endfacet
  facet normal 0 0 1
    outer loop
      vertex 5.54541 -0.954594 2.2
      vertex 0 -3.5 2.2
      vertex 6.5 -3.5 2.2
    endloop
  endfacet
  facet normal 0 0 1
    outer loop
      vertex -0.104587 -1.19543 2.2
      vertex 0 -3.5 2.2
      vertex 0 -1.2 2.2
    endloop
  endfacet
  facet normal 0 0 1
    outer loop
      vertex -0.305044 -3.48668 2.2
      vertex -0.104587 -1.19543 2.2
      vertex -0.208377 -1.18177 2.2
    endloop
  endfacet
  facet normal 0 0 1
    outer loop
      vertex -0.104587 -1.19543 2.2
      vertex -0.305044 -3.48668 2.2
      vertex 0 -3.5 2.2
    endloop
  endfacet
  facet normal 0 0 1
    outer loop
      vertex -0.607768 -3.44683 2.2
      vertex -0.208377 -1.18177 2.2
      vertex -0.310582 -1.15911 2.2
    endloop
  endfacet
  facet normal 0 0 1
    outer loop
      vertex -0.905867 -3.38074 2.2
      vertex -0.310582 -1.15911 2.2
      vertex -0.410423 -1.12763 2.2
    endloop
  endfacet
  facet normal 0 0 1
    outer loop
      vertex -1.19707 -3.28892 2.2
      vertex -0.410423 -1.12763 2.2
      vertex -0.507141 -1.08757 2.2
    endloop
  endfacet
  facet normal 0 0 1
    outer loop
      vertex -1.47916 -3.17208 2.2
      vertex -0.507141 -1.08757 2.2
      vertex -0.599999 -1.03923 2.2
    endloop
  endfacet
  facet normal 0 0 1
    outer loop
      vertex -0.208377 -1.18177 2.2
      vertex -0.607768 -3.44683 2.2
      vertex -0.305044 -3.48668 2.2
    endloop
  endfacet
  facet normal 0 0 1
    outer loop
      vertex -1.75 -3.03109 2.2
      vertex -0.599999 -1.03923 2.2
      vertex -0.688292 -0.982982 2.2
    endloop
  endfacet
  facet normal 0 0 1
    outer loop
      vertex -2.00752 -2.86703 2.2
      vertex -0.688292 -0.982982 2.2
      vertex -0.771344 -0.919252 2.2
    endloop
  endfacet
  facet normal 0 0 1
    outer loop
      vertex -2.24976 -2.68116 2.2
      vertex -0.771344 -0.919252 2.2
      vertex -0.848528 -0.848528 2.2
    endloop
  endfacet
  facet normal 0 0 1
    outer loop
      vertex -0.310582 -1.15911 2.2
      vertex -0.905867 -3.38074 2.2
      vertex -0.607768 -3.44683 2.2
    endloop
  endfacet
  facet normal 0 0 1
    outer loop
      vertex -2.47487 -2.47487 2.2
      vertex -0.848528 -0.848528 2.2
      vertex -0.919252 -0.771344 2.2
    endloop
  endfacet
  facet normal 0 0 1
    outer loop
      vertex -2.68116 -2.24976 2.2
      vertex -0.919252 -0.771344 2.2
      vertex -0.982982 -0.688292 2.2
    endloop
  endfacet
  facet normal 0 0 1
    outer loop
      vertex -2.86703 -2.00752 2.2
      vertex -0.982982 -0.688292 2.2
      vertex -1.03923 -0.599999 2.2
    endloop
  endfacet
  facet normal 0 0 1
    outer loop
      vertex -3.03109 -1.75 2.2
      vertex -1.03923 -0.599999 2.2
      vertex -1.08757 -0.507141 2.2
    endloop
  endfacet
  facet normal 0 0 1
    outer loop
      vertex -3.17208 -1.47916 2.2
      vertex -1.08757 -0.507141 2.2
      vertex -1.12763 -0.410423 2.2
    endloop
  endfacet
  facet normal 0 0 1
    outer loop
      vertex -3.28892 -1.19707 2.2
      vertex -1.12763 -0.410423 2.2
      vertex -1.15911 -0.310582 2.2
    endloop
  endfacet
  facet normal 0 0 1
    outer loop
      vertex -3.38074 -0.905867 2.2
      vertex -1.15911 -0.310582 2.2
      vertex -1.18177 -0.208377 2.2
    endloop
  endfacet
  facet normal 0 0 1
    outer loop
      vertex -3.44683 -0.607768 2.2
      vertex -1.18177 -0.208377 2.2
      vertex -1.19543 -0.104587 2.2
    endloop
  endfacet
  facet normal 0 0 1
    outer loop
      vertex -0.410423 -1.12763 2.2
      vertex -1.19707 -3.28892 2.2
      vertex -0.905867 -3.38074 2.2
    endloop
  endfacet
  facet normal 0 0 1
    outer loop
      vertex -3.48668 -0.305044 2.2
      vertex -1.19543 -0.104587 2.2
      vertex -1.2 0 2.2
    endloop
  endfacet
  facet normal -0 0 1
    outer loop
      vertex -3.03109 1.75 2.2
      vertex -1.03923 0.599999 2.2
      vertex -2.86703 2.00752 2.2
    endloop
  endfacet
  facet normal 0 0 1
    outer loop
      vertex -0.507141 -1.08757 2.2
      vertex -1.47916 -3.17208 2.2
      vertex -1.19707 -3.28892 2.2
    endloop
  endfacet
  facet normal 0 0 1
    outer loop
      vertex -1.03923 0.599999 2.2
      vertex -3.03109 1.75 2.2
      vertex -1.08757 0.507141 2.2
    endloop
  endfacet
  facet normal 0 0 1
    outer loop
      vertex -0.599999 -1.03923 2.2
      vertex -1.75 -3.03109 2.2
      vertex -1.47916 -3.17208 2.2
    endloop
  endfacet
  facet normal -0 0 1
    outer loop
      vertex -3.17208 1.47916 2.2
      vertex -1.08757 0.507141 2.2
      vertex -3.03109 1.75 2.2
    endloop
  endfacet
  facet normal 0 0 1
    outer loop
      vertex -0.688292 -0.982982 2.2
      vertex -2.00752 -2.86703 2.2
      vertex -1.75 -3.03109 2.2
    endloop
  endfacet
  facet normal 0 0 1
    outer loop
      vertex -1.08757 0.507141 2.2
      vertex -3.17208 1.47916 2.2
      vertex -1.12763 0.410423 2.2
    endloop
  endfacet
  facet normal 0 0 1
    outer loop
      vertex -0.771344 -0.919252 2.2
      vertex -2.24976 -2.68116 2.2
      vertex -2.00752 -2.86703 2.2
    endloop
  endfacet
  facet normal -0 0 1
    outer loop
      vertex -3.28892 1.19707 2.2
      vertex -1.12763 0.410423 2.2
      vertex -3.17208 1.47916 2.2
    endloop
  endfacet
  facet normal 0 0 1
    outer loop
      vertex -0.848528 -0.848528 2.2
      vertex -2.47487 -2.47487 2.2
      vertex -2.24976 -2.68116 2.2
    endloop
  endfacet
  facet normal 0 0 1
    outer loop
      vertex -1.12763 0.410423 2.2
      vertex -3.28892 1.19707 2.2
      vertex -1.15911 0.310582 2.2
    endloop
  endfacet
  facet normal 0 0 1
    outer loop
      vertex -0.919252 -0.771344 2.2
      vertex -2.68116 -2.24976 2.2
      vertex -2.47487 -2.47487 2.2
    endloop
  endfacet
  facet normal -0 0 1
    outer loop
      vertex -3.38074 0.905867 2.2
      vertex -1.15911 0.310582 2.2
      vertex -3.28892 1.19707 2.2
    endloop
  endfacet
  facet normal 0 0 1
    outer loop
      vertex -0.982982 -0.688292 2.2
      vertex -2.86703 -2.00752 2.2
      vertex -2.68116 -2.24976 2.2
    endloop
  endfacet
  facet normal 0 0 1
    outer loop
      vertex -1.15911 0.310582 2.2
      vertex -3.38074 0.905867 2.2
      vertex -1.18177 0.208377 2.2
    endloop
  endfacet
  facet normal 0 0 1
    outer loop
      vertex -1.03923 -0.599999 2.2
      vertex -3.03109 -1.75 2.2
      vertex -2.86703 -2.00752 2.2
    endloop
  endfacet
  facet normal -0 0 1
    outer loop
      vertex -3.44683 0.607768 2.2
      vertex -1.18177 0.208377 2.2
      vertex -3.38074 0.905867 2.2
    endloop
  endfacet
  facet normal 0 0 1
    outer loop
      vertex -1.08757 -0.507141 2.2
      vertex -3.17208 -1.47916 2.2
      vertex -3.03109 -1.75 2.2
    endloop
  endfacet
  facet normal 0 0 1
    outer loop
      vertex -1.18177 0.208377 2.2
      vertex -3.44683 0.607768 2.2
      vertex -1.19543 0.104587 2.2
    endloop
  endfacet
  facet normal 0 0 1
    outer loop
      vertex -1.12763 -0.410423 2.2
      vertex -3.28892 -1.19707 2.2
      vertex -3.17208 -1.47916 2.2
    endloop
  endfacet
  facet normal -0 0 1
    outer loop
      vertex -3.48668 0.305044 2.2
      vertex -1.19543 0.104587 2.2
      vertex -3.44683 0.607768 2.2
    endloop
  endfacet
  facet normal 0 0 1
    outer loop
      vertex -1.15911 -0.310582 2.2
      vertex -3.38074 -0.905867 2.2
      vertex -3.28892 -1.19707 2.2
    endloop
  endfacet
  facet normal 0 0 1
    outer loop
      vertex -1.19543 0.104587 2.2
      vertex -3.48668 0.305044 2.2
      vertex -1.2 0 2.2
    endloop
  endfacet
  facet normal 0 0 1
    outer loop
      vertex -1.18177 -0.208377 2.2
      vertex -3.44683 -0.607768 2.2
      vertex -3.38074 -0.905867 2.2
    endloop
  endfacet
  facet normal 0 0 1
    outer loop
      vertex -3.5 0 2.2
      vertex -1.2 0 2.2
      vertex -3.48668 0.305044 2.2
    endloop
  endfacet
  facet normal 0 0 1
    outer loop
      vertex -1.19543 -0.104587 2.2
      vertex -3.48668 -0.305044 2.2
      vertex -3.44683 -0.607768 2.2
    endloop
  endfacet
  facet normal 0 0 1
    outer loop
      vertex -1.2 0 2.2
      vertex -3.5 0 2.2
      vertex -3.48668 -0.305044 2.2
    endloop
  endfacet
  facet normal 0.793365 -0.608746 0
    outer loop
      vertex 9.18116 -2.24976 2.2
      vertex 9.36703 -2.00752 0
      vertex 9.36703 -2.00752 2.2
    endloop
  endfacet
  facet normal 0.793365 -0.608746 0
    outer loop
      vertex 9.36703 -2.00752 0
      vertex 9.18116 -2.24976 2.2
      vertex 9.18116 -2.24976 0
    endloop
  endfacet
  facet normal 0.793365 0.608746 0
    outer loop
      vertex 9.36703 2.00752 2.2
      vertex 9.18116 2.24976 0
      vertex 9.18116 2.24976 2.2
    endloop
  endfacet
  facet normal 0.793365 0.608746 0
    outer loop
      vertex 9.18116 2.24976 0
      vertex 9.36703 2.00752 2.2
      vertex 9.36703 2.00752 0
    endloop
  endfacet
  facet normal 0 0 -1
    outer loop
      vertex 7.85 0 0
      vertex 10 0 0
      vertex 9.98668 -0.305044 0
    endloop
  endfacet
  facet normal 0 0 -1
    outer loop
      vertex 7.84486 -0.11766 0
      vertex 9.98668 -0.305044 0
      vertex 9.94683 -0.607768 0
    endloop
  endfacet
  facet normal 0 0 -1
    outer loop
      vertex 10 0 0
      vertex 7.85 0 0
      vertex 9.98668 0.305044 0
    endloop
  endfacet
  facet normal 0 0 -1
    outer loop
      vertex 7.82949 -0.234425 0
      vertex 9.94683 -0.607768 0
      vertex 9.88074 -0.905867 0
    endloop
  endfacet
  facet normal 0 0 -1
    outer loop
      vertex 7.84486 0.11766 0
      vertex 9.98668 0.305044 0
      vertex 7.85 0 0
    endloop
  endfacet
  facet normal 0 0 -1
    outer loop
      vertex 7.804 -0.349405 0
      vertex 9.88074 -0.905867 0
      vertex 9.78892 -1.19707 0
    endloop
  endfacet
  facet normal -0 0 -1
    outer loop
      vertex 9.98668 0.305044 0
      vertex 7.84486 0.11766 0
      vertex 9.94683 0.607768 0
    endloop
  endfacet
  facet normal 0 0 -1
    outer loop
      vertex 7.76858 -0.461727 0
      vertex 9.78892 -1.19707 0
      vertex 9.67208 -1.47916 0
    endloop
  endfacet
  facet normal 0 0 -1
    outer loop
      vertex 7.82949 0.234425 0
      vertex 9.94683 0.607768 0
      vertex 7.84486 0.11766 0
    endloop
  endfacet
  facet normal 0 0 -1
    outer loop
      vertex 7.72352 -0.570534 0
      vertex 9.67208 -1.47916 0
      vertex 9.53109 -1.75 0
    endloop
  endfacet
  facet normal -0 0 -1
    outer loop
      vertex 9.94683 0.607768 0
      vertex 7.82949 0.234425 0
      vertex 9.88074 0.905867 0
    endloop
  endfacet
  facet normal 0 0 -1
    outer loop
      vertex 7.66913 -0.674999 0
      vertex 9.53109 -1.75 0
      vertex 9.36703 -2.00752 0
    endloop
  endfacet
  facet normal 0 0 -1
    outer loop
      vertex 7.804 0.349405 0
      vertex 9.88074 0.905867 0
      vertex 7.82949 0.234425 0
    endloop
  endfacet
  facet normal 0 0 -1
    outer loop
      vertex 7.60585 -0.774327 0
      vertex 9.36703 -2.00752 0
      vertex 9.18116 -2.24976 0
    endloop
  endfacet
  facet normal -0 0 -1
    outer loop
      vertex 9.88074 0.905867 0
      vertex 7.804 0.349405 0
      vertex 9.78892 1.19707 0
    endloop
  endfacet
  facet normal 0 0 -1
    outer loop
      vertex 7.53416 -0.867763 0
      vertex 9.18116 -2.24976 0
      vertex 8.97487 -2.47487 0
    endloop
  endfacet
  facet normal 0 0 -1
    outer loop
      vertex 7.76858 0.461727 0
      vertex 9.78892 1.19707 0
      vertex 7.804 0.349405 0
    endloop
  endfacet
  facet normal 0 0 -1
    outer loop
      vertex 7.45459 -0.954594 0
      vertex 8.97487 -2.47487 0
      vertex 8.74976 -2.68116 0
    endloop
  endfacet
  facet normal -0 0 -1
    outer loop
      vertex 9.78892 1.19707 0
      vertex 7.76858 0.461727 0
      vertex 9.67208 1.47916 0
    endloop
  endfacet
  facet normal 0 0 -1
    outer loop
      vertex 7.36776 -1.03416 0
      vertex 8.74976 -2.68116 0
      vertex 8.50752 -2.86703 0
    endloop
  endfacet
  facet normal 0 0 -1
    outer loop
      vertex 7.72352 0.570534 0
      vertex 9.67208 1.47916 0
      vertex 7.76858 0.461727 0
    endloop
  endfacet
  facet normal 0 0 -1
    outer loop
      vertex 7.27433 -1.10585 0
      vertex 8.50752 -2.86703 0
      vertex 8.25 -3.03109 0
    endloop
  endfacet
  facet normal -0 0 -1
    outer loop
      vertex 9.67208 1.47916 0
      vertex 7.72352 0.570534 0
      vertex 9.53109 1.75 0
    endloop
  endfacet
  facet normal 0 0 -1
    outer loop
      vertex 7.175 -1.16913 0
      vertex 8.25 -3.03109 0
      vertex 7.97916 -3.17208 0
    endloop
  endfacet
  facet normal 0 0 -1
    outer loop
      vertex 7.66913 0.674999 0
      vertex 9.53109 1.75 0
      vertex 7.72352 0.570534 0
    endloop
  endfacet
  facet normal -0 0 -1
    outer loop
      vertex 9.53109 1.75 0
      vertex 7.66913 0.674999 0
      vertex 9.36703 2.00752 0
    endloop
  endfacet
  facet normal 0 0 -1
    outer loop
      vertex 9.98668 -0.305044 0
      vertex 7.84486 -0.11766 0
      vertex 7.85 0 0
    endloop
  endfacet
  facet normal 0 0 -1
    outer loop
      vertex 9.94683 -0.607768 0
      vertex 7.82949 -0.234425 0
      vertex 7.84486 -0.11766 0
    endloop
  endfacet
  facet normal 0 0 -1
    outer loop
      vertex 9.88074 -0.905867 0
      vertex 7.804 -0.349405 0
      vertex 7.82949 -0.234425 0
    endloop
  endfacet
  facet normal 0 0 -1
    outer loop
      vertex 9.78892 -1.19707 0
      vertex 7.76858 -0.461727 0
      vertex 7.804 -0.349405 0
    endloop
  endfacet
  facet normal 0 0 -1
    outer loop
      vertex 9.67208 -1.47916 0
      vertex 7.72352 -0.570534 0
      vertex 7.76858 -0.461727 0
    endloop
  endfacet
  facet normal 0 0 -1
    outer loop
      vertex 7.07053 -1.22352 0
      vertex 7.97916 -3.17208 0
      vertex 7.69707 -3.28892 0
    endloop
  endfacet
  facet normal 0 0 -1
    outer loop
      vertex 9.53109 -1.75 0
      vertex 7.66913 -0.674999 0
      vertex 7.72352 -0.570534 0
    endloop
  endfacet
  facet normal 0 0 -1
    outer loop
      vertex 9.36703 -2.00752 0
      vertex 7.60585 -0.774327 0
      vertex 7.66913 -0.674999 0
    endloop
  endfacet
  facet normal 0 0 -1
    outer loop
      vertex 9.18116 -2.24976 0
      vertex 7.53416 -0.867763 0
      vertex 7.60585 -0.774327 0
    endloop
  endfacet
  facet normal 0 0 -1
    outer loop
      vertex 8.97487 -2.47487 0
      vertex 7.45459 -0.954594 0
      vertex 7.53416 -0.867763 0
    endloop
  endfacet
  facet normal 0 0 -1
    outer loop
      vertex 6.96173 -1.26858 0
      vertex 7.69707 -3.28892 0
      vertex 7.40587 -3.38074 0
    endloop
  endfacet
  facet normal 0 0 -1
    outer loop
      vertex 8.74976 -2.68116 0
      vertex 7.36776 -1.03416 0
      vertex 7.45459 -0.954594 0
    endloop
  endfacet
  facet normal 0 0 -1
    outer loop
      vertex 8.50752 -2.86703 0
      vertex 7.27433 -1.10585 0
      vertex 7.36776 -1.03416 0
    endloop
  endfacet
  facet normal 0 0 -1
    outer loop
      vertex 8.25 -3.03109 0
      vertex 7.175 -1.16913 0
      vertex 7.27433 -1.10585 0
    endloop
  endfacet
  facet normal 0 0 -1
    outer loop
      vertex 6.84941 -1.304 0
      vertex 7.40587 -3.38074 0
      vertex 7.10777 -3.44683 0
    endloop
  endfacet
  facet normal 0 0 -1
    outer loop
      vertex 7.97916 -3.17208 0
      vertex 7.07053 -1.22352 0
      vertex 7.175 -1.16913 0
    endloop
  endfacet
  facet normal 0 0 -1
    outer loop
      vertex 7.69707 -3.28892 0
      vertex 6.96173 -1.26858 0
      vertex 7.07053 -1.22352 0
    endloop
  endfacet
  facet normal 0 0 -1
    outer loop
      vertex 7.40587 -3.38074 0
      vertex 6.84941 -1.304 0
      vertex 6.96173 -1.26858 0
    endloop
  endfacet
  facet normal 0 0 -1
    outer loop
      vertex 6.73442 -1.32949 0
      vertex 7.10777 -3.44683 0
      vertex 6.80504 -3.48668 0
    endloop
  endfacet
  facet normal 0 0 -1
    outer loop
      vertex 7.10777 -3.44683 0
      vertex 6.73442 -1.32949 0
      vertex 6.84941 -1.304 0
    endloop
  endfacet
  facet normal 0 0 -1
    outer loop
      vertex 6.80504 -3.48668 0
      vertex 6.61766 -1.34486 0
      vertex 6.73442 -1.32949 0
    endloop
  endfacet
  facet normal 0 0 -1
    outer loop
      vertex 6.5 -3.5 0
      vertex 6.61766 -1.34486 0
      vertex 6.80504 -3.48668 0
    endloop
  endfacet
  facet normal 0 0 -1
    outer loop
      vertex 6.5 -3.5 0
      vertex 6.5 -1.35 0
      vertex 6.61766 -1.34486 0
    endloop
  endfacet
  facet normal 0 0 -1
    outer loop
      vertex 6.5 -3.5 0
      vertex 6.38234 -1.34486 0
      vertex 6.5 -1.35 0
    endloop
  endfacet
  facet normal 0 0 -1
    outer loop
      vertex 6.5 -3.5 0
      vertex 6.26557 -1.32949 0
      vertex 6.38234 -1.34486 0
    endloop
  endfacet
  facet normal 0 0 -1
    outer loop
      vertex 6.5 -3.5 0
      vertex 6.15059 -1.304 0
      vertex 6.26557 -1.32949 0
    endloop
  endfacet
  facet normal 0 0 -1
    outer loop
      vertex 6.5 -3.5 0
      vertex 6.03827 -1.26858 0
      vertex 6.15059 -1.304 0
    endloop
  endfacet
  facet normal 0 0 -1
    outer loop
      vertex 6.5 -3.5 0
      vertex 5.92947 -1.22352 0
      vertex 6.03827 -1.26858 0
    endloop
  endfacet
  facet normal 0 0 -1
    outer loop
      vertex 6.5 -3.5 0
      vertex 5.825 -1.16913 0
      vertex 5.92947 -1.22352 0
    endloop
  endfacet
  facet normal 0 0 -1
    outer loop
      vertex 6.5 -3.5 0
      vertex 5.72567 -1.10585 0
      vertex 5.825 -1.16913 0
    endloop
  endfacet
  facet normal 0 0 -1
    outer loop
      vertex 6.5 -3.5 0
      vertex 5.63224 -1.03416 0
      vertex 5.72567 -1.10585 0
    endloop
  endfacet
  facet normal 0 0 -1
    outer loop
      vertex 6.5 -3.5 0
      vertex 5.54541 -0.954594 0
      vertex 5.63224 -1.03416 0
    endloop
  endfacet
  facet normal 0 0 -1
    outer loop
      vertex 0 -3.5 0
      vertex 5.54541 -0.954594 0
      vertex 6.5 -3.5 0
    endloop
  endfacet
  facet normal -0 0 -1
    outer loop
      vertex 5.54541 -0.954594 0
      vertex 0 -3.5 0
      vertex 5.46584 -0.867763 0
    endloop
  endfacet
  facet normal 0 -0 -1
    outer loop
      vertex 0.848528 -0.848528 0
      vertex 5.46584 -0.867763 0
      vertex 0 -3.5 0
    endloop
  endfacet
  facet normal 0 -0 -1
    outer loop
      vertex 0.919252 -0.771344 0
      vertex 5.46584 -0.867763 0
      vertex 0.848528 -0.848528 0
    endloop
  endfacet
  facet normal 0 0 -1
    outer loop
      vertex 5.15514 -0.11766 0
      vertex 1.2 0 0
      vertex 5.15 0 0
    endloop
  endfacet
  facet normal 0 0 -1
    outer loop
      vertex 1.19543 -0.104587 0
      vertex 5.15514 -0.11766 0
      vertex 5.17051 -0.234425 0
    endloop
  endfacet
  facet normal 0 0 -1
    outer loop
      vertex 1.15911 -0.310582 0
      vertex 5.17051 -0.234425 0
      vertex 5.196 -0.349405 0
    endloop
  endfacet
  facet normal 0 0 -1
    outer loop
      vertex 1.12763 -0.410423 0
      vertex 5.196 -0.349405 0
      vertex 5.23141 -0.461727 0
    endloop
  endfacet
  facet normal 0 0 -1
    outer loop
      vertex 1.08757 -0.507141 0
      vertex 5.23141 -0.461727 0
      vertex 5.27648 -0.570534 0
    endloop
  endfacet
  facet normal 0 0 -1
    outer loop
      vertex 5.46584 -0.867763 0
      vertex 0.919252 -0.771344 0
      vertex 5.39414 -0.774327 0
    endloop
  endfacet
  facet normal 0 0 -1
    outer loop
      vertex 5.15514 -0.11766 0
      vertex 1.19543 -0.104587 0
      vertex 1.2 0 0
    endloop
  endfacet
  facet normal 0 0 -1
    outer loop
      vertex 5.17051 -0.234425 0
      vertex 1.18177 -0.208377 0
      vertex 1.19543 -0.104587 0
    endloop
  endfacet
  facet normal -0 0 -1
    outer loop
      vertex 5.17051 -0.234425 0
      vertex 1.15911 -0.310582 0
      vertex 1.18177 -0.208377 0
    endloop
  endfacet
  facet normal -0 0 -1
    outer loop
      vertex 5.196 -0.349405 0
      vertex 1.12763 -0.410423 0
      vertex 1.15911 -0.310582 0
    endloop
  endfacet
  facet normal -0 0 -1
    outer loop
      vertex 5.23141 -0.461727 0
      vertex 1.08757 -0.507141 0
      vertex 1.12763 -0.410423 0
    endloop
  endfacet
  facet normal -0 0 -1
    outer loop
      vertex 5.27648 -0.570534 0
      vertex 1.03923 -0.599999 0
      vertex 1.08757 -0.507141 0
    endloop
  endfacet
  facet normal 0 0 -1
    outer loop
      vertex 5.33086 -0.674999 0
      vertex 1.03923 -0.599999 0
      vertex 5.27648 -0.570534 0
    endloop
  endfacet
  facet normal 0 -0 -1
    outer loop
      vertex 1.03923 -0.599999 0
      vertex 5.33086 -0.674999 0
      vertex 0.982982 -0.688292 0
    endloop
  endfacet
  facet normal 0 0 -1
    outer loop
      vertex 5.39414 -0.774327 0
      vertex 0.982982 -0.688292 0
      vertex 5.33086 -0.674999 0
    endloop
  endfacet
  facet normal 0 -0 -1
    outer loop
      vertex 0.982982 -0.688292 0
      vertex 5.39414 -0.774327 0
      vertex 0.919252 -0.771344 0
    endloop
  endfacet
  facet normal 0 0 -1
    outer loop
      vertex 0.848528 -0.848528 0
      vertex 0 -3.5 0
      vertex 0.771344 -0.919252 0
    endloop
  endfacet
  facet normal 0 0 -1
    outer loop
      vertex 0.771344 -0.919252 0
      vertex 0 -3.5 0
      vertex 0.688292 -0.982982 0
    endloop
  endfacet
  facet normal 0 0 -1
    outer loop
      vertex 0.688292 -0.982982 0
      vertex 0 -3.5 0
      vertex 0.599999 -1.03923 0
    endloop
  endfacet
  facet normal 0 0 -1
    outer loop
      vertex 0.599999 -1.03923 0
      vertex 0 -3.5 0
      vertex 0.507141 -1.08757 0
    endloop
  endfacet
  facet normal 0 0 -1
    outer loop
      vertex 0.507141 -1.08757 0
      vertex 0 -3.5 0
      vertex 0.410423 -1.12763 0
    endloop
  endfacet
  facet normal 0 0 -1
    outer loop
      vertex 0.410423 -1.12763 0
      vertex 0 -3.5 0
      vertex 0.310582 -1.15911 0
    endloop
  endfacet
  facet normal 0 0 -1
    outer loop
      vertex 0.310582 -1.15911 0
      vertex 0 -3.5 0
      vertex 0.208377 -1.18177 0
    endloop
  endfacet
  facet normal 0 0 -1
    outer loop
      vertex 0.208377 -1.18177 0
      vertex 0 -3.5 0
      vertex 0.104587 -1.19543 0
    endloop
  endfacet
  facet normal 0 0 -1
    outer loop
      vertex 0 -3.5 0
      vertex 0 -1.2 0
      vertex 0.104587 -1.19543 0
    endloop
  endfacet
  facet normal 0 0 -1
    outer loop
      vertex 0 -3.5 0
      vertex -0.104587 -1.19543 0
      vertex 0 -1.2 0
    endloop
  endfacet
  facet normal 0 0 -1
    outer loop
      vertex -0.305044 -3.48668 0
      vertex -0.104587 -1.19543 0
      vertex 0 -3.5 0
    endloop
  endfacet
  facet normal -0 0 -1
    outer loop
      vertex -0.104587 -1.19543 0
      vertex -0.305044 -3.48668 0
      vertex -0.208377 -1.18177 0
    endloop
  endfacet
  facet normal 0 0 -1
    outer loop
      vertex -0.607768 -3.44683 0
      vertex -0.208377 -1.18177 0
      vertex -0.305044 -3.48668 0
    endloop
  endfacet
  facet normal -0 0 -1
    outer loop
      vertex -0.208377 -1.18177 0
      vertex -0.607768 -3.44683 0
      vertex -0.310582 -1.15911 0
    endloop
  endfacet
  facet normal 0 0 -1
    outer loop
      vertex -0.905867 -3.38074 0
      vertex -0.310582 -1.15911 0
      vertex -0.607768 -3.44683 0
    endloop
  endfacet
  facet normal -0 0 -1
    outer loop
      vertex -0.310582 -1.15911 0
      vertex -0.905867 -3.38074 0
      vertex -0.410423 -1.12763 0
    endloop
  endfacet
  facet normal 0 0 -1
    outer loop
      vertex -1.19707 -3.28892 0
      vertex -0.410423 -1.12763 0
      vertex -0.905867 -3.38074 0
    endloop
  endfacet
  facet normal -0 0 -1
    outer loop
      vertex -0.410423 -1.12763 0
      vertex -1.19707 -3.28892 0
      vertex -0.507141 -1.08757 0
    endloop
  endfacet
  facet normal 0 0 -1
    outer loop
      vertex -1.47916 -3.17208 0
      vertex -0.507141 -1.08757 0
      vertex -1.19707 -3.28892 0
    endloop
  endfacet
  facet normal -0 0 -1
    outer loop
      vertex -0.507141 -1.08757 0
      vertex -1.47916 -3.17208 0
      vertex -0.599999 -1.03923 0
    endloop
  endfacet
  facet normal 0 0 -1
    outer loop
      vertex -1.75 -3.03109 0
      vertex -0.599999 -1.03923 0
      vertex -1.47916 -3.17208 0
    endloop
  endfacet
  facet normal -0 0 -1
    outer loop
      vertex -0.599999 -1.03923 0
      vertex -1.75 -3.03109 0
      vertex -0.688292 -0.982982 0
    endloop
  endfacet
  facet normal 0 0 -1
    outer loop
      vertex -2.00752 -2.86703 0
      vertex -0.688292 -0.982982 0
      vertex -1.75 -3.03109 0
    endloop
  endfacet
  facet normal -0 0 -1
    outer loop
      vertex -0.688292 -0.982982 0
      vertex -2.00752 -2.86703 0
      vertex -0.771344 -0.919252 0
    endloop
  endfacet
  facet normal 0 0 -1
    outer loop
      vertex -2.24976 -2.68116 0
      vertex -0.771344 -0.919252 0
      vertex -2.00752 -2.86703 0
    endloop
  endfacet
  facet normal -0 0 -1
    outer loop
      vertex -0.771344 -0.919252 0
      vertex -2.24976 -2.68116 0
      vertex -0.848528 -0.848528 0
    endloop
  endfacet
  facet normal 0 0 -1
    outer loop
      vertex -2.47487 -2.47487 0
      vertex -0.848528 -0.848528 0
      vertex -2.24976 -2.68116 0
    endloop
  endfacet
  facet normal -0 0 -1
    outer loop
      vertex -0.848528 -0.848528 0
      vertex -2.47487 -2.47487 0
      vertex -0.919252 -0.771344 0
    endloop
  endfacet
  facet normal 0 0 -1
    outer loop
      vertex -2.68116 -2.24976 0
      vertex -0.919252 -0.771344 0
      vertex -2.47487 -2.47487 0
    endloop
  endfacet
  facet normal -0 0 -1
    outer loop
      vertex -0.919252 -0.771344 0
      vertex -2.68116 -2.24976 0
      vertex -0.982982 -0.688292 0
    endloop
  endfacet
  facet normal 0 0 -1
    outer loop
      vertex -2.86703 -2.00752 0
      vertex -0.982982 -0.688292 0
      vertex -2.68116 -2.24976 0
    endloop
  endfacet
  facet normal -0 0 -1
    outer loop
      vertex -0.982982 -0.688292 0
      vertex -2.86703 -2.00752 0
      vertex -1.03923 -0.599999 0
    endloop
  endfacet
  facet normal 0 0 -1
    outer loop
      vertex 7.60585 0.774327 0
      vertex 9.36703 2.00752 0
      vertex 7.66913 0.674999 0
    endloop
  endfacet
  facet normal -0 0 -1
    outer loop
      vertex 9.36703 2.00752 0
      vertex 7.60585 0.774327 0
      vertex 9.18116 2.24976 0
    endloop
  endfacet
  facet normal 0 0 -1
    outer loop
      vertex 7.53416 0.867763 0
      vertex 9.18116 2.24976 0
      vertex 7.60585 0.774327 0
    endloop
  endfacet
  facet normal -0 0 -1
    outer loop
      vertex 9.18116 2.24976 0
      vertex 7.53416 0.867763 0
      vertex 8.97487 2.47487 0
    endloop
  endfacet
  facet normal 0 0 -1
    outer loop
      vertex 7.45459 0.954594 0
      vertex 8.97487 2.47487 0
      vertex 7.53416 0.867763 0
    endloop
  endfacet
  facet normal -0 0 -1
    outer loop
      vertex 8.97487 2.47487 0
      vertex 7.45459 0.954594 0
      vertex 8.74976 2.68116 0
    endloop
  endfacet
  facet normal 0 0 -1
    outer loop
      vertex 7.36776 1.03416 0
      vertex 8.74976 2.68116 0
      vertex 7.45459 0.954594 0
    endloop
  endfacet
  facet normal -0 0 -1
    outer loop
      vertex 8.74976 2.68116 0
      vertex 7.36776 1.03416 0
      vertex 8.50752 2.86703 0
    endloop
  endfacet
  facet normal 0 0 -1
    outer loop
      vertex 7.27433 1.10585 0
      vertex 8.50752 2.86703 0
      vertex 7.36776 1.03416 0
    endloop
  endfacet
  facet normal -0 0 -1
    outer loop
      vertex 8.50752 2.86703 0
      vertex 7.27433 1.10585 0
      vertex 8.25 3.03109 0
    endloop
  endfacet
  facet normal 0 0 -1
    outer loop
      vertex 7.175 1.16913 0
      vertex 8.25 3.03109 0
      vertex 7.27433 1.10585 0
    endloop
  endfacet
  facet normal -0 0 -1
    outer loop
      vertex 8.25 3.03109 0
      vertex 7.175 1.16913 0
      vertex 7.97916 3.17208 0
    endloop
  endfacet
  facet normal 0 0 -1
    outer loop
      vertex 7.07053 1.22352 0
      vertex 7.97916 3.17208 0
      vertex 7.175 1.16913 0
    endloop
  endfacet
  facet normal -0 0 -1
    outer loop
      vertex 7.97916 3.17208 0
      vertex 7.07053 1.22352 0
      vertex 7.69707 3.28892 0
    endloop
  endfacet
  facet normal 0 0 -1
    outer loop
      vertex 6.96173 1.26858 0
      vertex 7.69707 3.28892 0
      vertex 7.07053 1.22352 0
    endloop
  endfacet
  facet normal -0 0 -1
    outer loop
      vertex 7.69707 3.28892 0
      vertex 6.96173 1.26858 0
      vertex 7.40587 3.38074 0
    endloop
  endfacet
  facet normal 0 0 -1
    outer loop
      vertex 6.84941 1.304 0
      vertex 7.40587 3.38074 0
      vertex 6.96173 1.26858 0
    endloop
  endfacet
  facet normal -0 0 -1
    outer loop
      vertex 7.40587 3.38074 0
      vertex 6.84941 1.304 0
      vertex 7.10777 3.44683 0
    endloop
  endfacet
  facet normal 0 0 -1
    outer loop
      vertex 6.73442 1.32949 0
      vertex 7.10777 3.44683 0
      vertex 6.84941 1.304 0
    endloop
  endfacet
  facet normal -0 0 -1
    outer loop
      vertex 7.10777 3.44683 0
      vertex 6.73442 1.32949 0
      vertex 6.80504 3.48668 0
    endloop
  endfacet
  facet normal 0 0 -1
    outer loop
      vertex 6.61766 1.34486 0
      vertex 6.80504 3.48668 0
      vertex 6.73442 1.32949 0
    endloop
  endfacet
  facet normal 0 0 -1
    outer loop
      vertex 6.5 1.35 0
      vertex 6.80504 3.48668 0
      vertex 6.61766 1.34486 0
    endloop
  endfacet
  facet normal 0 0 -1
    outer loop
      vertex 6.5 1.35 0
      vertex 6.5 3.5 0
      vertex 6.80504 3.48668 0
    endloop
  endfacet
  facet normal 0 0 -1
    outer loop
      vertex 6.38234 1.34486 0
      vertex 6.5 3.5 0
      vertex 6.5 1.35 0
    endloop
  endfacet
  facet normal 0 0 -1
    outer loop
      vertex 6.26557 1.32949 0
      vertex 6.5 3.5 0
      vertex 6.38234 1.34486 0
    endloop
  endfacet
  facet normal 0 0 -1
    outer loop
      vertex 6.15059 1.304 0
      vertex 6.5 3.5 0
      vertex 6.26557 1.32949 0
    endloop
  endfacet
  facet normal 0 0 -1
    outer loop
      vertex 6.03827 1.26858 0
      vertex 6.5 3.5 0
      vertex 6.15059 1.304 0
    endloop
  endfacet
  facet normal 0 0 -1
    outer loop
      vertex 5.92947 1.22352 0
      vertex 6.5 3.5 0
      vertex 6.03827 1.26858 0
    endloop
  endfacet
  facet normal 0 0 -1
    outer loop
      vertex 5.825 1.16913 0
      vertex 6.5 3.5 0
      vertex 5.92947 1.22352 0
    endloop
  endfacet
  facet normal 0 0 -1
    outer loop
      vertex 5.72567 1.10585 0
      vertex 6.5 3.5 0
      vertex 5.825 1.16913 0
    endloop
  endfacet
  facet normal 0 0 -1
    outer loop
      vertex 5.63224 1.03416 0
      vertex 6.5 3.5 0
      vertex 5.72567 1.10585 0
    endloop
  endfacet
  facet normal 0 0 -1
    outer loop
      vertex 5.54541 0.954594 0
      vertex 6.5 3.5 0
      vertex 5.63224 1.03416 0
    endloop
  endfacet
  facet normal 0 0 -1
    outer loop
      vertex 0 3.5 0
      vertex 5.54541 0.954594 0
      vertex 5.46584 0.867763 0
    endloop
  endfacet
  facet normal 0 0 -1
    outer loop
      vertex 0.919252 0.771344 0
      vertex 5.46584 0.867763 0
      vertex 5.39414 0.774327 0
    endloop
  endfacet
  facet normal 0 0 -1
    outer loop
      vertex 0.982982 0.688292 0
      vertex 5.39414 0.774327 0
      vertex 5.33086 0.674999 0
    endloop
  endfacet
  facet normal 0 0 -1
    outer loop
      vertex 1.03923 0.599999 0
      vertex 5.33086 0.674999 0
      vertex 5.27648 0.570534 0
    endloop
  endfacet
  facet normal 0 0 -1
    outer loop
      vertex 1.2 0 0
      vertex 5.15514 0.11766 0
      vertex 5.15 0 0
    endloop
  endfacet
  facet normal 0 0 -1
    outer loop
      vertex 1.19543 0.104587 0
      vertex 5.15514 0.11766 0
      vertex 1.2 0 0
    endloop
  endfacet
  facet normal -0 0 -1
    outer loop
      vertex 5.15514 0.11766 0
      vertex 1.19543 0.104587 0
      vertex 5.17051 0.234425 0
    endloop
  endfacet
  facet normal 0 0 -1
    outer loop
      vertex 1.18177 0.208377 0
      vertex 5.17051 0.234425 0
      vertex 1.19543 0.104587 0
    endloop
  endfacet
  facet normal 0 0 -1
    outer loop
      vertex 1.15911 0.310582 0
      vertex 5.17051 0.234425 0
      vertex 1.18177 0.208377 0
    endloop
  endfacet
  facet normal 0 0 -1
    outer loop
      vertex 5.17051 0.234425 0
      vertex 1.15911 0.310582 0
      vertex 5.196 0.349405 0
    endloop
  endfacet
  facet normal 0 0 -1
    outer loop
      vertex 1.12763 0.410423 0
      vertex 5.196 0.349405 0
      vertex 1.15911 0.310582 0
    endloop
  endfacet
  facet normal 0 0 -1
    outer loop
      vertex 5.196 0.349405 0
      vertex 1.12763 0.410423 0
      vertex 5.23141 0.461727 0
    endloop
  endfacet
  facet normal 0 0 -1
    outer loop
      vertex 1.08757 0.507141 0
      vertex 5.23141 0.461727 0
      vertex 1.12763 0.410423 0
    endloop
  endfacet
  facet normal 0 0 -1
    outer loop
      vertex 5.23141 0.461727 0
      vertex 1.08757 0.507141 0
      vertex 5.27648 0.570534 0
    endloop
  endfacet
  facet normal 0 0 -1
    outer loop
      vertex 1.03923 0.599999 0
      vertex 5.27648 0.570534 0
      vertex 1.08757 0.507141 0
    endloop
  endfacet
  facet normal -0 0 -1
    outer loop
      vertex 5.33086 0.674999 0
      vertex 1.03923 0.599999 0
      vertex 0.982982 0.688292 0
    endloop
  endfacet
  facet normal 0 0 -1
    outer loop
      vertex 5.39414 0.774327 0
      vertex 0.982982 0.688292 0
      vertex 0.919252 0.771344 0
    endloop
  endfacet
  facet normal 0 0 -1
    outer loop
      vertex 5.46584 0.867763 0
      vertex 0.919252 0.771344 0
      vertex 0.848528 0.848528 0
    endloop
  endfacet
  facet normal -0 0 -1
    outer loop
      vertex 5.46584 0.867763 0
      vertex 0.848528 0.848528 0
      vertex 0 3.5 0
    endloop
  endfacet
  facet normal 0 0 -1
    outer loop
      vertex 0 3.5 0
      vertex 0.848528 0.848528 0
      vertex 0.771344 0.919252 0
    endloop
  endfacet
  facet normal 0 0 -1
    outer loop
      vertex 0 3.5 0
      vertex 0.771344 0.919252 0
      vertex 0.688292 0.982982 0
    endloop
  endfacet
  facet normal 0 0 -1
    outer loop
      vertex 0 3.5 0
      vertex 0.688292 0.982982 0
      vertex 0.599999 1.03923 0
    endloop
  endfacet
  facet normal 0 0 -1
    outer loop
      vertex 0 3.5 0
      vertex 0.599999 1.03923 0
      vertex 0.507141 1.08757 0
    endloop
  endfacet
  facet normal 0 0 -1
    outer loop
      vertex 0 3.5 0
      vertex 0.507141 1.08757 0
      vertex 0.410423 1.12763 0
    endloop
  endfacet
  facet normal 0 0 -1
    outer loop
      vertex 0 3.5 0
      vertex 0.410423 1.12763 0
      vertex 0.310582 1.15911 0
    endloop
  endfacet
  facet normal 0 0 -1
    outer loop
      vertex 0 3.5 0
      vertex 0.310582 1.15911 0
      vertex 0.208377 1.18177 0
    endloop
  endfacet
  facet normal 0 0 -1
    outer loop
      vertex 0 3.5 0
      vertex 0.208377 1.18177 0
      vertex 0.104587 1.19543 0
    endloop
  endfacet
  facet normal 0 0 -1
    outer loop
      vertex 0 3.5 0
      vertex 0.104587 1.19543 0
      vertex 0 1.2 0
    endloop
  endfacet
  facet normal 0 0 -1
    outer loop
      vertex 5.54541 0.954594 0
      vertex 0 3.5 0
      vertex 6.5 3.5 0
    endloop
  endfacet
  facet normal 0 0 -1
    outer loop
      vertex -0.104587 1.19543 0
      vertex 0 3.5 0
      vertex 0 1.2 0
    endloop
  endfacet
  facet normal 0 0 -1
    outer loop
      vertex -0.305044 3.48668 0
      vertex -0.104587 1.19543 0
      vertex -0.208377 1.18177 0
    endloop
  endfacet
  facet normal 0 0 -1
    outer loop
      vertex -0.104587 1.19543 0
      vertex -0.305044 3.48668 0
      vertex 0 3.5 0
    endloop
  endfacet
  facet normal 0 0 -1
    outer loop
      vertex -0.607768 3.44683 0
      vertex -0.208377 1.18177 0
      vertex -0.310582 1.15911 0
    endloop
  endfacet
  facet normal 0 0 -1
    outer loop
      vertex -0.905867 3.38074 0
      vertex -0.310582 1.15911 0
      vertex -0.410423 1.12763 0
    endloop
  endfacet
  facet normal 0 0 -1
    outer loop
      vertex -1.19707 3.28892 0
      vertex -0.410423 1.12763 0
      vertex -0.507141 1.08757 0
    endloop
  endfacet
  facet normal 0 0 -1
    outer loop
      vertex -1.47916 3.17208 0
      vertex -0.507141 1.08757 0
      vertex -0.599999 1.03923 0
    endloop
  endfacet
  facet normal 0 0 -1
    outer loop
      vertex -0.208377 1.18177 0
      vertex -0.607768 3.44683 0
      vertex -0.305044 3.48668 0
    endloop
  endfacet
  facet normal 0 0 -1
    outer loop
      vertex -1.75 3.03109 0
      vertex -0.599999 1.03923 0
      vertex -0.688292 0.982982 0
    endloop
  endfacet
  facet normal 0 0 -1
    outer loop
      vertex -2.00752 2.86703 0
      vertex -0.688292 0.982982 0
      vertex -0.771344 0.919252 0
    endloop
  endfacet
  facet normal 0 0 -1
    outer loop
      vertex -2.24976 2.68116 0
      vertex -0.771344 0.919252 0
      vertex -0.848528 0.848528 0
    endloop
  endfacet
  facet normal 0 0 -1
    outer loop
      vertex -0.310582 1.15911 0
      vertex -0.905867 3.38074 0
      vertex -0.607768 3.44683 0
    endloop
  endfacet
  facet normal 0 0 -1
    outer loop
      vertex -2.47487 2.47487 0
      vertex -0.848528 0.848528 0
      vertex -0.919252 0.771344 0
    endloop
  endfacet
  facet normal 0 0 -1
    outer loop
      vertex -2.68116 2.24976 0
      vertex -0.919252 0.771344 0
      vertex -0.982982 0.688292 0
    endloop
  endfacet
  facet normal 0 0 -1
    outer loop
      vertex -2.86703 2.00752 0
      vertex -0.982982 0.688292 0
      vertex -1.03923 0.599999 0
    endloop
  endfacet
  facet normal 0 0 -1
    outer loop
      vertex -3.03109 1.75 0
      vertex -1.03923 0.599999 0
      vertex -1.08757 0.507141 0
    endloop
  endfacet
  facet normal 0 0 -1
    outer loop
      vertex -3.17208 1.47916 0
      vertex -1.08757 0.507141 0
      vertex -1.12763 0.410423 0
    endloop
  endfacet
  facet normal 0 0 -1
    outer loop
      vertex -3.28892 1.19707 0
      vertex -1.12763 0.410423 0
      vertex -1.15911 0.310582 0
    endloop
  endfacet
  facet normal 0 0 -1
    outer loop
      vertex -3.38074 0.905867 0
      vertex -1.15911 0.310582 0
      vertex -1.18177 0.208377 0
    endloop
  endfacet
  facet normal 0 0 -1
    outer loop
      vertex -3.44683 0.607768 0
      vertex -1.18177 0.208377 0
      vertex -1.19543 0.104587 0
    endloop
  endfacet
  facet normal 0 0 -1
    outer loop
      vertex -0.410423 1.12763 0
      vertex -1.19707 3.28892 0
      vertex -0.905867 3.38074 0
    endloop
  endfacet
  facet normal 0 0 -1
    outer loop
      vertex -3.48668 0.305044 0
      vertex -1.19543 0.104587 0
      vertex -1.2 0 0
    endloop
  endfacet
  facet normal 0 0 -1
    outer loop
      vertex -3.03109 -1.75 0
      vertex -1.03923 -0.599999 0
      vertex -2.86703 -2.00752 0
    endloop
  endfacet
  facet normal 0 0 -1
    outer loop
      vertex -0.507141 1.08757 0
      vertex -1.47916 3.17208 0
      vertex -1.19707 3.28892 0
    endloop
  endfacet
  facet normal -0 0 -1
    outer loop
      vertex -1.03923 -0.599999 0
      vertex -3.03109 -1.75 0
      vertex -1.08757 -0.507141 0
    endloop
  endfacet
  facet normal 0 0 -1
    outer loop
      vertex -0.599999 1.03923 0
      vertex -1.75 3.03109 0
      vertex -1.47916 3.17208 0
    endloop
  endfacet
  facet normal 0 0 -1
    outer loop
      vertex -3.17208 -1.47916 0
      vertex -1.08757 -0.507141 0
      vertex -3.03109 -1.75 0
    endloop
  endfacet
  facet normal 0 0 -1
    outer loop
      vertex -0.688292 0.982982 0
      vertex -2.00752 2.86703 0
      vertex -1.75 3.03109 0
    endloop
  endfacet
  facet normal -0 0 -1
    outer loop
      vertex -1.08757 -0.507141 0
      vertex -3.17208 -1.47916 0
      vertex -1.12763 -0.410423 0
    endloop
  endfacet
  facet normal 0 0 -1
    outer loop
      vertex -0.771344 0.919252 0
      vertex -2.24976 2.68116 0
      vertex -2.00752 2.86703 0
    endloop
  endfacet
  facet normal 0 0 -1
    outer loop
      vertex -3.28892 -1.19707 0
      vertex -1.12763 -0.410423 0
      vertex -3.17208 -1.47916 0
    endloop
  endfacet
  facet normal 0 0 -1
    outer loop
      vertex -0.848528 0.848528 0
      vertex -2.47487 2.47487 0
      vertex -2.24976 2.68116 0
    endloop
  endfacet
  facet normal -0 0 -1
    outer loop
      vertex -1.12763 -0.410423 0
      vertex -3.28892 -1.19707 0
      vertex -1.15911 -0.310582 0
    endloop
  endfacet
  facet normal 0 0 -1
    outer loop
      vertex -0.919252 0.771344 0
      vertex -2.68116 2.24976 0
      vertex -2.47487 2.47487 0
    endloop
  endfacet
  facet normal 0 0 -1
    outer loop
      vertex -3.38074 -0.905867 0
      vertex -1.15911 -0.310582 0
      vertex -3.28892 -1.19707 0
    endloop
  endfacet
  facet normal 0 0 -1
    outer loop
      vertex -0.982982 0.688292 0
      vertex -2.86703 2.00752 0
      vertex -2.68116 2.24976 0
    endloop
  endfacet
  facet normal -0 0 -1
    outer loop
      vertex -1.15911 -0.310582 0
      vertex -3.38074 -0.905867 0
      vertex -1.18177 -0.208377 0
    endloop
  endfacet
  facet normal 0 0 -1
    outer loop
      vertex -1.03923 0.599999 0
      vertex -3.03109 1.75 0
      vertex -2.86703 2.00752 0
    endloop
  endfacet
  facet normal 0 0 -1
    outer loop
      vertex -3.44683 -0.607768 0
      vertex -1.18177 -0.208377 0
      vertex -3.38074 -0.905867 0
    endloop
  endfacet
  facet normal 0 0 -1
    outer loop
      vertex -1.08757 0.507141 0
      vertex -3.17208 1.47916 0
      vertex -3.03109 1.75 0
    endloop
  endfacet
  facet normal -0 0 -1
    outer loop
      vertex -1.18177 -0.208377 0
      vertex -3.44683 -0.607768 0
      vertex -1.19543 -0.104587 0
    endloop
  endfacet
  facet normal 0 0 -1
    outer loop
      vertex -1.12763 0.410423 0
      vertex -3.28892 1.19707 0
      vertex -3.17208 1.47916 0
    endloop
  endfacet
  facet normal 0 0 -1
    outer loop
      vertex -3.48668 -0.305044 0
      vertex -1.19543 -0.104587 0
      vertex -3.44683 -0.607768 0
    endloop
  endfacet
  facet normal 0 0 -1
    outer loop
      vertex -1.15911 0.310582 0
      vertex -3.38074 0.905867 0
      vertex -3.28892 1.19707 0
    endloop
  endfacet
  facet normal -0 0 -1
    outer loop
      vertex -1.19543 -0.104587 0
      vertex -3.48668 -0.305044 0
      vertex -1.2 0 0
    endloop
  endfacet
  facet normal 0 0 -1
    outer loop
      vertex -1.18177 0.208377 0
      vertex -3.44683 0.607768 0
      vertex -3.38074 0.905867 0
    endloop
  endfacet
  facet normal 0 0 -1
    outer loop
      vertex -3.5 0 0
      vertex -1.2 0 0
      vertex -3.48668 -0.305044 0
    endloop
  endfacet
  facet normal 0 0 -1
    outer loop
      vertex -1.19543 0.104587 0
      vertex -3.48668 0.305044 0
      vertex -3.44683 0.607768 0
    endloop
  endfacet
  facet normal 0 0 -1
    outer loop
      vertex -1.2 0 0
      vertex -3.5 0 0
      vertex -3.48668 0.305044 0
    endloop
  endfacet
  facet normal 0.0436248 0.999048 -0
    outer loop
      vertex 6.80504 3.48668 0
      vertex 6.5 3.5 2.2
      vertex 6.80504 3.48668 2.2
    endloop
  endfacet
  facet normal 0.0436248 0.999048 0
    outer loop
      vertex 6.5 3.5 2.2
      vertex 6.80504 3.48668 0
      vertex 6.5 3.5 0
    endloop
  endfacet
  facet normal 0.991447 -0.130512 0
    outer loop
      vertex 9.94683 -0.607768 2.2
      vertex 9.98668 -0.305044 0
      vertex 9.98668 -0.305044 2.2
    endloop
  endfacet
  facet normal 0.991447 -0.130512 0
    outer loop
      vertex 9.98668 -0.305044 0
      vertex 9.94683 -0.607768 2.2
      vertex 9.94683 -0.607768 0
    endloop
  endfacet
  facet normal -0.737253 -0.675616 0
    outer loop
      vertex -2.47487 -2.47487 0
      vertex -2.68116 -2.24976 2.2
      vertex -2.68116 -2.24976 0
    endloop
  endfacet
  facet normal -0.737253 -0.675616 0
    outer loop
      vertex -2.68116 -2.24976 2.2
      vertex -2.47487 -2.47487 0
      vertex -2.47487 -2.47487 2.2
    endloop
  endfacet
  facet normal 0.382668 -0.923886 0
    outer loop
      vertex 7.69707 -3.28892 0
      vertex 7.97916 -3.17208 2.2
      vertex 7.69707 -3.28892 2.2
    endloop
  endfacet
  facet normal 0.382668 -0.923886 0
    outer loop
      vertex 7.97916 -3.17208 2.2
      vertex 7.69707 -3.28892 0
      vertex 7.97916 -3.17208 0
    endloop
  endfacet
  facet normal -0.382668 0.923886 0
    outer loop
      vertex -1.19707 3.28892 0
      vertex -1.47916 3.17208 2.2
      vertex -1.19707 3.28892 2.2
    endloop
  endfacet
  facet normal -0.382668 0.923886 0
    outer loop
      vertex -1.47916 3.17208 2.2
      vertex -1.19707 3.28892 0
      vertex -1.47916 3.17208 0
    endloop
  endfacet
  facet normal -0.300718 0.953713 0
    outer loop
      vertex -0.905867 3.38074 0
      vertex -1.19707 3.28892 2.2
      vertex -0.905867 3.38074 2.2
    endloop
  endfacet
  facet normal -0.300718 0.953713 0
    outer loop
      vertex -1.19707 3.28892 2.2
      vertex -0.905867 3.38074 0
      vertex -1.19707 3.28892 0
    endloop
  endfacet
  facet normal -0.608746 -0.793365 0
    outer loop
      vertex -2.24976 -2.68116 0
      vertex -2.00752 -2.86703 2.2
      vertex -2.24976 -2.68116 2.2
    endloop
  endfacet
  facet normal -0.608746 -0.793365 -0
    outer loop
      vertex -2.00752 -2.86703 2.2
      vertex -2.24976 -2.68116 0
      vertex -2.00752 -2.86703 0
    endloop
  endfacet
  facet normal 0.999048 0.0436243 0
    outer loop
      vertex 10 0 2.2
      vertex 9.98668 0.305044 0
      vertex 9.98668 0.305044 2.2
    endloop
  endfacet
  facet normal 0.999048 0.0436243 0
    outer loop
      vertex 9.98668 0.305044 0
      vertex 10 0 2.2
      vertex 10 0 0
    endloop
  endfacet
  facet normal -0.461748 0.887011 0
    outer loop
      vertex -1.47916 3.17208 0
      vertex -1.75 3.03109 2.2
      vertex -1.47916 3.17208 2.2
    endloop
  endfacet
  facet normal -0.461748 0.887011 0
    outer loop
      vertex -1.75 3.03109 2.2
      vertex -1.47916 3.17208 0
      vertex -1.75 3.03109 0
    endloop
  endfacet
  facet normal 0.461748 0.887011 -0
    outer loop
      vertex 8.25 3.03109 0
      vertex 7.97916 3.17208 2.2
      vertex 8.25 3.03109 2.2
    endloop
  endfacet
  facet normal 0.461748 0.887011 0
    outer loop
      vertex 7.97916 3.17208 2.2
      vertex 8.25 3.03109 0
      vertex 7.97916 3.17208 0
    endloop
  endfacet
  facet normal -0.843389 -0.537303 0
    outer loop
      vertex -2.86703 -2.00752 0
      vertex -3.03109 -1.75 2.2
      vertex -3.03109 -1.75 0
    endloop
  endfacet
  facet normal -0.843389 -0.537303 0
    outer loop
      vertex -3.03109 -1.75 2.2
      vertex -2.86703 -2.00752 0
      vertex -2.86703 -2.00752 2.2
    endloop
  endfacet
  facet normal 0.608746 -0.793365 0
    outer loop
      vertex 8.50752 -2.86703 0
      vertex 8.74976 -2.68116 2.2
      vertex 8.50752 -2.86703 2.2
    endloop
  endfacet
  facet normal 0.608746 -0.793365 0
    outer loop
      vertex 8.74976 -2.68116 2.2
      vertex 8.50752 -2.86703 0
      vertex 8.74976 -2.68116 0
    endloop
  endfacet
  facet normal -0.991447 -0.130512 0
    outer loop
      vertex -3.44683 -0.607768 0
      vertex -3.48668 -0.305044 2.2
      vertex -3.48668 -0.305044 0
    endloop
  endfacet
  facet normal -0.991447 -0.130512 0
    outer loop
      vertex -3.48668 -0.305044 2.2
      vertex -3.44683 -0.607768 0
      vertex -3.44683 -0.607768 2.2
    endloop
  endfacet
  facet normal -0.0436243 0.999048 0
    outer loop
      vertex 0 3.5 0
      vertex -0.305044 3.48668 2.2
      vertex 0 3.5 2.2
    endloop
  endfacet
  facet normal -0.0436243 0.999048 0
    outer loop
      vertex -0.305044 3.48668 2.2
      vertex 0 3.5 0
      vertex -0.305044 3.48668 0
    endloop
  endfacet
  facet normal 0.216448 -0.976294 0
    outer loop
      vertex 7.10777 -3.44683 0
      vertex 7.40587 -3.38074 2.2
      vertex 7.10777 -3.44683 2.2
    endloop
  endfacet
  facet normal 0.216448 -0.976294 0
    outer loop
      vertex 7.40587 -3.38074 2.2
      vertex 7.10777 -3.44683 0
      vertex 7.40587 -3.38074 0
    endloop
  endfacet
  facet normal 0 -1 0
    outer loop
      vertex 0 -3.5 0
      vertex 6.5 -3.5 2.2
      vertex 0 -3.5 2.2
    endloop
  endfacet
  facet normal 0 -1 -0
    outer loop
      vertex 6.5 -3.5 2.2
      vertex 0 -3.5 0
      vertex 6.5 -3.5 0
    endloop
  endfacet
  facet normal -0.675616 -0.737253 0
    outer loop
      vertex -2.47487 -2.47487 0
      vertex -2.24976 -2.68116 2.2
      vertex -2.47487 -2.47487 2.2
    endloop
  endfacet
  facet normal -0.675616 -0.737253 -0
    outer loop
      vertex -2.24976 -2.68116 2.2
      vertex -2.47487 -2.47487 0
      vertex -2.24976 -2.68116 0
    endloop
  endfacet
  facet normal -0.216449 -0.976294 0
    outer loop
      vertex -0.905867 -3.38074 0
      vertex -0.607768 -3.44683 2.2
      vertex -0.905867 -3.38074 2.2
    endloop
  endfacet
  facet normal -0.216449 -0.976294 -0
    outer loop
      vertex -0.607768 -3.44683 2.2
      vertex -0.905867 -3.38074 0
      vertex -0.607768 -3.44683 0
    endloop
  endfacet
  facet normal 0.300721 0.953712 -0
    outer loop
      vertex 7.69707 3.28892 0
      vertex 7.40587 3.38074 2.2
      vertex 7.69707 3.28892 2.2
    endloop
  endfacet
  facet normal 0.300721 0.953712 0
    outer loop
      vertex 7.40587 3.38074 2.2
      vertex 7.69707 3.28892 0
      vertex 7.40587 3.38074 0
    endloop
  endfacet
  facet normal -0.130512 -0.991447 0
    outer loop
      vertex -0.607768 -3.44683 0
      vertex -0.305044 -3.48668 2.2
      vertex -0.607768 -3.44683 2.2
    endloop
  endfacet
  facet normal -0.130512 -0.991447 -0
    outer loop
      vertex -0.305044 -3.48668 2.2
      vertex -0.607768 -3.44683 0
      vertex -0.305044 -3.48668 0
    endloop
  endfacet
  facet normal -0.793365 -0.608746 0
    outer loop
      vertex -2.68116 -2.24976 0
      vertex -2.86703 -2.00752 2.2
      vertex -2.86703 -2.00752 0
    endloop
  endfacet
  facet normal -0.793365 -0.608746 0
    outer loop
      vertex -2.86703 -2.00752 2.2
      vertex -2.68116 -2.24976 0
      vertex -2.68116 -2.24976 2.2
    endloop
  endfacet
  facet normal 0.0436248 -0.999048 0
    outer loop
      vertex 6.5 -3.5 0
      vertex 6.80504 -3.48668 2.2
      vertex 6.5 -3.5 2.2
    endloop
  endfacet
  facet normal 0.0436248 -0.999048 0
    outer loop
      vertex 6.80504 -3.48668 2.2
      vertex 6.5 -3.5 0
      vertex 6.80504 -3.48668 0
    endloop
  endfacet
  facet normal 0.300721 -0.953712 0
    outer loop
      vertex 7.40587 -3.38074 0
      vertex 7.69707 -3.28892 2.2
      vertex 7.40587 -3.38074 2.2
    endloop
  endfacet
  facet normal 0.300721 -0.953712 0
    outer loop
      vertex 7.69707 -3.28892 2.2
      vertex 7.40587 -3.38074 0
      vertex 7.69707 -3.28892 0
    endloop
  endfacet
  facet normal 0.737253 -0.675616 0
    outer loop
      vertex 8.97487 -2.47487 2.2
      vertex 9.18116 -2.24976 0
      vertex 9.18116 -2.24976 2.2
    endloop
  endfacet
  facet normal 0.737253 -0.675616 0
    outer loop
      vertex 9.18116 -2.24976 0
      vertex 8.97487 -2.47487 2.2
      vertex 8.97487 -2.47487 0
    endloop
  endfacet
  facet normal 0.216448 0.976294 -0
    outer loop
      vertex 7.40587 3.38074 0
      vertex 7.10777 3.44683 2.2
      vertex 7.40587 3.38074 2.2
    endloop
  endfacet
  facet normal 0.216448 0.976294 0
    outer loop
      vertex 7.10777 3.44683 2.2
      vertex 7.40587 3.38074 0
      vertex 7.10777 3.44683 0
    endloop
  endfacet
  facet normal 0 1 -0
    outer loop
      vertex 6.5 3.5 0
      vertex 0 3.5 2.2
      vertex 6.5 3.5 2.2
    endloop
  endfacet
  facet normal 0 1 0
    outer loop
      vertex 0 3.5 2.2
      vertex 6.5 3.5 0
      vertex 0 3.5 0
    endloop
  endfacet
  facet normal 0.537303 -0.843389 0
    outer loop
      vertex 8.25 -3.03109 0
      vertex 8.50752 -2.86703 2.2
      vertex 8.25 -3.03109 2.2
    endloop
  endfacet
  facet normal 0.537303 -0.843389 0
    outer loop
      vertex 8.50752 -2.86703 2.2
      vertex 8.25 -3.03109 0
      vertex 8.50752 -2.86703 0
    endloop
  endfacet
  facet normal 0.675616 0.737253 -0
    outer loop
      vertex 8.97487 2.47487 0
      vertex 8.74976 2.68116 2.2
      vertex 8.97487 2.47487 2.2
    endloop
  endfacet
  facet normal 0.675616 0.737253 0
    outer loop
      vertex 8.74976 2.68116 2.2
      vertex 8.97487 2.47487 0
      vertex 8.74976 2.68116 0
    endloop
  endfacet
  facet normal -0.887011 0.461748 0
    outer loop
      vertex -3.17208 1.47916 0
      vertex -3.03109 1.75 2.2
      vertex -3.03109 1.75 0
    endloop
  endfacet
  facet normal -0.887011 0.461748 0
    outer loop
      vertex -3.03109 1.75 2.2
      vertex -3.17208 1.47916 0
      vertex -3.17208 1.47916 2.2
    endloop
  endfacet
  facet normal -0.537303 0.843389 0
    outer loop
      vertex -1.75 3.03109 0
      vertex -2.00752 2.86703 2.2
      vertex -1.75 3.03109 2.2
    endloop
  endfacet
  facet normal -0.537303 0.843389 0
    outer loop
      vertex -2.00752 2.86703 2.2
      vertex -1.75 3.03109 0
      vertex -2.00752 2.86703 0
    endloop
  endfacet
  facet normal 0.461748 -0.887011 0
    outer loop
      vertex 7.97916 -3.17208 0
      vertex 8.25 -3.03109 2.2
      vertex 7.97916 -3.17208 2.2
    endloop
  endfacet
  facet normal 0.461748 -0.887011 0
    outer loop
      vertex 8.25 -3.03109 2.2
      vertex 7.97916 -3.17208 0
      vertex 8.25 -3.03109 0
    endloop
  endfacet
  facet normal -0.887011 -0.461748 0
    outer loop
      vertex -3.03109 -1.75 0
      vertex -3.17208 -1.47916 2.2
      vertex -3.17208 -1.47916 0
    endloop
  endfacet
  facet normal -0.887011 -0.461748 0
    outer loop
      vertex -3.17208 -1.47916 2.2
      vertex -3.03109 -1.75 0
      vertex -3.03109 -1.75 2.2
    endloop
  endfacet
  facet normal 0.843389 -0.537303 0
    outer loop
      vertex 9.36703 -2.00752 2.2
      vertex 9.53109 -1.75 0
      vertex 9.53109 -1.75 2.2
    endloop
  endfacet
  facet normal 0.843389 -0.537303 0
    outer loop
      vertex 9.53109 -1.75 0
      vertex 9.36703 -2.00752 2.2
      vertex 9.36703 -2.00752 0
    endloop
  endfacet
  facet normal 0.13051 -0.991447 0
    outer loop
      vertex 6.80504 -3.48668 0
      vertex 7.10777 -3.44683 2.2
      vertex 6.80504 -3.48668 2.2
    endloop
  endfacet
  facet normal 0.13051 -0.991447 0
    outer loop
      vertex 7.10777 -3.44683 2.2
      vertex 6.80504 -3.48668 0
      vertex 7.10777 -3.44683 0
    endloop
  endfacet
  facet normal 0.887011 -0.461748 0
    outer loop
      vertex 9.53109 -1.75 2.2
      vertex 9.67208 -1.47916 0
      vertex 9.67208 -1.47916 2.2
    endloop
  endfacet
  facet normal 0.887011 -0.461748 0
    outer loop
      vertex 9.67208 -1.47916 0
      vertex 9.53109 -1.75 2.2
      vertex 9.53109 -1.75 0
    endloop
  endfacet
  facet normal 0.953713 0.300718 0
    outer loop
      vertex 9.88074 0.905867 2.2
      vertex 9.78892 1.19707 0
      vertex 9.78892 1.19707 2.2
    endloop
  endfacet
  facet normal 0.953713 0.300718 0
    outer loop
      vertex 9.78892 1.19707 0
      vertex 9.88074 0.905867 2.2
      vertex 9.88074 0.905867 0
    endloop
  endfacet
  facet normal -0.923886 0.382668 0
    outer loop
      vertex -3.28892 1.19707 0
      vertex -3.17208 1.47916 2.2
      vertex -3.17208 1.47916 0
    endloop
  endfacet
  facet normal -0.923886 0.382668 0
    outer loop
      vertex -3.17208 1.47916 2.2
      vertex -3.28892 1.19707 0
      vertex -3.28892 1.19707 2.2
    endloop
  endfacet
  facet normal 0.976294 0.216449 0
    outer loop
      vertex 9.94683 0.607768 2.2
      vertex 9.88074 0.905867 0
      vertex 9.88074 0.905867 2.2
    endloop
  endfacet
  facet normal 0.976294 0.216449 0
    outer loop
      vertex 9.88074 0.905867 0
      vertex 9.94683 0.607768 2.2
      vertex 9.94683 0.607768 0
    endloop
  endfacet
  facet normal 0.675616 -0.737253 0
    outer loop
      vertex 8.74976 -2.68116 0
      vertex 8.97487 -2.47487 2.2
      vertex 8.74976 -2.68116 2.2
    endloop
  endfacet
  facet normal 0.675616 -0.737253 0
    outer loop
      vertex 8.97487 -2.47487 2.2
      vertex 8.74976 -2.68116 0
      vertex 8.97487 -2.47487 0
    endloop
  endfacet
  facet normal 0.537303 0.843389 -0
    outer loop
      vertex 8.50752 2.86703 0
      vertex 8.25 3.03109 2.2
      vertex 8.50752 2.86703 2.2
    endloop
  endfacet
  facet normal 0.537303 0.843389 0
    outer loop
      vertex 8.25 3.03109 2.2
      vertex 8.50752 2.86703 0
      vertex 8.25 3.03109 0
    endloop
  endfacet
  facet normal -0.976294 0.216449 0
    outer loop
      vertex -3.44683 0.607768 0
      vertex -3.38074 0.905867 2.2
      vertex -3.38074 0.905867 0
    endloop
  endfacet
  facet normal -0.976294 0.216449 0
    outer loop
      vertex -3.38074 0.905867 2.2
      vertex -3.44683 0.607768 0
      vertex -3.44683 0.607768 2.2
    endloop
  endfacet
  facet normal -0.382668 -0.923886 0
    outer loop
      vertex -1.47916 -3.17208 0
      vertex -1.19707 -3.28892 2.2
      vertex -1.47916 -3.17208 2.2
    endloop
  endfacet
  facet normal -0.382668 -0.923886 -0
    outer loop
      vertex -1.19707 -3.28892 2.2
      vertex -1.47916 -3.17208 0
      vertex -1.19707 -3.28892 0
    endloop
  endfacet
  facet normal -0.999048 -0.0436243 0
    outer loop
      vertex -3.48668 -0.305044 0
      vertex -3.5 0 2.2
      vertex -3.5 0 0
    endloop
  endfacet
  facet normal -0.999048 -0.0436243 0
    outer loop
      vertex -3.5 0 2.2
      vertex -3.48668 -0.305044 0
      vertex -3.48668 -0.305044 2.2
    endloop
  endfacet
  facet normal -0.675616 0.737253 0
    outer loop
      vertex -2.24976 2.68116 0
      vertex -2.47487 2.47487 2.2
      vertex -2.24976 2.68116 2.2
    endloop
  endfacet
  facet normal -0.675616 0.737253 0
    outer loop
      vertex -2.47487 2.47487 2.2
      vertex -2.24976 2.68116 0
      vertex -2.47487 2.47487 0
    endloop
  endfacet
  facet normal 0.608746 0.793365 -0
    outer loop
      vertex 8.74976 2.68116 0
      vertex 8.50752 2.86703 2.2
      vertex 8.74976 2.68116 2.2
    endloop
  endfacet
  facet normal 0.608746 0.793365 0
    outer loop
      vertex 8.50752 2.86703 2.2
      vertex 8.74976 2.68116 0
      vertex 8.50752 2.86703 0
    endloop
  endfacet
  facet normal -0.953713 -0.300718 0
    outer loop
      vertex -3.28892 -1.19707 0
      vertex -3.38074 -0.905867 2.2
      vertex -3.38074 -0.905867 0
    endloop
  endfacet
  facet normal -0.953713 -0.300718 0
    outer loop
      vertex -3.38074 -0.905867 2.2
      vertex -3.28892 -1.19707 0
      vertex -3.28892 -1.19707 2.2
    endloop
  endfacet
  facet normal -0.976294 -0.216449 0
    outer loop
      vertex -3.38074 -0.905867 0
      vertex -3.44683 -0.607768 2.2
      vertex -3.44683 -0.607768 0
    endloop
  endfacet
  facet normal -0.976294 -0.216449 0
    outer loop
      vertex -3.44683 -0.607768 2.2
      vertex -3.38074 -0.905867 0
      vertex -3.38074 -0.905867 2.2
    endloop
  endfacet
  facet normal -0.737253 0.675616 0
    outer loop
      vertex -2.68116 2.24976 0
      vertex -2.47487 2.47487 2.2
      vertex -2.47487 2.47487 0
    endloop
  endfacet
  facet normal -0.737253 0.675616 0
    outer loop
      vertex -2.47487 2.47487 2.2
      vertex -2.68116 2.24976 0
      vertex -2.68116 2.24976 2.2
    endloop
  endfacet
  facet normal 0.991447 0.130512 0
    outer loop
      vertex 9.98668 0.305044 2.2
      vertex 9.94683 0.607768 0
      vertex 9.94683 0.607768 2.2
    endloop
  endfacet
  facet normal 0.991447 0.130512 0
    outer loop
      vertex 9.94683 0.607768 0
      vertex 9.98668 0.305044 2.2
      vertex 9.98668 0.305044 0
    endloop
  endfacet
  facet normal 0.843389 0.537303 0
    outer loop
      vertex 9.53109 1.75 2.2
      vertex 9.36703 2.00752 0
      vertex 9.36703 2.00752 2.2
    endloop
  endfacet
  facet normal 0.843389 0.537303 0
    outer loop
      vertex 9.36703 2.00752 0
      vertex 9.53109 1.75 2.2
      vertex 9.53109 1.75 0
    endloop
  endfacet
  facet normal -0.953713 0.300718 0
    outer loop
      vertex -3.38074 0.905867 0
      vertex -3.28892 1.19707 2.2
      vertex -3.28892 1.19707 0
    endloop
  endfacet
  facet normal -0.953713 0.300718 0
    outer loop
      vertex -3.28892 1.19707 2.2
      vertex -3.38074 0.905867 0
      vertex -3.38074 0.905867 2.2
    endloop
  endfacet
  facet normal -0.608746 0.793365 0
    outer loop
      vertex -2.00752 2.86703 0
      vertex -2.24976 2.68116 2.2
      vertex -2.00752 2.86703 2.2
    endloop
  endfacet
  facet normal -0.608746 0.793365 0
    outer loop
      vertex -2.24976 2.68116 2.2
      vertex -2.00752 2.86703 0
      vertex -2.24976 2.68116 0
    endloop
  endfacet
  facet normal -0.130512 0.991447 0
    outer loop
      vertex -0.305044 3.48668 0
      vertex -0.607768 3.44683 2.2
      vertex -0.305044 3.48668 2.2
    endloop
  endfacet
  facet normal -0.130512 0.991447 0
    outer loop
      vertex -0.607768 3.44683 2.2
      vertex -0.305044 3.48668 0
      vertex -0.607768 3.44683 0
    endloop
  endfacet
  facet normal 0.382668 0.923886 -0
    outer loop
      vertex 7.97916 3.17208 0
      vertex 7.69707 3.28892 2.2
      vertex 7.97916 3.17208 2.2
    endloop
  endfacet
  facet normal 0.382668 0.923886 0
    outer loop
      vertex 7.69707 3.28892 2.2
      vertex 7.97916 3.17208 0
      vertex 7.69707 3.28892 0
    endloop
  endfacet
  facet normal -0.843389 0.537303 0
    outer loop
      vertex -3.03109 1.75 0
      vertex -2.86703 2.00752 2.2
      vertex -2.86703 2.00752 0
    endloop
  endfacet
  facet normal -0.843389 0.537303 0
    outer loop
      vertex -2.86703 2.00752 2.2
      vertex -3.03109 1.75 0
      vertex -3.03109 1.75 2.2
    endloop
  endfacet
  facet normal -0.216449 0.976294 0
    outer loop
      vertex -0.607768 3.44683 0
      vertex -0.905867 3.38074 2.2
      vertex -0.607768 3.44683 2.2
    endloop
  endfacet
  facet normal -0.216449 0.976294 0
    outer loop
      vertex -0.905867 3.38074 2.2
      vertex -0.607768 3.44683 0
      vertex -0.905867 3.38074 0
    endloop
  endfacet
  facet normal 0.13051 0.991447 -0
    outer loop
      vertex 7.10777 3.44683 0
      vertex 6.80504 3.48668 2.2
      vertex 7.10777 3.44683 2.2
    endloop
  endfacet
  facet normal 0.13051 0.991447 0
    outer loop
      vertex 6.80504 3.48668 2.2
      vertex 7.10777 3.44683 0
      vertex 6.80504 3.48668 0
    endloop
  endfacet
  facet normal -0.300718 -0.953713 0
    outer loop
      vertex -1.19707 -3.28892 0
      vertex -0.905867 -3.38074 2.2
      vertex -1.19707 -3.28892 2.2
    endloop
  endfacet
  facet normal -0.300718 -0.953713 -0
    outer loop
      vertex -0.905867 -3.38074 2.2
      vertex -1.19707 -3.28892 0
      vertex -0.905867 -3.38074 0
    endloop
  endfacet
  facet normal 0.923886 -0.382668 0
    outer loop
      vertex 9.67208 -1.47916 2.2
      vertex 9.78892 -1.19707 0
      vertex 9.78892 -1.19707 2.2
    endloop
  endfacet
  facet normal 0.923886 -0.382668 0
    outer loop
      vertex 9.78892 -1.19707 0
      vertex 9.67208 -1.47916 2.2
      vertex 9.67208 -1.47916 0
    endloop
  endfacet
  facet normal -0.999048 0.0436243 0
    outer loop
      vertex -3.5 0 0
      vertex -3.48668 0.305044 2.2
      vertex -3.48668 0.305044 0
    endloop
  endfacet
  facet normal -0.999048 0.0436243 0
    outer loop
      vertex -3.48668 0.305044 2.2
      vertex -3.5 0 0
      vertex -3.5 0 2.2
    endloop
  endfacet
  facet normal 0.737253 0.675616 0
    outer loop
      vertex 9.18116 2.24976 2.2
      vertex 8.97487 2.47487 0
      vertex 8.97487 2.47487 2.2
    endloop
  endfacet
  facet normal 0.737253 0.675616 0
    outer loop
      vertex 8.97487 2.47487 0
      vertex 9.18116 2.24976 2.2
      vertex 9.18116 2.24976 0
    endloop
  endfacet
  facet normal 0.953713 -0.300718 0
    outer loop
      vertex 9.78892 -1.19707 2.2
      vertex 9.88074 -0.905867 0
      vertex 9.88074 -0.905867 2.2
    endloop
  endfacet
  facet normal 0.953713 -0.300718 0
    outer loop
      vertex 9.88074 -0.905867 0
      vertex 9.78892 -1.19707 2.2
      vertex 9.78892 -1.19707 0
    endloop
  endfacet
  facet normal -0.923886 -0.382668 0
    outer loop
      vertex -3.17208 -1.47916 0
      vertex -3.28892 -1.19707 2.2
      vertex -3.28892 -1.19707 0
    endloop
  endfacet
  facet normal -0.923886 -0.382668 0
    outer loop
      vertex -3.28892 -1.19707 2.2
      vertex -3.17208 -1.47916 0
      vertex -3.17208 -1.47916 2.2
    endloop
  endfacet
  facet normal -0.793365 0.608746 0
    outer loop
      vertex -2.86703 2.00752 0
      vertex -2.68116 2.24976 2.2
      vertex -2.68116 2.24976 0
    endloop
  endfacet
  facet normal -0.793365 0.608746 0
    outer loop
      vertex -2.68116 2.24976 2.2
      vertex -2.86703 2.00752 0
      vertex -2.86703 2.00752 2.2
    endloop
  endfacet
  facet normal -0.991447 0.130512 0
    outer loop
      vertex -3.48668 0.305044 0
      vertex -3.44683 0.607768 2.2
      vertex -3.44683 0.607768 0
    endloop
  endfacet
  facet normal -0.991447 0.130512 0
    outer loop
      vertex -3.44683 0.607768 2.2
      vertex -3.48668 0.305044 0
      vertex -3.48668 0.305044 2.2
    endloop
  endfacet
  facet normal 0.887011 0.461748 0
    outer loop
      vertex 9.67208 1.47916 2.2
      vertex 9.53109 1.75 0
      vertex 9.53109 1.75 2.2
    endloop
  endfacet
  facet normal 0.887011 0.461748 0
    outer loop
      vertex 9.53109 1.75 0
      vertex 9.67208 1.47916 2.2
      vertex 9.67208 1.47916 0
    endloop
  endfacet
  facet normal 0.999048 -0.0436243 0
    outer loop
      vertex 9.98668 -0.305044 2.2
      vertex 10 0 0
      vertex 10 0 2.2
    endloop
  endfacet
  facet normal 0.999048 -0.0436243 0
    outer loop
      vertex 10 0 0
      vertex 9.98668 -0.305044 2.2
      vertex 9.98668 -0.305044 0
    endloop
  endfacet
  facet normal 0.976294 -0.216449 0
    outer loop
      vertex 9.88074 -0.905867 2.2
      vertex 9.94683 -0.607768 0
      vertex 9.94683 -0.607768 2.2
    endloop
  endfacet
  facet normal 0.976294 -0.216449 0
    outer loop
      vertex 9.94683 -0.607768 0
      vertex 9.88074 -0.905867 2.2
      vertex 9.88074 -0.905867 0
    endloop
  endfacet
  facet normal -0.99145 -0.130487 0
    outer loop
      vertex 1.19543 0.104587 0
      vertex 1.18177 0.208377 2.2
      vertex 1.18177 0.208377 0
    endloop
  endfacet
  facet normal -0.99145 -0.130487 0
    outer loop
      vertex 1.18177 0.208377 2.2
      vertex 1.19543 0.104587 0
      vertex 1.19543 0.104587 2.2
    endloop
  endfacet
  facet normal -0.999047 -0.043654 0
    outer loop
      vertex 1.2 0 0
      vertex 1.19543 0.104587 2.2
      vertex 1.19543 0.104587 0
    endloop
  endfacet
  facet normal -0.999047 -0.043654 0
    outer loop
      vertex 1.19543 0.104587 2.2
      vertex 1.2 0 0
      vertex 1.2 0 2.2
    endloop
  endfacet
  facet normal -0.976293 -0.216455 0
    outer loop
      vertex 1.18177 0.208377 0
      vertex 1.15911 0.310582 2.2
      vertex 1.15911 0.310582 0
    endloop
  endfacet
  facet normal -0.976293 -0.216455 0
    outer loop
      vertex 1.15911 0.310582 2.2
      vertex 1.18177 0.208377 0
      vertex 1.18177 0.208377 2.2
    endloop
  endfacet
  facet normal -0.300708 0.953716 0
    outer loop
      vertex 0.410423 -1.12763 0
      vertex 0.310582 -1.15911 2.2
      vertex 0.410423 -1.12763 2.2
    endloop
  endfacet
  facet normal -0.300708 0.953716 0
    outer loop
      vertex 0.310582 -1.15911 2.2
      vertex 0.410423 -1.12763 0
      vertex 0.310582 -1.15911 0
    endloop
  endfacet
  facet normal -0.537294 -0.843395 0
    outer loop
      vertex 0.599999 1.03923 0
      vertex 0.688292 0.982982 2.2
      vertex 0.599999 1.03923 2.2
    endloop
  endfacet
  facet normal -0.537294 -0.843395 -0
    outer loop
      vertex 0.688292 0.982982 2.2
      vertex 0.599999 1.03923 0
      vertex 0.688292 0.982982 0
    endloop
  endfacet
  facet normal -0.043654 -0.999047 0
    outer loop
      vertex 0 1.2 0
      vertex 0.104587 1.19543 2.2
      vertex 0 1.2 2.2
    endloop
  endfacet
  facet normal -0.043654 -0.999047 -0
    outer loop
      vertex 0.104587 1.19543 2.2
      vertex 0 1.2 0
      vertex 0.104587 1.19543 0
    endloop
  endfacet
  facet normal 0.130487 0.99145 -0
    outer loop
      vertex -0.104587 -1.19543 0
      vertex -0.208377 -1.18177 2.2
      vertex -0.104587 -1.19543 2.2
    endloop
  endfacet
  facet normal 0.130487 0.99145 0
    outer loop
      vertex -0.208377 -1.18177 2.2
      vertex -0.104587 -1.19543 0
      vertex -0.208377 -1.18177 0
    endloop
  endfacet
  facet normal 0.043654 0.999047 -0
    outer loop
      vertex 0 -1.2 0
      vertex -0.104587 -1.19543 2.2
      vertex 0 -1.2 2.2
    endloop
  endfacet
  facet normal 0.043654 0.999047 0
    outer loop
      vertex -0.104587 -1.19543 2.2
      vertex 0 -1.2 0
      vertex -0.104587 -1.19543 0
    endloop
  endfacet
  facet normal -0.843395 0.537294 0
    outer loop
      vertex 0.982982 -0.688292 0
      vertex 1.03923 -0.599999 2.2
      vertex 1.03923 -0.599999 0
    endloop
  endfacet
  facet normal -0.843395 0.537294 0
    outer loop
      vertex 1.03923 -0.599999 2.2
      vertex 0.982982 -0.688292 0
      vertex 0.982982 -0.688292 2.2
    endloop
  endfacet
  facet normal -0.923886 -0.382668 0
    outer loop
      vertex 1.12763 0.410423 0
      vertex 1.08757 0.507141 2.2
      vertex 1.08757 0.507141 0
    endloop
  endfacet
  facet normal -0.923886 -0.382668 0
    outer loop
      vertex 1.08757 0.507141 2.2
      vertex 1.12763 0.410423 0
      vertex 1.12763 0.410423 2.2
    endloop
  endfacet
  facet normal -0.99145 0.130487 0
    outer loop
      vertex 1.18177 -0.208377 0
      vertex 1.19543 -0.104587 2.2
      vertex 1.19543 -0.104587 0
    endloop
  endfacet
  facet normal -0.99145 0.130487 0
    outer loop
      vertex 1.19543 -0.104587 2.2
      vertex 1.18177 -0.208377 0
      vertex 1.18177 -0.208377 2.2
    endloop
  endfacet
  facet normal 0.216455 0.976293 -0
    outer loop
      vertex -0.208377 -1.18177 0
      vertex -0.310582 -1.15911 2.2
      vertex -0.208377 -1.18177 2.2
    endloop
  endfacet
  facet normal 0.216455 0.976293 0
    outer loop
      vertex -0.310582 -1.15911 2.2
      vertex -0.208377 -1.18177 0
      vertex -0.310582 -1.15911 0
    endloop
  endfacet
  facet normal 0.737287 0.675579 0
    outer loop
      vertex -0.848528 -0.848528 2.2
      vertex -0.919252 -0.771344 0
      vertex -0.919252 -0.771344 2.2
    endloop
  endfacet
  facet normal 0.737287 0.675579 0
    outer loop
      vertex -0.919252 -0.771344 0
      vertex -0.848528 -0.848528 2.2
      vertex -0.848528 -0.848528 0
    endloop
  endfacet
  facet normal 0.608773 -0.793344 0
    outer loop
      vertex -0.771344 0.919252 0
      vertex -0.688292 0.982982 2.2
      vertex -0.771344 0.919252 2.2
    endloop
  endfacet
  facet normal 0.608773 -0.793344 0
    outer loop
      vertex -0.688292 0.982982 2.2
      vertex -0.771344 0.919252 0
      vertex -0.688292 0.982982 0
    endloop
  endfacet
  facet normal -0.608773 -0.793344 0
    outer loop
      vertex 0.688292 0.982982 0
      vertex 0.771344 0.919252 2.2
      vertex 0.688292 0.982982 2.2
    endloop
  endfacet
  facet normal -0.608773 -0.793344 -0
    outer loop
      vertex 0.771344 0.919252 2.2
      vertex 0.688292 0.982982 0
      vertex 0.771344 0.919252 0
    endloop
  endfacet
  facet normal 0.999047 -0.043654 0
    outer loop
      vertex -1.2 0 2.2
      vertex -1.19543 0.104587 0
      vertex -1.19543 0.104587 2.2
    endloop
  endfacet
  facet normal 0.999047 -0.043654 0
    outer loop
      vertex -1.19543 0.104587 0
      vertex -1.2 0 2.2
      vertex -1.2 0 0
    endloop
  endfacet
  facet normal 0.043654 -0.999047 0
    outer loop
      vertex -0.104587 1.19543 0
      vertex 0 1.2 2.2
      vertex -0.104587 1.19543 2.2
    endloop
  endfacet
  facet normal 0.043654 -0.999047 0
    outer loop
      vertex 0 1.2 2.2
      vertex -0.104587 1.19543 0
      vertex 0 1.2 0
    endloop
  endfacet
  facet normal 0.300708 -0.953716 0
    outer loop
      vertex -0.410423 1.12763 0
      vertex -0.310582 1.15911 2.2
      vertex -0.410423 1.12763 2.2
    endloop
  endfacet
  facet normal 0.300708 -0.953716 0
    outer loop
      vertex -0.310582 1.15911 2.2
      vertex -0.410423 1.12763 0
      vertex -0.310582 1.15911 0
    endloop
  endfacet
  facet normal -0.382668 0.923886 0
    outer loop
      vertex 0.507141 -1.08757 0
      vertex 0.410423 -1.12763 2.2
      vertex 0.507141 -1.08757 2.2
    endloop
  endfacet
  facet normal -0.382668 0.923886 0
    outer loop
      vertex 0.410423 -1.12763 2.2
      vertex 0.507141 -1.08757 0
      vertex 0.410423 -1.12763 0
    endloop
  endfacet
  facet normal -0.043654 0.999047 0
    outer loop
      vertex 0.104587 -1.19543 0
      vertex 0 -1.2 2.2
      vertex 0.104587 -1.19543 2.2
    endloop
  endfacet
  facet normal -0.043654 0.999047 0
    outer loop
      vertex 0 -1.2 2.2
      vertex 0.104587 -1.19543 0
      vertex 0 -1.2 0
    endloop
  endfacet
  facet normal -0.461758 -0.887006 0
    outer loop
      vertex 0.507141 1.08757 0
      vertex 0.599999 1.03923 2.2
      vertex 0.507141 1.08757 2.2
    endloop
  endfacet
  facet normal -0.461758 -0.887006 -0
    outer loop
      vertex 0.599999 1.03923 2.2
      vertex 0.507141 1.08757 0
      vertex 0.599999 1.03923 0
    endloop
  endfacet
  facet normal 0.887006 -0.461758 0
    outer loop
      vertex -1.08757 0.507141 2.2
      vertex -1.03923 0.599999 0
      vertex -1.03923 0.599999 2.2
    endloop
  endfacet
  facet normal 0.887006 -0.461758 0
    outer loop
      vertex -1.03923 0.599999 0
      vertex -1.08757 0.507141 2.2
      vertex -1.08757 0.507141 0
    endloop
  endfacet
  facet normal -0.675579 -0.737287 0
    outer loop
      vertex 0.771344 0.919252 0
      vertex 0.848528 0.848528 2.2
      vertex 0.771344 0.919252 2.2
    endloop
  endfacet
  facet normal -0.675579 -0.737287 -0
    outer loop
      vertex 0.848528 0.848528 2.2
      vertex 0.771344 0.919252 0
      vertex 0.848528 0.848528 0
    endloop
  endfacet
  facet normal -0.216455 -0.976293 0
    outer loop
      vertex 0.208377 1.18177 0
      vertex 0.310582 1.15911 2.2
      vertex 0.208377 1.18177 2.2
    endloop
  endfacet
  facet normal -0.216455 -0.976293 -0
    outer loop
      vertex 0.310582 1.15911 2.2
      vertex 0.208377 1.18177 0
      vertex 0.310582 1.15911 0
    endloop
  endfacet
  facet normal 0.923886 -0.382668 0
    outer loop
      vertex -1.12763 0.410423 2.2
      vertex -1.08757 0.507141 0
      vertex -1.08757 0.507141 2.2
    endloop
  endfacet
  facet normal 0.923886 -0.382668 0
    outer loop
      vertex -1.08757 0.507141 0
      vertex -1.12763 0.410423 2.2
      vertex -1.12763 0.410423 0
    endloop
  endfacet
  facet normal 0.793344 -0.608773 0
    outer loop
      vertex -0.982982 0.688292 2.2
      vertex -0.919252 0.771344 0
      vertex -0.919252 0.771344 2.2
    endloop
  endfacet
  facet normal 0.793344 -0.608773 0
    outer loop
      vertex -0.919252 0.771344 0
      vertex -0.982982 0.688292 2.2
      vertex -0.982982 0.688292 0
    endloop
  endfacet
  facet normal 0.382668 -0.923886 0
    outer loop
      vertex -0.507141 1.08757 0
      vertex -0.410423 1.12763 2.2
      vertex -0.507141 1.08757 2.2
    endloop
  endfacet
  facet normal 0.382668 -0.923886 0
    outer loop
      vertex -0.410423 1.12763 2.2
      vertex -0.507141 1.08757 0
      vertex -0.410423 1.12763 0
    endloop
  endfacet
  facet normal -0.953716 0.300708 0
    outer loop
      vertex 1.12763 -0.410423 0
      vertex 1.15911 -0.310582 2.2
      vertex 1.15911 -0.310582 0
    endloop
  endfacet
  facet normal -0.953716 0.300708 0
    outer loop
      vertex 1.15911 -0.310582 2.2
      vertex 1.12763 -0.410423 0
      vertex 1.12763 -0.410423 2.2
    endloop
  endfacet
  facet normal -0.130487 0.99145 0
    outer loop
      vertex 0.208377 -1.18177 0
      vertex 0.104587 -1.19543 2.2
      vertex 0.208377 -1.18177 2.2
    endloop
  endfacet
  facet normal -0.130487 0.99145 0
    outer loop
      vertex 0.104587 -1.19543 2.2
      vertex 0.208377 -1.18177 0
      vertex 0.104587 -1.19543 0
    endloop
  endfacet
  facet normal -0.793344 0.608773 0
    outer loop
      vertex 0.919252 -0.771344 0
      vertex 0.982982 -0.688292 2.2
      vertex 0.982982 -0.688292 0
    endloop
  endfacet
  facet normal -0.793344 0.608773 0
    outer loop
      vertex 0.982982 -0.688292 2.2
      vertex 0.919252 -0.771344 0
      vertex 0.919252 -0.771344 2.2
    endloop
  endfacet
  facet normal -0.793344 -0.608773 0
    outer loop
      vertex 0.982982 0.688292 0
      vertex 0.919252 0.771344 2.2
      vertex 0.919252 0.771344 0
    endloop
  endfacet
  facet normal -0.793344 -0.608773 0
    outer loop
      vertex 0.919252 0.771344 2.2
      vertex 0.982982 0.688292 0
      vertex 0.982982 0.688292 2.2
    endloop
  endfacet
  facet normal 0.675579 -0.737287 0
    outer loop
      vertex -0.848528 0.848528 0
      vertex -0.771344 0.919252 2.2
      vertex -0.848528 0.848528 2.2
    endloop
  endfacet
  facet normal 0.675579 -0.737287 0
    outer loop
      vertex -0.771344 0.919252 2.2
      vertex -0.848528 0.848528 0
      vertex -0.771344 0.919252 0
    endloop
  endfacet
  facet normal -0.999047 0.043654 0
    outer loop
      vertex 1.19543 -0.104587 0
      vertex 1.2 0 2.2
      vertex 1.2 0 0
    endloop
  endfacet
  facet normal -0.999047 0.043654 0
    outer loop
      vertex 1.2 0 2.2
      vertex 1.19543 -0.104587 0
      vertex 1.19543 -0.104587 2.2
    endloop
  endfacet
  facet normal 0.999047 0.043654 0
    outer loop
      vertex -1.19543 -0.104587 2.2
      vertex -1.2 0 0
      vertex -1.2 0 2.2
    endloop
  endfacet
  facet normal 0.999047 0.043654 0
    outer loop
      vertex -1.2 0 0
      vertex -1.19543 -0.104587 2.2
      vertex -1.19543 -0.104587 0
    endloop
  endfacet
  facet normal -0.887006 -0.461758 0
    outer loop
      vertex 1.08757 0.507141 0
      vertex 1.03923 0.599999 2.2
      vertex 1.03923 0.599999 0
    endloop
  endfacet
  facet normal -0.887006 -0.461758 0
    outer loop
      vertex 1.03923 0.599999 2.2
      vertex 1.08757 0.507141 0
      vertex 1.08757 0.507141 2.2
    endloop
  endfacet
  facet normal -0.130487 -0.99145 0
    outer loop
      vertex 0.104587 1.19543 0
      vertex 0.208377 1.18177 2.2
      vertex 0.104587 1.19543 2.2
    endloop
  endfacet
  facet normal -0.130487 -0.99145 -0
    outer loop
      vertex 0.208377 1.18177 2.2
      vertex 0.104587 1.19543 0
      vertex 0.208377 1.18177 0
    endloop
  endfacet
  facet normal -0.382668 -0.923886 0
    outer loop
      vertex 0.410423 1.12763 0
      vertex 0.507141 1.08757 2.2
      vertex 0.410423 1.12763 2.2
    endloop
  endfacet
  facet normal -0.382668 -0.923886 -0
    outer loop
      vertex 0.507141 1.08757 2.2
      vertex 0.410423 1.12763 0
      vertex 0.507141 1.08757 0
    endloop
  endfacet
  facet normal -0.737287 -0.675579 0
    outer loop
      vertex 0.919252 0.771344 0
      vertex 0.848528 0.848528 2.2
      vertex 0.848528 0.848528 0
    endloop
  endfacet
  facet normal -0.737287 -0.675579 0
    outer loop
      vertex 0.848528 0.848528 2.2
      vertex 0.919252 0.771344 0
      vertex 0.919252 0.771344 2.2
    endloop
  endfacet
  facet normal -0.461758 0.887006 0
    outer loop
      vertex 0.599999 -1.03923 0
      vertex 0.507141 -1.08757 2.2
      vertex 0.599999 -1.03923 2.2
    endloop
  endfacet
  facet normal -0.461758 0.887006 0
    outer loop
      vertex 0.507141 -1.08757 2.2
      vertex 0.599999 -1.03923 0
      vertex 0.507141 -1.08757 0
    endloop
  endfacet
  facet normal 0.99145 0.130487 0
    outer loop
      vertex -1.18177 -0.208377 2.2
      vertex -1.19543 -0.104587 0
      vertex -1.19543 -0.104587 2.2
    endloop
  endfacet
  facet normal 0.99145 0.130487 0
    outer loop
      vertex -1.19543 -0.104587 0
      vertex -1.18177 -0.208377 2.2
      vertex -1.18177 -0.208377 0
    endloop
  endfacet
  facet normal -0.537294 0.843395 0
    outer loop
      vertex 0.688292 -0.982982 0
      vertex 0.599999 -1.03923 2.2
      vertex 0.688292 -0.982982 2.2
    endloop
  endfacet
  facet normal -0.537294 0.843395 0
    outer loop
      vertex 0.599999 -1.03923 2.2
      vertex 0.688292 -0.982982 0
      vertex 0.599999 -1.03923 0
    endloop
  endfacet
  facet normal -0.923886 0.382668 0
    outer loop
      vertex 1.08757 -0.507141 0
      vertex 1.12763 -0.410423 2.2
      vertex 1.12763 -0.410423 0
    endloop
  endfacet
  facet normal -0.923886 0.382668 0
    outer loop
      vertex 1.12763 -0.410423 2.2
      vertex 1.08757 -0.507141 0
      vertex 1.08757 -0.507141 2.2
    endloop
  endfacet
  facet normal 0.843395 0.537294 0
    outer loop
      vertex -0.982982 -0.688292 2.2
      vertex -1.03923 -0.599999 0
      vertex -1.03923 -0.599999 2.2
    endloop
  endfacet
  facet normal 0.843395 0.537294 0
    outer loop
      vertex -1.03923 -0.599999 0
      vertex -0.982982 -0.688292 2.2
      vertex -0.982982 -0.688292 0
    endloop
  endfacet
  facet normal -0.887006 0.461758 0
    outer loop
      vertex 1.03923 -0.599999 0
      vertex 1.08757 -0.507141 2.2
      vertex 1.08757 -0.507141 0
    endloop
  endfacet
  facet normal -0.887006 0.461758 0
    outer loop
      vertex 1.08757 -0.507141 2.2
      vertex 1.03923 -0.599999 0
      vertex 1.03923 -0.599999 2.2
    endloop
  endfacet
  facet normal -0.843395 -0.537294 0
    outer loop
      vertex 1.03923 0.599999 0
      vertex 0.982982 0.688292 2.2
      vertex 0.982982 0.688292 0
    endloop
  endfacet
  facet normal -0.843395 -0.537294 0
    outer loop
      vertex 0.982982 0.688292 2.2
      vertex 1.03923 0.599999 0
      vertex 1.03923 0.599999 2.2
    endloop
  endfacet
  facet normal 0.953716 -0.300708 0
    outer loop
      vertex -1.15911 0.310582 2.2
      vertex -1.12763 0.410423 0
      vertex -1.12763 0.410423 2.2
    endloop
  endfacet
  facet normal 0.953716 -0.300708 0
    outer loop
      vertex -1.12763 0.410423 0
      vertex -1.15911 0.310582 2.2
      vertex -1.15911 0.310582 0
    endloop
  endfacet
  facet normal -0.976293 0.216455 0
    outer loop
      vertex 1.15911 -0.310582 0
      vertex 1.18177 -0.208377 2.2
      vertex 1.18177 -0.208377 0
    endloop
  endfacet
  facet normal -0.976293 0.216455 0
    outer loop
      vertex 1.18177 -0.208377 2.2
      vertex 1.15911 -0.310582 0
      vertex 1.15911 -0.310582 2.2
    endloop
  endfacet
  facet normal 0.382668 0.923886 -0
    outer loop
      vertex -0.410423 -1.12763 0
      vertex -0.507141 -1.08757 2.2
      vertex -0.410423 -1.12763 2.2
    endloop
  endfacet
  facet normal 0.382668 0.923886 0
    outer loop
      vertex -0.507141 -1.08757 2.2
      vertex -0.410423 -1.12763 0
      vertex -0.507141 -1.08757 0
    endloop
  endfacet
  facet normal 0.216455 -0.976293 0
    outer loop
      vertex -0.310582 1.15911 0
      vertex -0.208377 1.18177 2.2
      vertex -0.310582 1.15911 2.2
    endloop
  endfacet
  facet normal 0.216455 -0.976293 0
    outer loop
      vertex -0.208377 1.18177 2.2
      vertex -0.310582 1.15911 0
      vertex -0.208377 1.18177 0
    endloop
  endfacet
  facet normal 0.130487 -0.99145 0
    outer loop
      vertex -0.208377 1.18177 0
      vertex -0.104587 1.19543 2.2
      vertex -0.208377 1.18177 2.2
    endloop
  endfacet
  facet normal 0.130487 -0.99145 0
    outer loop
      vertex -0.104587 1.19543 2.2
      vertex -0.208377 1.18177 0
      vertex -0.104587 1.19543 0
    endloop
  endfacet
  facet normal 0.675579 0.737287 -0
    outer loop
      vertex -0.771344 -0.919252 0
      vertex -0.848528 -0.848528 2.2
      vertex -0.771344 -0.919252 2.2
    endloop
  endfacet
  facet normal 0.675579 0.737287 0
    outer loop
      vertex -0.848528 -0.848528 2.2
      vertex -0.771344 -0.919252 0
      vertex -0.848528 -0.848528 0
    endloop
  endfacet
  facet normal 0.887006 0.461758 0
    outer loop
      vertex -1.03923 -0.599999 2.2
      vertex -1.08757 -0.507141 0
      vertex -1.08757 -0.507141 2.2
    endloop
  endfacet
  facet normal 0.887006 0.461758 0
    outer loop
      vertex -1.08757 -0.507141 0
      vertex -1.03923 -0.599999 2.2
      vertex -1.03923 -0.599999 0
    endloop
  endfacet
  facet normal 0.923886 0.382668 0
    outer loop
      vertex -1.08757 -0.507141 2.2
      vertex -1.12763 -0.410423 0
      vertex -1.12763 -0.410423 2.2
    endloop
  endfacet
  facet normal 0.923886 0.382668 0
    outer loop
      vertex -1.12763 -0.410423 0
      vertex -1.08757 -0.507141 2.2
      vertex -1.08757 -0.507141 0
    endloop
  endfacet
  facet normal -0.737287 0.675579 0
    outer loop
      vertex 0.848528 -0.848528 0
      vertex 0.919252 -0.771344 2.2
      vertex 0.919252 -0.771344 0
    endloop
  endfacet
  facet normal -0.737287 0.675579 0
    outer loop
      vertex 0.919252 -0.771344 2.2
      vertex 0.848528 -0.848528 0
      vertex 0.848528 -0.848528 2.2
    endloop
  endfacet
  facet normal 0.793344 0.608773 0
    outer loop
      vertex -0.919252 -0.771344 2.2
      vertex -0.982982 -0.688292 0
      vertex -0.982982 -0.688292 2.2
    endloop
  endfacet
  facet normal 0.793344 0.608773 0
    outer loop
      vertex -0.982982 -0.688292 0
      vertex -0.919252 -0.771344 2.2
      vertex -0.919252 -0.771344 0
    endloop
  endfacet
  facet normal 0.953716 0.300708 0
    outer loop
      vertex -1.12763 -0.410423 2.2
      vertex -1.15911 -0.310582 0
      vertex -1.15911 -0.310582 2.2
    endloop
  endfacet
  facet normal 0.953716 0.300708 0
    outer loop
      vertex -1.15911 -0.310582 0
      vertex -1.12763 -0.410423 2.2
      vertex -1.12763 -0.410423 0
    endloop
  endfacet
  facet normal -0.953716 -0.300708 0
    outer loop
      vertex 1.15911 0.310582 0
      vertex 1.12763 0.410423 2.2
      vertex 1.12763 0.410423 0
    endloop
  endfacet
  facet normal -0.953716 -0.300708 0
    outer loop
      vertex 1.12763 0.410423 2.2
      vertex 1.15911 0.310582 0
      vertex 1.15911 0.310582 2.2
    endloop
  endfacet
  facet normal 0.300708 0.953716 -0
    outer loop
      vertex -0.310582 -1.15911 0
      vertex -0.410423 -1.12763 2.2
      vertex -0.310582 -1.15911 2.2
    endloop
  endfacet
  facet normal 0.300708 0.953716 0
    outer loop
      vertex -0.410423 -1.12763 2.2
      vertex -0.310582 -1.15911 0
      vertex -0.410423 -1.12763 0
    endloop
  endfacet
  facet normal 0.976293 0.216455 0
    outer loop
      vertex -1.15911 -0.310582 2.2
      vertex -1.18177 -0.208377 0
      vertex -1.18177 -0.208377 2.2
    endloop
  endfacet
  facet normal 0.976293 0.216455 0
    outer loop
      vertex -1.18177 -0.208377 0
      vertex -1.15911 -0.310582 2.2
      vertex -1.15911 -0.310582 0
    endloop
  endfacet
  facet normal 0.843395 -0.537294 0
    outer loop
      vertex -1.03923 0.599999 2.2
      vertex -0.982982 0.688292 0
      vertex -0.982982 0.688292 2.2
    endloop
  endfacet
  facet normal 0.843395 -0.537294 0
    outer loop
      vertex -0.982982 0.688292 0
      vertex -1.03923 0.599999 2.2
      vertex -1.03923 0.599999 0
    endloop
  endfacet
  facet normal 0.737287 -0.675579 0
    outer loop
      vertex -0.919252 0.771344 2.2
      vertex -0.848528 0.848528 0
      vertex -0.848528 0.848528 2.2
    endloop
  endfacet
  facet normal 0.737287 -0.675579 0
    outer loop
      vertex -0.848528 0.848528 0
      vertex -0.919252 0.771344 2.2
      vertex -0.919252 0.771344 0
    endloop
  endfacet
  facet normal 0.461758 -0.887006 0
    outer loop
      vertex -0.599999 1.03923 0
      vertex -0.507141 1.08757 2.2
      vertex -0.599999 1.03923 2.2
    endloop
  endfacet
  facet normal 0.461758 -0.887006 0
    outer loop
      vertex -0.507141 1.08757 2.2
      vertex -0.599999 1.03923 0
      vertex -0.507141 1.08757 0
    endloop
  endfacet
  facet normal -0.608773 0.793344 0
    outer loop
      vertex 0.771344 -0.919252 0
      vertex 0.688292 -0.982982 2.2
      vertex 0.771344 -0.919252 2.2
    endloop
  endfacet
  facet normal -0.608773 0.793344 0
    outer loop
      vertex 0.688292 -0.982982 2.2
      vertex 0.771344 -0.919252 0
      vertex 0.688292 -0.982982 0
    endloop
  endfacet
  facet normal 0.537294 0.843395 -0
    outer loop
      vertex -0.599999 -1.03923 0
      vertex -0.688292 -0.982982 2.2
      vertex -0.599999 -1.03923 2.2
    endloop
  endfacet
  facet normal 0.537294 0.843395 0
    outer loop
      vertex -0.688292 -0.982982 2.2
      vertex -0.599999 -1.03923 0
      vertex -0.688292 -0.982982 0
    endloop
  endfacet
  facet normal 0.976293 -0.216455 0
    outer loop
      vertex -1.18177 0.208377 2.2
      vertex -1.15911 0.310582 0
      vertex -1.15911 0.310582 2.2
    endloop
  endfacet
  facet normal 0.976293 -0.216455 0
    outer loop
      vertex -1.15911 0.310582 0
      vertex -1.18177 0.208377 2.2
      vertex -1.18177 0.208377 0
    endloop
  endfacet
  facet normal -0.216455 0.976293 0
    outer loop
      vertex 0.310582 -1.15911 0
      vertex 0.208377 -1.18177 2.2
      vertex 0.310582 -1.15911 2.2
    endloop
  endfacet
  facet normal -0.216455 0.976293 0
    outer loop
      vertex 0.208377 -1.18177 2.2
      vertex 0.310582 -1.15911 0
      vertex 0.208377 -1.18177 0
    endloop
  endfacet
  facet normal 0.99145 -0.130487 0
    outer loop
      vertex -1.19543 0.104587 2.2
      vertex -1.18177 0.208377 0
      vertex -1.18177 0.208377 2.2
    endloop
  endfacet
  facet normal 0.99145 -0.130487 0
    outer loop
      vertex -1.18177 0.208377 0
      vertex -1.19543 0.104587 2.2
      vertex -1.19543 0.104587 0
    endloop
  endfacet
  facet normal 0.537294 -0.843395 0
    outer loop
      vertex -0.688292 0.982982 0
      vertex -0.599999 1.03923 2.2
      vertex -0.688292 0.982982 2.2
    endloop
  endfacet
  facet normal 0.537294 -0.843395 0
    outer loop
      vertex -0.599999 1.03923 2.2
      vertex -0.688292 0.982982 0
      vertex -0.599999 1.03923 0
    endloop
  endfacet
  facet normal -0.675579 0.737287 0
    outer loop
      vertex 0.848528 -0.848528 0
      vertex 0.771344 -0.919252 2.2
      vertex 0.848528 -0.848528 2.2
    endloop
  endfacet
  facet normal -0.675579 0.737287 0
    outer loop
      vertex 0.771344 -0.919252 2.2
      vertex 0.848528 -0.848528 0
      vertex 0.771344 -0.919252 0
    endloop
  endfacet
  facet normal -0.300708 -0.953716 0
    outer loop
      vertex 0.310582 1.15911 0
      vertex 0.410423 1.12763 2.2
      vertex 0.310582 1.15911 2.2
    endloop
  endfacet
  facet normal -0.300708 -0.953716 -0
    outer loop
      vertex 0.410423 1.12763 2.2
      vertex 0.310582 1.15911 0
      vertex 0.410423 1.12763 0
    endloop
  endfacet
  facet normal 0.461758 0.887006 -0
    outer loop
      vertex -0.507141 -1.08757 0
      vertex -0.599999 -1.03923 2.2
      vertex -0.507141 -1.08757 2.2
    endloop
  endfacet
  facet normal 0.461758 0.887006 0
    outer loop
      vertex -0.599999 -1.03923 2.2
      vertex -0.507141 -1.08757 0
      vertex -0.599999 -1.03923 0
    endloop
  endfacet
  facet normal 0.608773 0.793344 -0
    outer loop
      vertex -0.688292 -0.982982 0
      vertex -0.771344 -0.919252 2.2
      vertex -0.688292 -0.982982 2.2
    endloop
  endfacet
  facet normal 0.608773 0.793344 0
    outer loop
      vertex -0.771344 -0.919252 2.2
      vertex -0.688292 -0.982982 0
      vertex -0.771344 -0.919252 0
    endloop
  endfacet
  facet normal -0.991448 -0.130506 0
    outer loop
      vertex 7.84486 0.11766 0
      vertex 7.82949 0.234425 2.2
      vertex 7.82949 0.234425 0
    endloop
  endfacet
  facet normal -0.991448 -0.130506 0
    outer loop
      vertex 7.82949 0.234425 2.2
      vertex 7.84486 0.11766 0
      vertex 7.84486 0.11766 2.2
    endloop
  endfacet
  facet normal -0.999047 -0.0436436 0
    outer loop
      vertex 7.85 0 0
      vertex 7.84486 0.11766 2.2
      vertex 7.84486 0.11766 0
    endloop
  endfacet
  facet normal -0.999047 -0.0436436 0
    outer loop
      vertex 7.84486 0.11766 2.2
      vertex 7.85 0 0
      vertex 7.85 0 2.2
    endloop
  endfacet
  facet normal -0.976297 -0.216436 0
    outer loop
      vertex 7.82949 0.234425 0
      vertex 7.804 0.349405 2.2
      vertex 7.804 0.349405 0
    endloop
  endfacet
  facet normal -0.976297 -0.216436 0
    outer loop
      vertex 7.804 0.349405 2.2
      vertex 7.82949 0.234425 0
      vertex 7.82949 0.234425 2.2
    endloop
  endfacet
  facet normal -0.216418 0.976301 0
    outer loop
      vertex 6.84941 -1.304 0
      vertex 6.73442 -1.32949 2.2
      vertex 6.84941 -1.304 2.2
    endloop
  endfacet
  facet normal -0.216418 0.976301 0
    outer loop
      vertex 6.73442 -1.32949 2.2
      vertex 6.84941 -1.304 0
      vertex 6.73442 -1.32949 0
    endloop
  endfacet
  facet normal 0.216436 -0.976297 0
    outer loop
      vertex 6.15059 1.304 0
      vertex 6.26557 1.32949 2.2
      vertex 6.15059 1.304 2.2
    endloop
  endfacet
  facet normal 0.216436 -0.976297 0
    outer loop
      vertex 6.26557 1.32949 2.2
      vertex 6.15059 1.304 0
      vertex 6.26557 1.32949 0
    endloop
  endfacet
  facet normal 0.887014 0.461742 0
    outer loop
      vertex 5.33086 -0.674999 2.2
      vertex 5.27648 -0.570534 0
      vertex 5.27648 -0.570534 2.2
    endloop
  endfacet
  facet normal 0.887014 0.461742 0
    outer loop
      vertex 5.27648 -0.570534 0
      vertex 5.33086 -0.674999 2.2
      vertex 5.33086 -0.674999 0
    endloop
  endfacet
  facet normal 0.887014 -0.461742 0
    outer loop
      vertex 5.27648 0.570534 2.2
      vertex 5.33086 0.674999 0
      vertex 5.33086 0.674999 2.2
    endloop
  endfacet
  facet normal 0.887014 -0.461742 0
    outer loop
      vertex 5.33086 0.674999 0
      vertex 5.27648 0.570534 2.2
      vertex 5.27648 0.570534 0
    endloop
  endfacet
  facet normal 0.537298 0.843392 -0
    outer loop
      vertex 5.825 -1.16913 0
      vertex 5.72567 -1.10585 2.2
      vertex 5.825 -1.16913 2.2
    endloop
  endfacet
  facet normal 0.537298 0.843392 0
    outer loop
      vertex 5.72567 -1.10585 2.2
      vertex 5.825 -1.16913 0
      vertex 5.72567 -1.10585 0
    endloop
  endfacet
  facet normal 0.537298 -0.843392 0
    outer loop
      vertex 5.72567 1.10585 0
      vertex 5.825 1.16913 2.2
      vertex 5.72567 1.10585 2.2
    endloop
  endfacet
  facet normal 0.537298 -0.843392 0
    outer loop
      vertex 5.825 1.16913 2.2
      vertex 5.72567 1.10585 0
      vertex 5.825 1.16913 0
    endloop
  endfacet
  facet normal -0.130512 0.991447 0
    outer loop
      vertex 6.73442 -1.32949 0
      vertex 6.61766 -1.34486 2.2
      vertex 6.73442 -1.32949 2.2
    endloop
  endfacet
  facet normal -0.130512 0.991447 0
    outer loop
      vertex 6.61766 -1.34486 2.2
      vertex 6.73442 -1.32949 0
      vertex 6.61766 -1.34486 0
    endloop
  endfacet
  facet normal 0.73726 -0.675609 0
    outer loop
      vertex 5.46584 0.867763 2.2
      vertex 5.54541 0.954594 0
      vertex 5.54541 0.954594 2.2
    endloop
  endfacet
  facet normal 0.73726 -0.675609 0
    outer loop
      vertex 5.54541 0.954594 0
      vertex 5.46584 0.867763 2.2
      vertex 5.46584 0.867763 0
    endloop
  endfacet
  facet normal -0.675595 -0.737273 0
    outer loop
      vertex 7.36776 1.03416 0
      vertex 7.45459 0.954594 2.2
      vertex 7.36776 1.03416 2.2
    endloop
  endfacet
  facet normal -0.675595 -0.737273 -0
    outer loop
      vertex 7.45459 0.954594 2.2
      vertex 7.36776 1.03416 0
      vertex 7.45459 0.954594 0
    endloop
  endfacet
  facet normal 0.923878 0.382688 0
    outer loop
      vertex 5.27648 -0.570534 2.2
      vertex 5.23141 -0.461727 0
      vertex 5.23141 -0.461727 2.2
    endloop
  endfacet
  facet normal 0.923878 0.382688 0
    outer loop
      vertex 5.23141 -0.461727 0
      vertex 5.27648 -0.570534 2.2
      vertex 5.27648 -0.570534 0
    endloop
  endfacet
  facet normal -0.73726 0.675609 0
    outer loop
      vertex 7.45459 -0.954594 0
      vertex 7.53416 -0.867763 2.2
      vertex 7.53416 -0.867763 0
    endloop
  endfacet
  facet normal -0.73726 0.675609 0
    outer loop
      vertex 7.53416 -0.867763 2.2
      vertex 7.45459 -0.954594 0
      vertex 7.45459 -0.954594 2.2
    endloop
  endfacet
  facet normal -0.843387 -0.537306 0
    outer loop
      vertex 7.66913 0.674999 0
      vertex 7.60585 0.774327 2.2
      vertex 7.60585 0.774327 0
    endloop
  endfacet
  facet normal -0.843387 -0.537306 0
    outer loop
      vertex 7.60585 0.774327 2.2
      vertex 7.66913 0.674999 0
      vertex 7.66913 0.674999 2.2
    endloop
  endfacet
  facet normal -0.88698 -0.461808 0
    outer loop
      vertex 7.72352 0.570534 0
      vertex 7.66913 0.674999 2.2
      vertex 7.66913 0.674999 0
    endloop
  endfacet
  facet normal -0.88698 -0.461808 0
    outer loop
      vertex 7.66913 0.674999 2.2
      vertex 7.72352 0.570534 0
      vertex 7.72352 0.570534 2.2
    endloop
  endfacet
  facet normal -0.382637 -0.923899 0
    outer loop
      vertex 6.96173 1.26858 0
      vertex 7.07053 1.22352 2.2
      vertex 6.96173 1.26858 2.2
    endloop
  endfacet
  facet normal -0.382637 -0.923899 -0
    outer loop
      vertex 7.07053 1.22352 2.2
      vertex 6.96173 1.26858 0
      vertex 7.07053 1.22352 0
    endloop
  endfacet
  facet normal -0.793378 0.60873 0
    outer loop
      vertex 7.53416 -0.867763 0
      vertex 7.60585 -0.774327 2.2
      vertex 7.60585 -0.774327 0
    endloop
  endfacet
  facet normal -0.793378 0.60873 0
    outer loop
      vertex 7.60585 -0.774327 2.2
      vertex 7.53416 -0.867763 0
      vertex 7.53416 -0.867763 2.2
    endloop
  endfacet
  facet normal -0.976297 0.216436 0
    outer loop
      vertex 7.804 -0.349405 0
      vertex 7.82949 -0.234425 2.2
      vertex 7.82949 -0.234425 0
    endloop
  endfacet
  facet normal -0.976297 0.216436 0
    outer loop
      vertex 7.82949 -0.234425 2.2
      vertex 7.804 -0.349405 0
      vertex 7.804 -0.349405 2.2
    endloop
  endfacet
  facet normal 0.793337 0.608783 0
    outer loop
      vertex 5.46584 -0.867763 2.2
      vertex 5.39414 -0.774327 0
      vertex 5.39414 -0.774327 2.2
    endloop
  endfacet
  facet normal 0.793337 0.608783 0
    outer loop
      vertex 5.39414 -0.774327 0
      vertex 5.46584 -0.867763 2.2
      vertex 5.46584 -0.867763 0
    endloop
  endfacet
  facet normal -0.537298 -0.843392 0
    outer loop
      vertex 7.175 1.16913 0
      vertex 7.27433 1.10585 2.2
      vertex 7.175 1.16913 2.2
    endloop
  endfacet
  facet normal -0.537298 -0.843392 -0
    outer loop
      vertex 7.27433 1.10585 2.2
      vertex 7.175 1.16913 0
      vertex 7.27433 1.10585 0
    endloop
  endfacet
  facet normal -0.608754 -0.793359 0
    outer loop
      vertex 7.27433 1.10585 0
      vertex 7.36776 1.03416 2.2
      vertex 7.27433 1.10585 2.2
    endloop
  endfacet
  facet normal -0.608754 -0.793359 -0
    outer loop
      vertex 7.36776 1.03416 2.2
      vertex 7.27433 1.10585 0
      vertex 7.36776 1.03416 0
    endloop
  endfacet
  facet normal 0.608754 -0.793359 0
    outer loop
      vertex 5.63224 1.03416 0
      vertex 5.72567 1.10585 2.2
      vertex 5.63224 1.03416 2.2
    endloop
  endfacet
  facet normal 0.608754 -0.793359 0
    outer loop
      vertex 5.72567 1.10585 2.2
      vertex 5.63224 1.03416 0
      vertex 5.72567 1.10585 0
    endloop
  endfacet
  facet normal -0.953705 -0.300744 0
    outer loop
      vertex 7.804 0.349405 0
      vertex 7.76858 0.461727 2.2
      vertex 7.76858 0.461727 0
    endloop
  endfacet
  facet normal -0.953705 -0.300744 0
    outer loop
      vertex 7.76858 0.461727 2.2
      vertex 7.804 0.349405 0
      vertex 7.804 0.349405 2.2
    endloop
  endfacet
  facet normal -0.923908 0.382616 0
    outer loop
      vertex 7.72352 -0.570534 0
      vertex 7.76858 -0.461727 2.2
      vertex 7.76858 -0.461727 0
    endloop
  endfacet
  facet normal -0.923908 0.382616 0
    outer loop
      vertex 7.76858 -0.461727 2.2
      vertex 7.72352 -0.570534 0
      vertex 7.72352 -0.570534 2.2
    endloop
  endfacet
  facet normal -0.461791 -0.886989 0
    outer loop
      vertex 7.07053 1.22352 0
      vertex 7.175 1.16913 2.2
      vertex 7.07053 1.22352 2.2
    endloop
  endfacet
  facet normal -0.461791 -0.886989 -0
    outer loop
      vertex 7.175 1.16913 2.2
      vertex 7.07053 1.22352 0
      vertex 7.175 1.16913 0
    endloop
  endfacet
  facet normal 0.793337 -0.608783 0
    outer loop
      vertex 5.39414 0.774327 2.2
      vertex 5.46584 0.867763 0
      vertex 5.46584 0.867763 2.2
    endloop
  endfacet
  facet normal 0.793337 -0.608783 0
    outer loop
      vertex 5.46584 0.867763 0
      vertex 5.39414 0.774327 2.2
      vertex 5.39414 0.774327 0
    endloop
  endfacet
  facet normal 0.991448 -0.130506 0
    outer loop
      vertex 5.15514 0.11766 2.2
      vertex 5.17051 0.234425 0
      vertex 5.17051 0.234425 2.2
    endloop
  endfacet
  facet normal 0.991448 -0.130506 0
    outer loop
      vertex 5.17051 0.234425 0
      vertex 5.15514 0.11766 2.2
      vertex 5.15514 0.11766 0
    endloop
  endfacet
  facet normal -0.537298 0.843392 0
    outer loop
      vertex 7.27433 -1.10585 0
      vertex 7.175 -1.16913 2.2
      vertex 7.27433 -1.10585 2.2
    endloop
  endfacet
  facet normal -0.537298 0.843392 0
    outer loop
      vertex 7.175 -1.16913 2.2
      vertex 7.27433 -1.10585 0
      vertex 7.175 -1.16913 0
    endloop
  endfacet
  facet normal -0.0436436 -0.999047 0
    outer loop
      vertex 6.5 1.35 0
      vertex 6.61766 1.34486 2.2
      vertex 6.5 1.35 2.2
    endloop
  endfacet
  facet normal -0.0436436 -0.999047 -0
    outer loop
      vertex 6.61766 1.34486 2.2
      vertex 6.5 1.35 0
      vertex 6.61766 1.34486 0
    endloop
  endfacet
  facet normal 0.300749 -0.953703 0
    outer loop
      vertex 6.03827 1.26858 0
      vertex 6.15059 1.304 2.2
      vertex 6.03827 1.26858 2.2
    endloop
  endfacet
  facet normal 0.300749 -0.953703 0
    outer loop
      vertex 6.15059 1.304 2.2
      vertex 6.03827 1.26858 0
      vertex 6.15059 1.304 0
    endloop
  endfacet
  facet normal -0.461791 0.886989 0
    outer loop
      vertex 7.175 -1.16913 0
      vertex 7.07053 -1.22352 2.2
      vertex 7.175 -1.16913 2.2
    endloop
  endfacet
  facet normal -0.461791 0.886989 0
    outer loop
      vertex 7.07053 -1.22352 2.2
      vertex 7.175 -1.16913 0
      vertex 7.07053 -1.22352 0
    endloop
  endfacet
  facet normal 0.216436 0.976297 -0
    outer loop
      vertex 6.26557 -1.32949 0
      vertex 6.15059 -1.304 2.2
      vertex 6.26557 -1.32949 2.2
    endloop
  endfacet
  facet normal 0.216436 0.976297 0
    outer loop
      vertex 6.15059 -1.304 2.2
      vertex 6.26557 -1.32949 0
      vertex 6.15059 -1.304 0
    endloop
  endfacet
  facet normal -0.0436436 0.999047 0
    outer loop
      vertex 6.61766 -1.34486 0
      vertex 6.5 -1.35 2.2
      vertex 6.61766 -1.34486 2.2
    endloop
  endfacet
  facet normal -0.0436436 0.999047 0
    outer loop
      vertex 6.5 -1.35 2.2
      vertex 6.61766 -1.34486 0
      vertex 6.5 -1.35 0
    endloop
  endfacet
  facet normal -0.953705 0.300744 0
    outer loop
      vertex 7.76858 -0.461727 0
      vertex 7.804 -0.349405 2.2
      vertex 7.804 -0.349405 0
    endloop
  endfacet
  facet normal -0.953705 0.300744 0
    outer loop
      vertex 7.804 -0.349405 2.2
      vertex 7.76858 -0.461727 0
      vertex 7.76858 -0.461727 2.2
    endloop
  endfacet
  facet normal 0.999047 -0.0436436 0
    outer loop
      vertex 5.15 0 2.2
      vertex 5.15514 0.11766 0
      vertex 5.15514 0.11766 2.2
    endloop
  endfacet
  facet normal 0.999047 -0.0436436 0
    outer loop
      vertex 5.15514 0.11766 0
      vertex 5.15 0 2.2
      vertex 5.15 0 0
    endloop
  endfacet
  facet normal 0.923878 -0.382688 0
    outer loop
      vertex 5.23141 0.461727 2.2
      vertex 5.27648 0.570534 0
      vertex 5.27648 0.570534 2.2
    endloop
  endfacet
  facet normal 0.923878 -0.382688 0
    outer loop
      vertex 5.27648 0.570534 0
      vertex 5.23141 0.461727 2.2
      vertex 5.23141 0.461727 0
    endloop
  endfacet
  facet normal 0.130501 -0.991448 0
    outer loop
      vertex 6.26557 1.32949 0
      vertex 6.38234 1.34486 2.2
      vertex 6.26557 1.32949 2.2
    endloop
  endfacet
  facet normal 0.130501 -0.991448 0
    outer loop
      vertex 6.38234 1.34486 2.2
      vertex 6.26557 1.32949 0
      vertex 6.38234 1.34486 0
    endloop
  endfacet
  facet normal 0.130501 0.991448 -0
    outer loop
      vertex 6.38234 -1.34486 0
      vertex 6.26557 -1.32949 2.2
      vertex 6.38234 -1.34486 2.2
    endloop
  endfacet
  facet normal 0.130501 0.991448 0
    outer loop
      vertex 6.26557 -1.32949 2.2
      vertex 6.38234 -1.34486 0
      vertex 6.26557 -1.32949 0
    endloop
  endfacet
  facet normal 0.461791 0.886989 -0
    outer loop
      vertex 5.92947 -1.22352 0
      vertex 5.825 -1.16913 2.2
      vertex 5.92947 -1.22352 2.2
    endloop
  endfacet
  facet normal 0.461791 0.886989 0
    outer loop
      vertex 5.825 -1.16913 2.2
      vertex 5.92947 -1.22352 0
      vertex 5.825 -1.16913 0
    endloop
  endfacet
  facet normal 0.953729 0.300667 0
    outer loop
      vertex 5.23141 -0.461727 2.2
      vertex 5.196 -0.349405 0
      vertex 5.196 -0.349405 2.2
    endloop
  endfacet
  facet normal 0.953729 0.300667 0
    outer loop
      vertex 5.196 -0.349405 0
      vertex 5.23141 -0.461727 2.2
      vertex 5.23141 -0.461727 0
    endloop
  endfacet
  facet normal -0.923908 -0.382616 0
    outer loop
      vertex 7.76858 0.461727 0
      vertex 7.72352 0.570534 2.2
      vertex 7.72352 0.570534 0
    endloop
  endfacet
  facet normal -0.923908 -0.382616 0
    outer loop
      vertex 7.72352 0.570534 2.2
      vertex 7.76858 0.461727 0
      vertex 7.76858 0.461727 2.2
    endloop
  endfacet
  facet normal -0.999047 0.0436436 0
    outer loop
      vertex 7.84486 -0.11766 0
      vertex 7.85 0 2.2
      vertex 7.85 0 0
    endloop
  endfacet
  facet normal -0.999047 0.0436436 0
    outer loop
      vertex 7.85 0 2.2
      vertex 7.84486 -0.11766 0
      vertex 7.84486 -0.11766 2.2
    endloop
  endfacet
  facet normal 0.976297 -0.216436 0
    outer loop
      vertex 5.17051 0.234425 2.2
      vertex 5.196 0.349405 0
      vertex 5.196 0.349405 2.2
    endloop
  endfacet
  facet normal 0.976297 -0.216436 0
    outer loop
      vertex 5.196 0.349405 0
      vertex 5.17051 0.234425 2.2
      vertex 5.17051 0.234425 0
    endloop
  endfacet
  facet normal -0.991448 0.130506 0
    outer loop
      vertex 7.82949 -0.234425 0
      vertex 7.84486 -0.11766 2.2
      vertex 7.84486 -0.11766 0
    endloop
  endfacet
  facet normal -0.991448 0.130506 0
    outer loop
      vertex 7.84486 -0.11766 2.2
      vertex 7.82949 -0.234425 0
      vertex 7.82949 -0.234425 2.2
    endloop
  endfacet
  facet normal 0.675595 -0.737273 0
    outer loop
      vertex 5.54541 0.954594 0
      vertex 5.63224 1.03416 2.2
      vertex 5.54541 0.954594 2.2
    endloop
  endfacet
  facet normal 0.675595 -0.737273 0
    outer loop
      vertex 5.63224 1.03416 2.2
      vertex 5.54541 0.954594 0
      vertex 5.63224 1.03416 0
    endloop
  endfacet
  facet normal 0.382637 -0.923899 0
    outer loop
      vertex 5.92947 1.22352 0
      vertex 6.03827 1.26858 2.2
      vertex 5.92947 1.22352 2.2
    endloop
  endfacet
  facet normal 0.382637 -0.923899 0
    outer loop
      vertex 6.03827 1.26858 2.2
      vertex 5.92947 1.22352 0
      vertex 6.03827 1.26858 0
    endloop
  endfacet
  facet normal 0.999047 0.0436436 0
    outer loop
      vertex 5.15514 -0.11766 2.2
      vertex 5.15 0 0
      vertex 5.15 0 2.2
    endloop
  endfacet
  facet normal 0.999047 0.0436436 0
    outer loop
      vertex 5.15 0 0
      vertex 5.15514 -0.11766 2.2
      vertex 5.15514 -0.11766 0
    endloop
  endfacet
  facet normal 0.0436436 -0.999047 0
    outer loop
      vertex 6.38234 1.34486 0
      vertex 6.5 1.35 2.2
      vertex 6.38234 1.34486 2.2
    endloop
  endfacet
  facet normal 0.0436436 -0.999047 0
    outer loop
      vertex 6.5 1.35 2.2
      vertex 6.38234 1.34486 0
      vertex 6.5 1.35 0
    endloop
  endfacet
  facet normal -0.130512 -0.991447 0
    outer loop
      vertex 6.61766 1.34486 0
      vertex 6.73442 1.32949 2.2
      vertex 6.61766 1.34486 2.2
    endloop
  endfacet
  facet normal -0.130512 -0.991447 -0
    outer loop
      vertex 6.73442 1.32949 2.2
      vertex 6.61766 1.34486 0
      vertex 6.73442 1.32949 0
    endloop
  endfacet
  facet normal 0.608754 0.793359 -0
    outer loop
      vertex 5.72567 -1.10585 0
      vertex 5.63224 -1.03416 2.2
      vertex 5.72567 -1.10585 2.2
    endloop
  endfacet
  facet normal 0.608754 0.793359 0
    outer loop
      vertex 5.63224 -1.03416 2.2
      vertex 5.72567 -1.10585 0
      vertex 5.63224 -1.03416 0
    endloop
  endfacet
  facet normal -0.382637 0.923899 0
    outer loop
      vertex 7.07053 -1.22352 0
      vertex 6.96173 -1.26858 2.2
      vertex 7.07053 -1.22352 2.2
    endloop
  endfacet
  facet normal -0.382637 0.923899 0
    outer loop
      vertex 6.96173 -1.26858 2.2
      vertex 7.07053 -1.22352 0
      vertex 6.96173 -1.26858 0
    endloop
  endfacet
  facet normal 0.953729 -0.300667 0
    outer loop
      vertex 5.196 0.349405 2.2
      vertex 5.23141 0.461727 0
      vertex 5.23141 0.461727 2.2
    endloop
  endfacet
  facet normal 0.953729 -0.300667 0
    outer loop
      vertex 5.23141 0.461727 0
      vertex 5.196 0.349405 2.2
      vertex 5.196 0.349405 0
    endloop
  endfacet
  facet normal 0.461791 -0.886989 0
    outer loop
      vertex 5.825 1.16913 0
      vertex 5.92947 1.22352 2.2
      vertex 5.825 1.16913 2.2
    endloop
  endfacet
  facet normal 0.461791 -0.886989 0
    outer loop
      vertex 5.92947 1.22352 2.2
      vertex 5.825 1.16913 0
      vertex 5.92947 1.22352 0
    endloop
  endfacet
  facet normal 0.73726 0.675609 0
    outer loop
      vertex 5.54541 -0.954594 2.2
      vertex 5.46584 -0.867763 0
      vertex 5.46584 -0.867763 2.2
    endloop
  endfacet
  facet normal 0.73726 0.675609 0
    outer loop
      vertex 5.46584 -0.867763 0
      vertex 5.54541 -0.954594 2.2
      vertex 5.54541 -0.954594 0
    endloop
  endfacet
  facet normal -0.73726 -0.675609 0
    outer loop
      vertex 7.53416 0.867763 0
      vertex 7.45459 0.954594 2.2
      vertex 7.45459 0.954594 0
    endloop
  endfacet
  facet normal -0.73726 -0.675609 0
    outer loop
      vertex 7.45459 0.954594 2.2
      vertex 7.53416 0.867763 0
      vertex 7.53416 0.867763 2.2
    endloop
  endfacet
  facet normal 0.991448 0.130506 0
    outer loop
      vertex 5.17051 -0.234425 2.2
      vertex 5.15514 -0.11766 0
      vertex 5.15514 -0.11766 2.2
    endloop
  endfacet
  facet normal 0.991448 0.130506 0
    outer loop
      vertex 5.15514 -0.11766 0
      vertex 5.17051 -0.234425 2.2
      vertex 5.17051 -0.234425 0
    endloop
  endfacet
  facet normal -0.216418 -0.976301 0
    outer loop
      vertex 6.73442 1.32949 0
      vertex 6.84941 1.304 2.2
      vertex 6.73442 1.32949 2.2
    endloop
  endfacet
  facet normal -0.216418 -0.976301 -0
    outer loop
      vertex 6.84941 1.304 2.2
      vertex 6.73442 1.32949 0
      vertex 6.84941 1.304 0
    endloop
  endfacet
  facet normal -0.843387 0.537306 0
    outer loop
      vertex 7.60585 -0.774327 0
      vertex 7.66913 -0.674999 2.2
      vertex 7.66913 -0.674999 0
    endloop
  endfacet
  facet normal -0.843387 0.537306 0
    outer loop
      vertex 7.66913 -0.674999 2.2
      vertex 7.60585 -0.774327 0
      vertex 7.60585 -0.774327 2.2
    endloop
  endfacet
  facet normal -0.88698 0.461808 0
    outer loop
      vertex 7.66913 -0.674999 0
      vertex 7.72352 -0.570534 2.2
      vertex 7.72352 -0.570534 0
    endloop
  endfacet
  facet normal -0.88698 0.461808 0
    outer loop
      vertex 7.72352 -0.570534 2.2
      vertex 7.66913 -0.674999 0
      vertex 7.66913 -0.674999 2.2
    endloop
  endfacet
  facet normal -0.300749 0.953703 0
    outer loop
      vertex 6.96173 -1.26858 0
      vertex 6.84941 -1.304 2.2
      vertex 6.96173 -1.26858 2.2
    endloop
  endfacet
  facet normal -0.300749 0.953703 0
    outer loop
      vertex 6.84941 -1.304 2.2
      vertex 6.96173 -1.26858 0
      vertex 6.84941 -1.304 0
    endloop
  endfacet
  facet normal 0.382637 0.923899 -0
    outer loop
      vertex 6.03827 -1.26858 0
      vertex 5.92947 -1.22352 2.2
      vertex 6.03827 -1.26858 2.2
    endloop
  endfacet
  facet normal 0.382637 0.923899 0
    outer loop
      vertex 5.92947 -1.22352 2.2
      vertex 6.03827 -1.26858 0
      vertex 5.92947 -1.22352 0
    endloop
  endfacet
  facet normal -0.793378 -0.60873 0
    outer loop
      vertex 7.60585 0.774327 0
      vertex 7.53416 0.867763 2.2
      vertex 7.53416 0.867763 0
    endloop
  endfacet
  facet normal -0.793378 -0.60873 0
    outer loop
      vertex 7.53416 0.867763 2.2
      vertex 7.60585 0.774327 0
      vertex 7.60585 0.774327 2.2
    endloop
  endfacet
  facet normal 0.300749 0.953703 -0
    outer loop
      vertex 6.15059 -1.304 0
      vertex 6.03827 -1.26858 2.2
      vertex 6.15059 -1.304 2.2
    endloop
  endfacet
  facet normal 0.300749 0.953703 0
    outer loop
      vertex 6.03827 -1.26858 2.2
      vertex 6.15059 -1.304 0
      vertex 6.03827 -1.26858 0
    endloop
  endfacet
  facet normal 0.843387 0.537306 0
    outer loop
      vertex 5.39414 -0.774327 2.2
      vertex 5.33086 -0.674999 0
      vertex 5.33086 -0.674999 2.2
    endloop
  endfacet
  facet normal 0.843387 0.537306 0
    outer loop
      vertex 5.33086 -0.674999 0
      vertex 5.39414 -0.774327 2.2
      vertex 5.39414 -0.774327 0
    endloop
  endfacet
  facet normal 0.675595 0.737273 -0
    outer loop
      vertex 5.63224 -1.03416 0
      vertex 5.54541 -0.954594 2.2
      vertex 5.63224 -1.03416 2.2
    endloop
  endfacet
  facet normal 0.675595 0.737273 0
    outer loop
      vertex 5.54541 -0.954594 2.2
      vertex 5.63224 -1.03416 0
      vertex 5.54541 -0.954594 0
    endloop
  endfacet
  facet normal 0.0436436 0.999047 -0
    outer loop
      vertex 6.5 -1.35 0
      vertex 6.38234 -1.34486 2.2
      vertex 6.5 -1.35 2.2
    endloop
  endfacet
  facet normal 0.0436436 0.999047 0
    outer loop
      vertex 6.38234 -1.34486 2.2
      vertex 6.5 -1.35 0
      vertex 6.38234 -1.34486 0
    endloop
  endfacet
  facet normal -0.675595 0.737273 0
    outer loop
      vertex 7.45459 -0.954594 0
      vertex 7.36776 -1.03416 2.2
      vertex 7.45459 -0.954594 2.2
    endloop
  endfacet
  facet normal -0.675595 0.737273 0
    outer loop
      vertex 7.36776 -1.03416 2.2
      vertex 7.45459 -0.954594 0
      vertex 7.36776 -1.03416 0
    endloop
  endfacet
  facet normal -0.608754 0.793359 0
    outer loop
      vertex 7.36776 -1.03416 0
      vertex 7.27433 -1.10585 2.2
      vertex 7.36776 -1.03416 2.2
    endloop
  endfacet
  facet normal -0.608754 0.793359 0
    outer loop
      vertex 7.27433 -1.10585 2.2
      vertex 7.36776 -1.03416 0
      vertex 7.27433 -1.10585 0
    endloop
  endfacet
  facet normal 0.976297 0.216436 0
    outer loop
      vertex 5.196 -0.349405 2.2
      vertex 5.17051 -0.234425 0
      vertex 5.17051 -0.234425 2.2
    endloop
  endfacet
  facet normal 0.976297 0.216436 0
    outer loop
      vertex 5.17051 -0.234425 0
      vertex 5.196 -0.349405 2.2
      vertex 5.196 -0.349405 0
    endloop
  endfacet
  facet normal 0.843387 -0.537306 0
    outer loop
      vertex 5.33086 0.674999 2.2
      vertex 5.39414 0.774327 0
      vertex 5.39414 0.774327 2.2
    endloop
  endfacet
  facet normal 0.843387 -0.537306 0
    outer loop
      vertex 5.39414 0.774327 0
      vertex 5.33086 0.674999 2.2
      vertex 5.33086 0.674999 0
    endloop
  endfacet
  facet normal -0.300749 -0.953703 0
    outer loop
      vertex 6.84941 1.304 0
      vertex 6.96173 1.26858 2.2
      vertex 6.84941 1.304 2.2
    endloop
  endfacet
  facet normal -0.300749 -0.953703 -0
    outer loop
      vertex 6.96173 1.26858 2.2
      vertex 6.84941 1.304 0
      vertex 6.96173 1.26858 0
    endloop
  endfacet
  facet normal 0.923891 0.382656 0
    outer loop
      vertex 9.78892 13.1971 2.2
      vertex 9.67208 13.4792 0
      vertex 9.67208 13.4792 2.2
    endloop
  endfacet
  facet normal 0.923891 0.382656 0
    outer loop
      vertex 9.67208 13.4792 0
      vertex 9.78892 13.1971 2.2
      vertex 9.78892 13.1971 0
    endloop
  endfacet
  facet normal -0.537303 -0.843389 0
    outer loop
      vertex -2.00752 9.13297 0
      vertex -1.75 8.96891 2.2
      vertex -2.00752 9.13297 2.2
    endloop
  endfacet
  facet normal -0.537303 -0.843389 -0
    outer loop
      vertex -1.75 8.96891 2.2
      vertex -2.00752 9.13297 0
      vertex -1.75 8.96891 0
    endloop
  endfacet
  facet normal -0.0436243 -0.999048 0
    outer loop
      vertex -0.305044 8.51332 0
      vertex 0 8.5 2.2
      vertex -0.305044 8.51332 2.2
    endloop
  endfacet
  facet normal -0.0436243 -0.999048 -0
    outer loop
      vertex 0 8.5 2.2
      vertex -0.305044 8.51332 0
      vertex 0 8.5 0
    endloop
  endfacet
  facet normal -0.461748 -0.887011 0
    outer loop
      vertex -1.75 8.96891 0
      vertex -1.47916 8.82792 2.2
      vertex -1.75 8.96891 2.2
    endloop
  endfacet
  facet normal -0.461748 -0.887011 -0
    outer loop
      vertex -1.47916 8.82792 2.2
      vertex -1.75 8.96891 0
      vertex -1.47916 8.82792 0
    endloop
  endfacet
  facet normal 0 0 1
    outer loop
      vertex 7.85 12 2.2
      vertex 10 12 2.2
      vertex 9.98668 12.305 2.2
    endloop
  endfacet
  facet normal 0 0 1
    outer loop
      vertex 7.84486 12.1177 2.2
      vertex 9.98668 12.305 2.2
      vertex 9.94683 12.6078 2.2
    endloop
  endfacet
  facet normal 0 0 1
    outer loop
      vertex 10 12 2.2
      vertex 7.85 12 2.2
      vertex 9.98668 11.695 2.2
    endloop
  endfacet
  facet normal 0 0 1
    outer loop
      vertex 7.82949 12.2344 2.2
      vertex 9.94683 12.6078 2.2
      vertex 9.88074 12.9059 2.2
    endloop
  endfacet
  facet normal -0 0 1
    outer loop
      vertex 7.84486 11.8823 2.2
      vertex 9.98668 11.695 2.2
      vertex 7.85 12 2.2
    endloop
  endfacet
  facet normal 0 0 1
    outer loop
      vertex 7.804 12.3494 2.2
      vertex 9.88074 12.9059 2.2
      vertex 9.78892 13.1971 2.2
    endloop
  endfacet
  facet normal 0 0 1
    outer loop
      vertex 9.98668 11.695 2.2
      vertex 7.84486 11.8823 2.2
      vertex 9.94683 11.3922 2.2
    endloop
  endfacet
  facet normal 0 0 1
    outer loop
      vertex 7.76858 12.4617 2.2
      vertex 9.78892 13.1971 2.2
      vertex 9.67208 13.4792 2.2
    endloop
  endfacet
  facet normal -0 0 1
    outer loop
      vertex 7.82949 11.7656 2.2
      vertex 9.94683 11.3922 2.2
      vertex 7.84486 11.8823 2.2
    endloop
  endfacet
  facet normal 0 0 1
    outer loop
      vertex 7.72352 12.5705 2.2
      vertex 9.67208 13.4792 2.2
      vertex 9.53109 13.75 2.2
    endloop
  endfacet
  facet normal 0 0 1
    outer loop
      vertex 9.94683 11.3922 2.2
      vertex 7.82949 11.7656 2.2
      vertex 9.88074 11.0941 2.2
    endloop
  endfacet
  facet normal 0 0 1
    outer loop
      vertex 7.66913 12.675 2.2
      vertex 9.53109 13.75 2.2
      vertex 9.36703 14.0075 2.2
    endloop
  endfacet
  facet normal -0 0 1
    outer loop
      vertex 7.804 11.6506 2.2
      vertex 9.88074 11.0941 2.2
      vertex 7.82949 11.7656 2.2
    endloop
  endfacet
  facet normal 0 0 1
    outer loop
      vertex 7.60585 12.7743 2.2
      vertex 9.36703 14.0075 2.2
      vertex 9.18116 14.2498 2.2
    endloop
  endfacet
  facet normal 0 0 1
    outer loop
      vertex 9.88074 11.0941 2.2
      vertex 7.804 11.6506 2.2
      vertex 9.78892 10.8029 2.2
    endloop
  endfacet
  facet normal 0 0 1
    outer loop
      vertex 7.53416 12.8678 2.2
      vertex 9.18116 14.2498 2.2
      vertex 8.97487 14.4749 2.2
    endloop
  endfacet
  facet normal -0 0 1
    outer loop
      vertex 7.76858 11.5383 2.2
      vertex 9.78892 10.8029 2.2
      vertex 7.804 11.6506 2.2
    endloop
  endfacet
  facet normal 0 0 1
    outer loop
      vertex 7.45459 12.9546 2.2
      vertex 8.97487 14.4749 2.2
      vertex 8.74976 14.6812 2.2
    endloop
  endfacet
  facet normal 0 0 1
    outer loop
      vertex 9.78892 10.8029 2.2
      vertex 7.76858 11.5383 2.2
      vertex 9.67208 10.5208 2.2
    endloop
  endfacet
  facet normal 0 0 1
    outer loop
      vertex 7.36776 13.0342 2.2
      vertex 8.74976 14.6812 2.2
      vertex 8.50752 14.867 2.2
    endloop
  endfacet
  facet normal -0 0 1
    outer loop
      vertex 7.72352 11.4295 2.2
      vertex 9.67208 10.5208 2.2
      vertex 7.76858 11.5383 2.2
    endloop
  endfacet
  facet normal 0 0 1
    outer loop
      vertex 7.27433 13.1059 2.2
      vertex 8.50752 14.867 2.2
      vertex 8.25 15.0311 2.2
    endloop
  endfacet
  facet normal 0 0 1
    outer loop
      vertex 9.67208 10.5208 2.2
      vertex 7.72352 11.4295 2.2
      vertex 9.53109 10.25 2.2
    endloop
  endfacet
  facet normal 0 0 1
    outer loop
      vertex 7.175 13.1691 2.2
      vertex 8.25 15.0311 2.2
      vertex 7.97916 15.1721 2.2
    endloop
  endfacet
  facet normal -0 0 1
    outer loop
      vertex 7.66913 11.325 2.2
      vertex 9.53109 10.25 2.2
      vertex 7.72352 11.4295 2.2
    endloop
  endfacet
  facet normal 0 0 1
    outer loop
      vertex 9.53109 10.25 2.2
      vertex 7.66913 11.325 2.2
      vertex 9.36703 9.99248 2.2
    endloop
  endfacet
  facet normal 0 0 1
    outer loop
      vertex 9.98668 12.305 2.2
      vertex 7.84486 12.1177 2.2
      vertex 7.85 12 2.2
    endloop
  endfacet
  facet normal 0 0 1
    outer loop
      vertex 9.94683 12.6078 2.2
      vertex 7.82949 12.2344 2.2
      vertex 7.84486 12.1177 2.2
    endloop
  endfacet
  facet normal 0 0 1
    outer loop
      vertex 9.88074 12.9059 2.2
      vertex 7.804 12.3494 2.2
      vertex 7.82949 12.2344 2.2
    endloop
  endfacet
  facet normal 0 0 1
    outer loop
      vertex 9.78892 13.1971 2.2
      vertex 7.76858 12.4617 2.2
      vertex 7.804 12.3494 2.2
    endloop
  endfacet
  facet normal 0 0 1
    outer loop
      vertex 9.67208 13.4792 2.2
      vertex 7.72352 12.5705 2.2
      vertex 7.76858 12.4617 2.2
    endloop
  endfacet
  facet normal 0 0 1
    outer loop
      vertex 7.07053 13.2235 2.2
      vertex 7.97916 15.1721 2.2
      vertex 7.69707 15.2889 2.2
    endloop
  endfacet
  facet normal 0 0 1
    outer loop
      vertex 9.53109 13.75 2.2
      vertex 7.66913 12.675 2.2
      vertex 7.72352 12.5705 2.2
    endloop
  endfacet
  facet normal 0 0 1
    outer loop
      vertex 9.36703 14.0075 2.2
      vertex 7.60585 12.7743 2.2
      vertex 7.66913 12.675 2.2
    endloop
  endfacet
  facet normal 0 0 1
    outer loop
      vertex 9.18116 14.2498 2.2
      vertex 7.53416 12.8678 2.2
      vertex 7.60585 12.7743 2.2
    endloop
  endfacet
  facet normal 0 0 1
    outer loop
      vertex 8.97487 14.4749 2.2
      vertex 7.45459 12.9546 2.2
      vertex 7.53416 12.8678 2.2
    endloop
  endfacet
  facet normal 0 0 1
    outer loop
      vertex 6.96173 13.2686 2.2
      vertex 7.69707 15.2889 2.2
      vertex 7.40587 15.3807 2.2
    endloop
  endfacet
  facet normal 0 0 1
    outer loop
      vertex 8.74976 14.6812 2.2
      vertex 7.36776 13.0342 2.2
      vertex 7.45459 12.9546 2.2
    endloop
  endfacet
  facet normal 0 0 1
    outer loop
      vertex 8.50752 14.867 2.2
      vertex 7.27433 13.1059 2.2
      vertex 7.36776 13.0342 2.2
    endloop
  endfacet
  facet normal 0 0 1
    outer loop
      vertex 8.25 15.0311 2.2
      vertex 7.175 13.1691 2.2
      vertex 7.27433 13.1059 2.2
    endloop
  endfacet
  facet normal 0 0 1
    outer loop
      vertex 6.84941 13.304 2.2
      vertex 7.40587 15.3807 2.2
      vertex 7.10777 15.4468 2.2
    endloop
  endfacet
  facet normal 0 0 1
    outer loop
      vertex 7.97916 15.1721 2.2
      vertex 7.07053 13.2235 2.2
      vertex 7.175 13.1691 2.2
    endloop
  endfacet
  facet normal 0 0 1
    outer loop
      vertex 7.69707 15.2889 2.2
      vertex 6.96173 13.2686 2.2
      vertex 7.07053 13.2235 2.2
    endloop
  endfacet
  facet normal 0 0 1
    outer loop
      vertex 7.40587 15.3807 2.2
      vertex 6.84941 13.304 2.2
      vertex 6.96173 13.2686 2.2
    endloop
  endfacet
  facet normal 0 0 1
    outer loop
      vertex 6.73442 13.3295 2.2
      vertex 7.10777 15.4468 2.2
      vertex 6.80504 15.4867 2.2
    endloop
  endfacet
  facet normal 0 0 1
    outer loop
      vertex 7.10777 15.4468 2.2
      vertex 6.73442 13.3295 2.2
      vertex 6.84941 13.304 2.2
    endloop
  endfacet
  facet normal 0 0 1
    outer loop
      vertex 6.80504 15.4867 2.2
      vertex 6.61766 13.3449 2.2
      vertex 6.73442 13.3295 2.2
    endloop
  endfacet
  facet normal 0 0 1
    outer loop
      vertex 6.5 15.5 2.2
      vertex 6.61766 13.3449 2.2
      vertex 6.80504 15.4867 2.2
    endloop
  endfacet
  facet normal 0 0 1
    outer loop
      vertex 6.5 15.5 2.2
      vertex 6.5 13.35 2.2
      vertex 6.61766 13.3449 2.2
    endloop
  endfacet
  facet normal 0 0 1
    outer loop
      vertex 6.5 15.5 2.2
      vertex 6.38234 13.3449 2.2
      vertex 6.5 13.35 2.2
    endloop
  endfacet
  facet normal 0 0 1
    outer loop
      vertex 6.5 15.5 2.2
      vertex 6.26557 13.3295 2.2
      vertex 6.38234 13.3449 2.2
    endloop
  endfacet
  facet normal 0 0 1
    outer loop
      vertex 6.5 15.5 2.2
      vertex 6.15059 13.304 2.2
      vertex 6.26557 13.3295 2.2
    endloop
  endfacet
  facet normal 0 0 1
    outer loop
      vertex 6.5 15.5 2.2
      vertex 6.03827 13.2686 2.2
      vertex 6.15059 13.304 2.2
    endloop
  endfacet
  facet normal 0 0 1
    outer loop
      vertex 6.5 15.5 2.2
      vertex 5.92947 13.2235 2.2
      vertex 6.03827 13.2686 2.2
    endloop
  endfacet
  facet normal 0 0 1
    outer loop
      vertex 6.5 15.5 2.2
      vertex 5.825 13.1691 2.2
      vertex 5.92947 13.2235 2.2
    endloop
  endfacet
  facet normal 0 0 1
    outer loop
      vertex 6.5 15.5 2.2
      vertex 5.72567 13.1059 2.2
      vertex 5.825 13.1691 2.2
    endloop
  endfacet
  facet normal 0 0 1
    outer loop
      vertex 6.5 15.5 2.2
      vertex 5.63224 13.0342 2.2
      vertex 5.72567 13.1059 2.2
    endloop
  endfacet
  facet normal 0 0 1
    outer loop
      vertex 6.5 15.5 2.2
      vertex 5.54541 12.9546 2.2
      vertex 5.63224 13.0342 2.2
    endloop
  endfacet
  facet normal -0 0 1
    outer loop
      vertex 0 15.5 2.2
      vertex 5.54541 12.9546 2.2
      vertex 6.5 15.5 2.2
    endloop
  endfacet
  facet normal 0 0 1
    outer loop
      vertex 5.54541 12.9546 2.2
      vertex 0 15.5 2.2
      vertex 5.46584 12.8678 2.2
    endloop
  endfacet
  facet normal 0 -0 1
    outer loop
      vertex 0.848528 12.8485 2.2
      vertex 5.46584 12.8678 2.2
      vertex 0 15.5 2.2
    endloop
  endfacet
  facet normal 0 -0 1
    outer loop
      vertex 0.919252 12.7713 2.2
      vertex 5.46584 12.8678 2.2
      vertex 0.848528 12.8485 2.2
    endloop
  endfacet
  facet normal 0 0 1
    outer loop
      vertex 5.15514 12.1177 2.2
      vertex 1.2 12 2.2
      vertex 5.15 12 2.2
    endloop
  endfacet
  facet normal 0 0 1
    outer loop
      vertex 1.19543 12.1046 2.2
      vertex 5.15514 12.1177 2.2
      vertex 5.17051 12.2344 2.2
    endloop
  endfacet
  facet normal -0 0 1
    outer loop
      vertex 1.15911 12.3106 2.2
      vertex 5.17051 12.2344 2.2
      vertex 5.196 12.3494 2.2
    endloop
  endfacet
  facet normal -0 0 1
    outer loop
      vertex 1.12763 12.4104 2.2
      vertex 5.196 12.3494 2.2
      vertex 5.23141 12.4617 2.2
    endloop
  endfacet
  facet normal -0 0 1
    outer loop
      vertex 1.08757 12.5071 2.2
      vertex 5.23141 12.4617 2.2
      vertex 5.27648 12.5705 2.2
    endloop
  endfacet
  facet normal 0 0 1
    outer loop
      vertex 5.46584 12.8678 2.2
      vertex 0.919252 12.7713 2.2
      vertex 5.39414 12.7743 2.2
    endloop
  endfacet
  facet normal 0 0 1
    outer loop
      vertex 5.15514 12.1177 2.2
      vertex 1.19543 12.1046 2.2
      vertex 1.2 12 2.2
    endloop
  endfacet
  facet normal 0 0 1
    outer loop
      vertex 5.17051 12.2344 2.2
      vertex 1.18177 12.2084 2.2
      vertex 1.19543 12.1046 2.2
    endloop
  endfacet
  facet normal 0 0 1
    outer loop
      vertex 5.17051 12.2344 2.2
      vertex 1.15911 12.3106 2.2
      vertex 1.18177 12.2084 2.2
    endloop
  endfacet
  facet normal 0 0 1
    outer loop
      vertex 5.196 12.3494 2.2
      vertex 1.12763 12.4104 2.2
      vertex 1.15911 12.3106 2.2
    endloop
  endfacet
  facet normal 0 0 1
    outer loop
      vertex 5.23141 12.4617 2.2
      vertex 1.08757 12.5071 2.2
      vertex 1.12763 12.4104 2.2
    endloop
  endfacet
  facet normal 0 0 1
    outer loop
      vertex 5.27648 12.5705 2.2
      vertex 1.03923 12.6 2.2
      vertex 1.08757 12.5071 2.2
    endloop
  endfacet
  facet normal 0 0 1
    outer loop
      vertex 5.33086 12.675 2.2
      vertex 1.03923 12.6 2.2
      vertex 5.27648 12.5705 2.2
    endloop
  endfacet
  facet normal 0 -0 1
    outer loop
      vertex 1.03923 12.6 2.2
      vertex 5.33086 12.675 2.2
      vertex 0.982982 12.6883 2.2
    endloop
  endfacet
  facet normal 0 0 1
    outer loop
      vertex 5.39414 12.7743 2.2
      vertex 0.982982 12.6883 2.2
      vertex 5.33086 12.675 2.2
    endloop
  endfacet
  facet normal 0 -0 1
    outer loop
      vertex 0.982982 12.6883 2.2
      vertex 5.39414 12.7743 2.2
      vertex 0.919252 12.7713 2.2
    endloop
  endfacet
  facet normal 0 0 1
    outer loop
      vertex 0.848528 12.8485 2.2
      vertex 0 15.5 2.2
      vertex 0.771344 12.9193 2.2
    endloop
  endfacet
  facet normal 0 0 1
    outer loop
      vertex 0.771344 12.9193 2.2
      vertex 0 15.5 2.2
      vertex 0.688292 12.983 2.2
    endloop
  endfacet
  facet normal 0 0 1
    outer loop
      vertex 0.688292 12.983 2.2
      vertex 0 15.5 2.2
      vertex 0.599999 13.0392 2.2
    endloop
  endfacet
  facet normal 0 0 1
    outer loop
      vertex 0.599999 13.0392 2.2
      vertex 0 15.5 2.2
      vertex 0.507141 13.0876 2.2
    endloop
  endfacet
  facet normal 0 0 1
    outer loop
      vertex 0.507141 13.0876 2.2
      vertex 0 15.5 2.2
      vertex 0.410423 13.1276 2.2
    endloop
  endfacet
  facet normal 0 0 1
    outer loop
      vertex 0.410423 13.1276 2.2
      vertex 0 15.5 2.2
      vertex 0.310582 13.1591 2.2
    endloop
  endfacet
  facet normal 0 0 1
    outer loop
      vertex 0.310582 13.1591 2.2
      vertex 0 15.5 2.2
      vertex 0.208377 13.1818 2.2
    endloop
  endfacet
  facet normal 0 0 1
    outer loop
      vertex 0.208377 13.1818 2.2
      vertex 0 15.5 2.2
      vertex 0.104587 13.1954 2.2
    endloop
  endfacet
  facet normal 0 0 1
    outer loop
      vertex 0 15.5 2.2
      vertex 0 13.2 2.2
      vertex 0.104587 13.1954 2.2
    endloop
  endfacet
  facet normal 0 0 1
    outer loop
      vertex 0 15.5 2.2
      vertex -0.104587 13.1954 2.2
      vertex 0 13.2 2.2
    endloop
  endfacet
  facet normal -0 0 1
    outer loop
      vertex -0.305044 15.4867 2.2
      vertex -0.104587 13.1954 2.2
      vertex 0 15.5 2.2
    endloop
  endfacet
  facet normal 0 0 1
    outer loop
      vertex -0.104587 13.1954 2.2
      vertex -0.305044 15.4867 2.2
      vertex -0.208377 13.1818 2.2
    endloop
  endfacet
  facet normal -0 0 1
    outer loop
      vertex -0.607768 15.4468 2.2
      vertex -0.208377 13.1818 2.2
      vertex -0.305044 15.4867 2.2
    endloop
  endfacet
  facet normal 0 0 1
    outer loop
      vertex -0.208377 13.1818 2.2
      vertex -0.607768 15.4468 2.2
      vertex -0.310582 13.1591 2.2
    endloop
  endfacet
  facet normal -0 0 1
    outer loop
      vertex -0.905867 15.3807 2.2
      vertex -0.310582 13.1591 2.2
      vertex -0.607768 15.4468 2.2
    endloop
  endfacet
  facet normal 0 0 1
    outer loop
      vertex -0.310582 13.1591 2.2
      vertex -0.905867 15.3807 2.2
      vertex -0.410423 13.1276 2.2
    endloop
  endfacet
  facet normal -0 0 1
    outer loop
      vertex -1.19707 15.2889 2.2
      vertex -0.410423 13.1276 2.2
      vertex -0.905867 15.3807 2.2
    endloop
  endfacet
  facet normal 0 0 1
    outer loop
      vertex -0.410423 13.1276 2.2
      vertex -1.19707 15.2889 2.2
      vertex -0.507141 13.0876 2.2
    endloop
  endfacet
  facet normal -0 0 1
    outer loop
      vertex -1.47916 15.1721 2.2
      vertex -0.507141 13.0876 2.2
      vertex -1.19707 15.2889 2.2
    endloop
  endfacet
  facet normal 0 0 1
    outer loop
      vertex -0.507141 13.0876 2.2
      vertex -1.47916 15.1721 2.2
      vertex -0.599999 13.0392 2.2
    endloop
  endfacet
  facet normal -0 0 1
    outer loop
      vertex -1.75 15.0311 2.2
      vertex -0.599999 13.0392 2.2
      vertex -1.47916 15.1721 2.2
    endloop
  endfacet
  facet normal 0 0 1
    outer loop
      vertex -0.599999 13.0392 2.2
      vertex -1.75 15.0311 2.2
      vertex -0.688292 12.983 2.2
    endloop
  endfacet
  facet normal -0 0 1
    outer loop
      vertex -2.00752 14.867 2.2
      vertex -0.688292 12.983 2.2
      vertex -1.75 15.0311 2.2
    endloop
  endfacet
  facet normal 0 0 1
    outer loop
      vertex -0.688292 12.983 2.2
      vertex -2.00752 14.867 2.2
      vertex -0.771344 12.9193 2.2
    endloop
  endfacet
  facet normal -0 0 1
    outer loop
      vertex -2.24976 14.6812 2.2
      vertex -0.771344 12.9193 2.2
      vertex -2.00752 14.867 2.2
    endloop
  endfacet
  facet normal 0 0 1
    outer loop
      vertex -0.771344 12.9193 2.2
      vertex -2.24976 14.6812 2.2
      vertex -0.848528 12.8485 2.2
    endloop
  endfacet
  facet normal -0 0 1
    outer loop
      vertex -2.47487 14.4749 2.2
      vertex -0.848528 12.8485 2.2
      vertex -2.24976 14.6812 2.2
    endloop
  endfacet
  facet normal 0 0 1
    outer loop
      vertex -0.848528 12.8485 2.2
      vertex -2.47487 14.4749 2.2
      vertex -0.919252 12.7713 2.2
    endloop
  endfacet
  facet normal -0 0 1
    outer loop
      vertex -2.68116 14.2498 2.2
      vertex -0.919252 12.7713 2.2
      vertex -2.47487 14.4749 2.2
    endloop
  endfacet
  facet normal 0 0 1
    outer loop
      vertex -0.919252 12.7713 2.2
      vertex -2.68116 14.2498 2.2
      vertex -0.982982 12.6883 2.2
    endloop
  endfacet
  facet normal -0 0 1
    outer loop
      vertex -2.86703 14.0075 2.2
      vertex -0.982982 12.6883 2.2
      vertex -2.68116 14.2498 2.2
    endloop
  endfacet
  facet normal 0 0 1
    outer loop
      vertex -0.982982 12.6883 2.2
      vertex -2.86703 14.0075 2.2
      vertex -1.03923 12.6 2.2
    endloop
  endfacet
  facet normal -0 0 1
    outer loop
      vertex 7.60585 11.2257 2.2
      vertex 9.36703 9.99248 2.2
      vertex 7.66913 11.325 2.2
    endloop
  endfacet
  facet normal 0 0 1
    outer loop
      vertex 9.36703 9.99248 2.2
      vertex 7.60585 11.2257 2.2
      vertex 9.18116 9.75024 2.2
    endloop
  endfacet
  facet normal -0 0 1
    outer loop
      vertex 7.53416 11.1322 2.2
      vertex 9.18116 9.75024 2.2
      vertex 7.60585 11.2257 2.2
    endloop
  endfacet
  facet normal 0 0 1
    outer loop
      vertex 9.18116 9.75024 2.2
      vertex 7.53416 11.1322 2.2
      vertex 8.97487 9.52513 2.2
    endloop
  endfacet
  facet normal -0 0 1
    outer loop
      vertex 7.45459 11.0454 2.2
      vertex 8.97487 9.52513 2.2
      vertex 7.53416 11.1322 2.2
    endloop
  endfacet
  facet normal 0 0 1
    outer loop
      vertex 8.97487 9.52513 2.2
      vertex 7.45459 11.0454 2.2
      vertex 8.74976 9.31884 2.2
    endloop
  endfacet
  facet normal -0 0 1
    outer loop
      vertex 7.36776 10.9658 2.2
      vertex 8.74976 9.31884 2.2
      vertex 7.45459 11.0454 2.2
    endloop
  endfacet
  facet normal 0 0 1
    outer loop
      vertex 8.74976 9.31884 2.2
      vertex 7.36776 10.9658 2.2
      vertex 8.50752 9.13297 2.2
    endloop
  endfacet
  facet normal -0 0 1
    outer loop
      vertex 7.27433 10.8941 2.2
      vertex 8.50752 9.13297 2.2
      vertex 7.36776 10.9658 2.2
    endloop
  endfacet
  facet normal 0 0 1
    outer loop
      vertex 8.50752 9.13297 2.2
      vertex 7.27433 10.8941 2.2
      vertex 8.25 8.96891 2.2
    endloop
  endfacet
  facet normal -0 0 1
    outer loop
      vertex 7.175 10.8309 2.2
      vertex 8.25 8.96891 2.2
      vertex 7.27433 10.8941 2.2
    endloop
  endfacet
  facet normal 0 0 1
    outer loop
      vertex 8.25 8.96891 2.2
      vertex 7.175 10.8309 2.2
      vertex 7.97916 8.82792 2.2
    endloop
  endfacet
  facet normal -0 0 1
    outer loop
      vertex 7.07053 10.7765 2.2
      vertex 7.97916 8.82792 2.2
      vertex 7.175 10.8309 2.2
    endloop
  endfacet
  facet normal 0 0 1
    outer loop
      vertex 7.97916 8.82792 2.2
      vertex 7.07053 10.7765 2.2
      vertex 7.69707 8.71108 2.2
    endloop
  endfacet
  facet normal -0 0 1
    outer loop
      vertex 6.96173 10.7314 2.2
      vertex 7.69707 8.71108 2.2
      vertex 7.07053 10.7765 2.2
    endloop
  endfacet
  facet normal 0 0 1
    outer loop
      vertex 7.69707 8.71108 2.2
      vertex 6.96173 10.7314 2.2
      vertex 7.40587 8.61926 2.2
    endloop
  endfacet
  facet normal -0 0 1
    outer loop
      vertex 6.84941 10.696 2.2
      vertex 7.40587 8.61926 2.2
      vertex 6.96173 10.7314 2.2
    endloop
  endfacet
  facet normal 0 0 1
    outer loop
      vertex 7.40587 8.61926 2.2
      vertex 6.84941 10.696 2.2
      vertex 7.10777 8.55317 2.2
    endloop
  endfacet
  facet normal -0 0 1
    outer loop
      vertex 6.73442 10.6705 2.2
      vertex 7.10777 8.55317 2.2
      vertex 6.84941 10.696 2.2
    endloop
  endfacet
  facet normal 0 0 1
    outer loop
      vertex 7.10777 8.55317 2.2
      vertex 6.73442 10.6705 2.2
      vertex 6.80504 8.51332 2.2
    endloop
  endfacet
  facet normal -0 0 1
    outer loop
      vertex 6.61766 10.6551 2.2
      vertex 6.80504 8.51332 2.2
      vertex 6.73442 10.6705 2.2
    endloop
  endfacet
  facet normal -0 0 1
    outer loop
      vertex 6.5 10.65 2.2
      vertex 6.80504 8.51332 2.2
      vertex 6.61766 10.6551 2.2
    endloop
  endfacet
  facet normal 0 0 1
    outer loop
      vertex 6.5 10.65 2.2
      vertex 6.5 8.5 2.2
      vertex 6.80504 8.51332 2.2
    endloop
  endfacet
  facet normal 0 0 1
    outer loop
      vertex 6.38234 10.6551 2.2
      vertex 6.5 8.5 2.2
      vertex 6.5 10.65 2.2
    endloop
  endfacet
  facet normal 0 0 1
    outer loop
      vertex 6.26557 10.6705 2.2
      vertex 6.5 8.5 2.2
      vertex 6.38234 10.6551 2.2
    endloop
  endfacet
  facet normal 0 0 1
    outer loop
      vertex 6.15059 10.696 2.2
      vertex 6.5 8.5 2.2
      vertex 6.26557 10.6705 2.2
    endloop
  endfacet
  facet normal 0 0 1
    outer loop
      vertex 6.03827 10.7314 2.2
      vertex 6.5 8.5 2.2
      vertex 6.15059 10.696 2.2
    endloop
  endfacet
  facet normal 0 0 1
    outer loop
      vertex 5.92947 10.7765 2.2
      vertex 6.5 8.5 2.2
      vertex 6.03827 10.7314 2.2
    endloop
  endfacet
  facet normal 0 0 1
    outer loop
      vertex 5.825 10.8309 2.2
      vertex 6.5 8.5 2.2
      vertex 5.92947 10.7765 2.2
    endloop
  endfacet
  facet normal 0 0 1
    outer loop
      vertex 5.72567 10.8941 2.2
      vertex 6.5 8.5 2.2
      vertex 5.825 10.8309 2.2
    endloop
  endfacet
  facet normal 0 0 1
    outer loop
      vertex 5.63224 10.9658 2.2
      vertex 6.5 8.5 2.2
      vertex 5.72567 10.8941 2.2
    endloop
  endfacet
  facet normal 0 0 1
    outer loop
      vertex 5.54541 11.0454 2.2
      vertex 6.5 8.5 2.2
      vertex 5.63224 10.9658 2.2
    endloop
  endfacet
  facet normal 0 0 1
    outer loop
      vertex 0 8.5 2.2
      vertex 5.54541 11.0454 2.2
      vertex 5.46584 11.1322 2.2
    endloop
  endfacet
  facet normal 0 0 1
    outer loop
      vertex 0.919252 11.2287 2.2
      vertex 5.46584 11.1322 2.2
      vertex 5.39414 11.2257 2.2
    endloop
  endfacet
  facet normal -0 0 1
    outer loop
      vertex 0.982982 11.3117 2.2
      vertex 5.39414 11.2257 2.2
      vertex 5.33086 11.325 2.2
    endloop
  endfacet
  facet normal -0 0 1
    outer loop
      vertex 1.03923 11.4 2.2
      vertex 5.33086 11.325 2.2
      vertex 5.27648 11.4295 2.2
    endloop
  endfacet
  facet normal -0 0 1
    outer loop
      vertex 1.2 12 2.2
      vertex 5.15514 11.8823 2.2
      vertex 5.15 12 2.2
    endloop
  endfacet
  facet normal -0 0 1
    outer loop
      vertex 1.19543 11.8954 2.2
      vertex 5.15514 11.8823 2.2
      vertex 1.2 12 2.2
    endloop
  endfacet
  facet normal 0 0 1
    outer loop
      vertex 5.15514 11.8823 2.2
      vertex 1.19543 11.8954 2.2
      vertex 5.17051 11.7656 2.2
    endloop
  endfacet
  facet normal -0 0 1
    outer loop
      vertex 1.18177 11.7916 2.2
      vertex 5.17051 11.7656 2.2
      vertex 1.19543 11.8954 2.2
    endloop
  endfacet
  facet normal 0 0 1
    outer loop
      vertex 1.15911 11.6894 2.2
      vertex 5.17051 11.7656 2.2
      vertex 1.18177 11.7916 2.2
    endloop
  endfacet
  facet normal 0 0 1
    outer loop
      vertex 5.17051 11.7656 2.2
      vertex 1.15911 11.6894 2.2
      vertex 5.196 11.6506 2.2
    endloop
  endfacet
  facet normal 0 0 1
    outer loop
      vertex 1.12763 11.5896 2.2
      vertex 5.196 11.6506 2.2
      vertex 1.15911 11.6894 2.2
    endloop
  endfacet
  facet normal 0 0 1
    outer loop
      vertex 5.196 11.6506 2.2
      vertex 1.12763 11.5896 2.2
      vertex 5.23141 11.5383 2.2
    endloop
  endfacet
  facet normal 0 0 1
    outer loop
      vertex 1.08757 11.4929 2.2
      vertex 5.23141 11.5383 2.2
      vertex 1.12763 11.5896 2.2
    endloop
  endfacet
  facet normal 0 0 1
    outer loop
      vertex 5.23141 11.5383 2.2
      vertex 1.08757 11.4929 2.2
      vertex 5.27648 11.4295 2.2
    endloop
  endfacet
  facet normal 0 0 1
    outer loop
      vertex 1.03923 11.4 2.2
      vertex 5.27648 11.4295 2.2
      vertex 1.08757 11.4929 2.2
    endloop
  endfacet
  facet normal 0 0 1
    outer loop
      vertex 5.33086 11.325 2.2
      vertex 1.03923 11.4 2.2
      vertex 0.982982 11.3117 2.2
    endloop
  endfacet
  facet normal 0 0 1
    outer loop
      vertex 5.39414 11.2257 2.2
      vertex 0.982982 11.3117 2.2
      vertex 0.919252 11.2287 2.2
    endloop
  endfacet
  facet normal 0 0 1
    outer loop
      vertex 5.46584 11.1322 2.2
      vertex 0.919252 11.2287 2.2
      vertex 0.848528 11.1515 2.2
    endloop
  endfacet
  facet normal 0 0 1
    outer loop
      vertex 5.46584 11.1322 2.2
      vertex 0.848528 11.1515 2.2
      vertex 0 8.5 2.2
    endloop
  endfacet
  facet normal 0 0 1
    outer loop
      vertex 0 8.5 2.2
      vertex 0.848528 11.1515 2.2
      vertex 0.771344 11.0807 2.2
    endloop
  endfacet
  facet normal 0 0 1
    outer loop
      vertex 0 8.5 2.2
      vertex 0.771344 11.0807 2.2
      vertex 0.688292 11.017 2.2
    endloop
  endfacet
  facet normal 0 0 1
    outer loop
      vertex 0 8.5 2.2
      vertex 0.688292 11.017 2.2
      vertex 0.599999 10.9608 2.2
    endloop
  endfacet
  facet normal 0 0 1
    outer loop
      vertex 0 8.5 2.2
      vertex 0.599999 10.9608 2.2
      vertex 0.507141 10.9124 2.2
    endloop
  endfacet
  facet normal 0 0 1
    outer loop
      vertex 0 8.5 2.2
      vertex 0.507141 10.9124 2.2
      vertex 0.410423 10.8724 2.2
    endloop
  endfacet
  facet normal 0 0 1
    outer loop
      vertex 0 8.5 2.2
      vertex 0.410423 10.8724 2.2
      vertex 0.310582 10.8409 2.2
    endloop
  endfacet
  facet normal 0 0 1
    outer loop
      vertex 0 8.5 2.2
      vertex 0.310582 10.8409 2.2
      vertex 0.208377 10.8182 2.2
    endloop
  endfacet
  facet normal 0 0 1
    outer loop
      vertex 0 8.5 2.2
      vertex 0.208377 10.8182 2.2
      vertex 0.104587 10.8046 2.2
    endloop
  endfacet
  facet normal 0 0 1
    outer loop
      vertex 0 8.5 2.2
      vertex 0.104587 10.8046 2.2
      vertex 0 10.8 2.2
    endloop
  endfacet
  facet normal 0 0 1
    outer loop
      vertex 5.54541 11.0454 2.2
      vertex 0 8.5 2.2
      vertex 6.5 8.5 2.2
    endloop
  endfacet
  facet normal 0 0 1
    outer loop
      vertex -0.104587 10.8046 2.2
      vertex 0 8.5 2.2
      vertex 0 10.8 2.2
    endloop
  endfacet
  facet normal 0 0 1
    outer loop
      vertex -0.305044 8.51332 2.2
      vertex -0.104587 10.8046 2.2
      vertex -0.208377 10.8182 2.2
    endloop
  endfacet
  facet normal 0 0 1
    outer loop
      vertex -0.104587 10.8046 2.2
      vertex -0.305044 8.51332 2.2
      vertex 0 8.5 2.2
    endloop
  endfacet
  facet normal 0 0 1
    outer loop
      vertex -0.607768 8.55317 2.2
      vertex -0.208377 10.8182 2.2
      vertex -0.310582 10.8409 2.2
    endloop
  endfacet
  facet normal 0 0 1
    outer loop
      vertex -0.905867 8.61926 2.2
      vertex -0.310582 10.8409 2.2
      vertex -0.410423 10.8724 2.2
    endloop
  endfacet
  facet normal 0 0 1
    outer loop
      vertex -1.19707 8.71108 2.2
      vertex -0.410423 10.8724 2.2
      vertex -0.507141 10.9124 2.2
    endloop
  endfacet
  facet normal 0 0 1
    outer loop
      vertex -1.47916 8.82792 2.2
      vertex -0.507141 10.9124 2.2
      vertex -0.599999 10.9608 2.2
    endloop
  endfacet
  facet normal 0 0 1
    outer loop
      vertex -0.208377 10.8182 2.2
      vertex -0.607768 8.55317 2.2
      vertex -0.305044 8.51332 2.2
    endloop
  endfacet
  facet normal 0 0 1
    outer loop
      vertex -1.75 8.96891 2.2
      vertex -0.599999 10.9608 2.2
      vertex -0.688292 11.017 2.2
    endloop
  endfacet
  facet normal 0 0 1
    outer loop
      vertex -2.00752 9.13297 2.2
      vertex -0.688292 11.017 2.2
      vertex -0.771344 11.0807 2.2
    endloop
  endfacet
  facet normal 0 0 1
    outer loop
      vertex -2.24976 9.31884 2.2
      vertex -0.771344 11.0807 2.2
      vertex -0.848528 11.1515 2.2
    endloop
  endfacet
  facet normal 0 0 1
    outer loop
      vertex -0.310582 10.8409 2.2
      vertex -0.905867 8.61926 2.2
      vertex -0.607768 8.55317 2.2
    endloop
  endfacet
  facet normal 0 0 1
    outer loop
      vertex -2.47487 9.52513 2.2
      vertex -0.848528 11.1515 2.2
      vertex -0.919252 11.2287 2.2
    endloop
  endfacet
  facet normal 0 0 1
    outer loop
      vertex -2.68116 9.75024 2.2
      vertex -0.919252 11.2287 2.2
      vertex -0.982982 11.3117 2.2
    endloop
  endfacet
  facet normal 0 0 1
    outer loop
      vertex -2.86703 9.99248 2.2
      vertex -0.982982 11.3117 2.2
      vertex -1.03923 11.4 2.2
    endloop
  endfacet
  facet normal 0 0 1
    outer loop
      vertex -3.03109 10.25 2.2
      vertex -1.03923 11.4 2.2
      vertex -1.08757 11.4929 2.2
    endloop
  endfacet
  facet normal 0 0 1
    outer loop
      vertex -3.17208 10.5208 2.2
      vertex -1.08757 11.4929 2.2
      vertex -1.12763 11.5896 2.2
    endloop
  endfacet
  facet normal 0 0 1
    outer loop
      vertex -3.28892 10.8029 2.2
      vertex -1.12763 11.5896 2.2
      vertex -1.15911 11.6894 2.2
    endloop
  endfacet
  facet normal 0 0 1
    outer loop
      vertex -3.38074 11.0941 2.2
      vertex -1.15911 11.6894 2.2
      vertex -1.18177 11.7916 2.2
    endloop
  endfacet
  facet normal 0 0 1
    outer loop
      vertex -3.44683 11.3922 2.2
      vertex -1.18177 11.7916 2.2
      vertex -1.19543 11.8954 2.2
    endloop
  endfacet
  facet normal 0 0 1
    outer loop
      vertex -0.410423 10.8724 2.2
      vertex -1.19707 8.71108 2.2
      vertex -0.905867 8.61926 2.2
    endloop
  endfacet
  facet normal 0 0 1
    outer loop
      vertex -3.48668 11.695 2.2
      vertex -1.19543 11.8954 2.2
      vertex -1.2 12 2.2
    endloop
  endfacet
  facet normal -0 0 1
    outer loop
      vertex -3.03109 13.75 2.2
      vertex -1.03923 12.6 2.2
      vertex -2.86703 14.0075 2.2
    endloop
  endfacet
  facet normal 0 0 1
    outer loop
      vertex -0.507141 10.9124 2.2
      vertex -1.47916 8.82792 2.2
      vertex -1.19707 8.71108 2.2
    endloop
  endfacet
  facet normal 0 0 1
    outer loop
      vertex -1.03923 12.6 2.2
      vertex -3.03109 13.75 2.2
      vertex -1.08757 12.5071 2.2
    endloop
  endfacet
  facet normal 0 0 1
    outer loop
      vertex -0.599999 10.9608 2.2
      vertex -1.75 8.96891 2.2
      vertex -1.47916 8.82792 2.2
    endloop
  endfacet
  facet normal -0 0 1
    outer loop
      vertex -3.17208 13.4792 2.2
      vertex -1.08757 12.5071 2.2
      vertex -3.03109 13.75 2.2
    endloop
  endfacet
  facet normal 0 0 1
    outer loop
      vertex -0.688292 11.017 2.2
      vertex -2.00752 9.13297 2.2
      vertex -1.75 8.96891 2.2
    endloop
  endfacet
  facet normal 0 0 1
    outer loop
      vertex -1.08757 12.5071 2.2
      vertex -3.17208 13.4792 2.2
      vertex -1.12763 12.4104 2.2
    endloop
  endfacet
  facet normal 0 0 1
    outer loop
      vertex -0.771344 11.0807 2.2
      vertex -2.24976 9.31884 2.2
      vertex -2.00752 9.13297 2.2
    endloop
  endfacet
  facet normal -0 0 1
    outer loop
      vertex -3.28892 13.1971 2.2
      vertex -1.12763 12.4104 2.2
      vertex -3.17208 13.4792 2.2
    endloop
  endfacet
  facet normal 0 0 1
    outer loop
      vertex -0.848528 11.1515 2.2
      vertex -2.47487 9.52513 2.2
      vertex -2.24976 9.31884 2.2
    endloop
  endfacet
  facet normal 0 0 1
    outer loop
      vertex -1.12763 12.4104 2.2
      vertex -3.28892 13.1971 2.2
      vertex -1.15911 12.3106 2.2
    endloop
  endfacet
  facet normal 0 0 1
    outer loop
      vertex -0.919252 11.2287 2.2
      vertex -2.68116 9.75024 2.2
      vertex -2.47487 9.52513 2.2
    endloop
  endfacet
  facet normal -0 0 1
    outer loop
      vertex -3.38074 12.9059 2.2
      vertex -1.15911 12.3106 2.2
      vertex -3.28892 13.1971 2.2
    endloop
  endfacet
  facet normal 0 0 1
    outer loop
      vertex -0.982982 11.3117 2.2
      vertex -2.86703 9.99248 2.2
      vertex -2.68116 9.75024 2.2
    endloop
  endfacet
  facet normal 0 0 1
    outer loop
      vertex -1.15911 12.3106 2.2
      vertex -3.38074 12.9059 2.2
      vertex -1.18177 12.2084 2.2
    endloop
  endfacet
  facet normal 0 0 1
    outer loop
      vertex -1.03923 11.4 2.2
      vertex -3.03109 10.25 2.2
      vertex -2.86703 9.99248 2.2
    endloop
  endfacet
  facet normal -0 0 1
    outer loop
      vertex -3.44683 12.6078 2.2
      vertex -1.18177 12.2084 2.2
      vertex -3.38074 12.9059 2.2
    endloop
  endfacet
  facet normal 0 0 1
    outer loop
      vertex -1.08757 11.4929 2.2
      vertex -3.17208 10.5208 2.2
      vertex -3.03109 10.25 2.2
    endloop
  endfacet
  facet normal 0 0 1
    outer loop
      vertex -1.18177 12.2084 2.2
      vertex -3.44683 12.6078 2.2
      vertex -1.19543 12.1046 2.2
    endloop
  endfacet
  facet normal 0 0 1
    outer loop
      vertex -1.12763 11.5896 2.2
      vertex -3.28892 10.8029 2.2
      vertex -3.17208 10.5208 2.2
    endloop
  endfacet
  facet normal -0 0 1
    outer loop
      vertex -3.48668 12.305 2.2
      vertex -1.19543 12.1046 2.2
      vertex -3.44683 12.6078 2.2
    endloop
  endfacet
  facet normal 0 0 1
    outer loop
      vertex -1.15911 11.6894 2.2
      vertex -3.38074 11.0941 2.2
      vertex -3.28892 10.8029 2.2
    endloop
  endfacet
  facet normal 0 0 1
    outer loop
      vertex -1.19543 12.1046 2.2
      vertex -3.48668 12.305 2.2
      vertex -1.2 12 2.2
    endloop
  endfacet
  facet normal 0 0 1
    outer loop
      vertex -1.18177 11.7916 2.2
      vertex -3.44683 11.3922 2.2
      vertex -3.38074 11.0941 2.2
    endloop
  endfacet
  facet normal 0 0 1
    outer loop
      vertex -3.5 12 2.2
      vertex -1.2 12 2.2
      vertex -3.48668 12.305 2.2
    endloop
  endfacet
  facet normal 0 0 1
    outer loop
      vertex -1.19543 11.8954 2.2
      vertex -3.48668 11.695 2.2
      vertex -3.44683 11.3922 2.2
    endloop
  endfacet
  facet normal 0 0 1
    outer loop
      vertex -1.2 12 2.2
      vertex -3.5 12 2.2
      vertex -3.48668 11.695 2.2
    endloop
  endfacet
  facet normal 0.793365 -0.608746 0
    outer loop
      vertex 9.18116 9.75024 2.2
      vertex 9.36703 9.99248 0
      vertex 9.36703 9.99248 2.2
    endloop
  endfacet
  facet normal 0.793365 -0.608746 0
    outer loop
      vertex 9.36703 9.99248 0
      vertex 9.18116 9.75024 2.2
      vertex 9.18116 9.75024 0
    endloop
  endfacet
  facet normal 0.793438 0.608652 0
    outer loop
      vertex 9.36703 14.0075 2.2
      vertex 9.18116 14.2498 0
      vertex 9.18116 14.2498 2.2
    endloop
  endfacet
  facet normal 0.793438 0.608652 0
    outer loop
      vertex 9.18116 14.2498 0
      vertex 9.36703 14.0075 2.2
      vertex 9.36703 14.0075 0
    endloop
  endfacet
  facet normal 0 0 -1
    outer loop
      vertex 7.85 12 0
      vertex 10 12 0
      vertex 9.98668 11.695 0
    endloop
  endfacet
  facet normal 0 0 -1
    outer loop
      vertex 7.84486 11.8823 0
      vertex 9.98668 11.695 0
      vertex 9.94683 11.3922 0
    endloop
  endfacet
  facet normal 0 0 -1
    outer loop
      vertex 10 12 0
      vertex 7.85 12 0
      vertex 9.98668 12.305 0
    endloop
  endfacet
  facet normal 0 0 -1
    outer loop
      vertex 7.82949 11.7656 0
      vertex 9.94683 11.3922 0
      vertex 9.88074 11.0941 0
    endloop
  endfacet
  facet normal 0 0 -1
    outer loop
      vertex 7.84486 12.1177 0
      vertex 9.98668 12.305 0
      vertex 7.85 12 0
    endloop
  endfacet
  facet normal 0 0 -1
    outer loop
      vertex 7.804 11.6506 0
      vertex 9.88074 11.0941 0
      vertex 9.78892 10.8029 0
    endloop
  endfacet
  facet normal -0 0 -1
    outer loop
      vertex 9.98668 12.305 0
      vertex 7.84486 12.1177 0
      vertex 9.94683 12.6078 0
    endloop
  endfacet
  facet normal 0 0 -1
    outer loop
      vertex 7.76858 11.5383 0
      vertex 9.78892 10.8029 0
      vertex 9.67208 10.5208 0
    endloop
  endfacet
  facet normal 0 0 -1
    outer loop
      vertex 7.82949 12.2344 0
      vertex 9.94683 12.6078 0
      vertex 7.84486 12.1177 0
    endloop
  endfacet
  facet normal 0 0 -1
    outer loop
      vertex 7.72352 11.4295 0
      vertex 9.67208 10.5208 0
      vertex 9.53109 10.25 0
    endloop
  endfacet
  facet normal -0 0 -1
    outer loop
      vertex 9.94683 12.6078 0
      vertex 7.82949 12.2344 0
      vertex 9.88074 12.9059 0
    endloop
  endfacet
  facet normal 0 0 -1
    outer loop
      vertex 7.66913 11.325 0
      vertex 9.53109 10.25 0
      vertex 9.36703 9.99248 0
    endloop
  endfacet
  facet normal 0 0 -1
    outer loop
      vertex 7.804 12.3494 0
      vertex 9.88074 12.9059 0
      vertex 7.82949 12.2344 0
    endloop
  endfacet
  facet normal 0 0 -1
    outer loop
      vertex 7.60585 11.2257 0
      vertex 9.36703 9.99248 0
      vertex 9.18116 9.75024 0
    endloop
  endfacet
  facet normal -0 0 -1
    outer loop
      vertex 9.88074 12.9059 0
      vertex 7.804 12.3494 0
      vertex 9.78892 13.1971 0
    endloop
  endfacet
  facet normal 0 0 -1
    outer loop
      vertex 7.53416 11.1322 0
      vertex 9.18116 9.75024 0
      vertex 8.97487 9.52513 0
    endloop
  endfacet
  facet normal 0 0 -1
    outer loop
      vertex 7.76858 12.4617 0
      vertex 9.78892 13.1971 0
      vertex 7.804 12.3494 0
    endloop
  endfacet
  facet normal 0 0 -1
    outer loop
      vertex 7.45459 11.0454 0
      vertex 8.97487 9.52513 0
      vertex 8.74976 9.31884 0
    endloop
  endfacet
  facet normal -0 0 -1
    outer loop
      vertex 9.78892 13.1971 0
      vertex 7.76858 12.4617 0
      vertex 9.67208 13.4792 0
    endloop
  endfacet
  facet normal 0 0 -1
    outer loop
      vertex 7.36776 10.9658 0
      vertex 8.74976 9.31884 0
      vertex 8.50752 9.13297 0
    endloop
  endfacet
  facet normal 0 0 -1
    outer loop
      vertex 7.72352 12.5705 0
      vertex 9.67208 13.4792 0
      vertex 7.76858 12.4617 0
    endloop
  endfacet
  facet normal 0 0 -1
    outer loop
      vertex 7.27433 10.8941 0
      vertex 8.50752 9.13297 0
      vertex 8.25 8.96891 0
    endloop
  endfacet
  facet normal -0 0 -1
    outer loop
      vertex 9.67208 13.4792 0
      vertex 7.72352 12.5705 0
      vertex 9.53109 13.75 0
    endloop
  endfacet
  facet normal 0 0 -1
    outer loop
      vertex 7.175 10.8309 0
      vertex 8.25 8.96891 0
      vertex 7.97916 8.82792 0
    endloop
  endfacet
  facet normal 0 0 -1
    outer loop
      vertex 7.66913 12.675 0
      vertex 9.53109 13.75 0
      vertex 7.72352 12.5705 0
    endloop
  endfacet
  facet normal -0 0 -1
    outer loop
      vertex 9.53109 13.75 0
      vertex 7.66913 12.675 0
      vertex 9.36703 14.0075 0
    endloop
  endfacet
  facet normal 0 0 -1
    outer loop
      vertex 9.98668 11.695 0
      vertex 7.84486 11.8823 0
      vertex 7.85 12 0
    endloop
  endfacet
  facet normal 0 0 -1
    outer loop
      vertex 9.94683 11.3922 0
      vertex 7.82949 11.7656 0
      vertex 7.84486 11.8823 0
    endloop
  endfacet
  facet normal 0 0 -1
    outer loop
      vertex 9.88074 11.0941 0
      vertex 7.804 11.6506 0
      vertex 7.82949 11.7656 0
    endloop
  endfacet
  facet normal 0 0 -1
    outer loop
      vertex 9.78892 10.8029 0
      vertex 7.76858 11.5383 0
      vertex 7.804 11.6506 0
    endloop
  endfacet
  facet normal 0 0 -1
    outer loop
      vertex 9.67208 10.5208 0
      vertex 7.72352 11.4295 0
      vertex 7.76858 11.5383 0
    endloop
  endfacet
  facet normal 0 0 -1
    outer loop
      vertex 7.07053 10.7765 0
      vertex 7.97916 8.82792 0
      vertex 7.69707 8.71108 0
    endloop
  endfacet
  facet normal 0 0 -1
    outer loop
      vertex 9.53109 10.25 0
      vertex 7.66913 11.325 0
      vertex 7.72352 11.4295 0
    endloop
  endfacet
  facet normal 0 0 -1
    outer loop
      vertex 9.36703 9.99248 0
      vertex 7.60585 11.2257 0
      vertex 7.66913 11.325 0
    endloop
  endfacet
  facet normal 0 0 -1
    outer loop
      vertex 9.18116 9.75024 0
      vertex 7.53416 11.1322 0
      vertex 7.60585 11.2257 0
    endloop
  endfacet
  facet normal 0 0 -1
    outer loop
      vertex 8.97487 9.52513 0
      vertex 7.45459 11.0454 0
      vertex 7.53416 11.1322 0
    endloop
  endfacet
  facet normal 0 0 -1
    outer loop
      vertex 6.96173 10.7314 0
      vertex 7.69707 8.71108 0
      vertex 7.40587 8.61926 0
    endloop
  endfacet
  facet normal 0 0 -1
    outer loop
      vertex 8.74976 9.31884 0
      vertex 7.36776 10.9658 0
      vertex 7.45459 11.0454 0
    endloop
  endfacet
  facet normal 0 0 -1
    outer loop
      vertex 8.50752 9.13297 0
      vertex 7.27433 10.8941 0
      vertex 7.36776 10.9658 0
    endloop
  endfacet
  facet normal 0 0 -1
    outer loop
      vertex 8.25 8.96891 0
      vertex 7.175 10.8309 0
      vertex 7.27433 10.8941 0
    endloop
  endfacet
  facet normal 0 0 -1
    outer loop
      vertex 6.84941 10.696 0
      vertex 7.40587 8.61926 0
      vertex 7.10777 8.55317 0
    endloop
  endfacet
  facet normal 0 0 -1
    outer loop
      vertex 7.97916 8.82792 0
      vertex 7.07053 10.7765 0
      vertex 7.175 10.8309 0
    endloop
  endfacet
  facet normal 0 0 -1
    outer loop
      vertex 7.69707 8.71108 0
      vertex 6.96173 10.7314 0
      vertex 7.07053 10.7765 0
    endloop
  endfacet
  facet normal 0 0 -1
    outer loop
      vertex 7.40587 8.61926 0
      vertex 6.84941 10.696 0
      vertex 6.96173 10.7314 0
    endloop
  endfacet
  facet normal 0 0 -1
    outer loop
      vertex 6.73442 10.6705 0
      vertex 7.10777 8.55317 0
      vertex 6.80504 8.51332 0
    endloop
  endfacet
  facet normal 0 0 -1
    outer loop
      vertex 7.10777 8.55317 0
      vertex 6.73442 10.6705 0
      vertex 6.84941 10.696 0
    endloop
  endfacet
  facet normal 0 0 -1
    outer loop
      vertex 6.80504 8.51332 0
      vertex 6.61766 10.6551 0
      vertex 6.73442 10.6705 0
    endloop
  endfacet
  facet normal 0 0 -1
    outer loop
      vertex 6.5 8.5 0
      vertex 6.61766 10.6551 0
      vertex 6.80504 8.51332 0
    endloop
  endfacet
  facet normal 0 0 -1
    outer loop
      vertex 6.5 8.5 0
      vertex 6.5 10.65 0
      vertex 6.61766 10.6551 0
    endloop
  endfacet
  facet normal 0 0 -1
    outer loop
      vertex 6.5 8.5 0
      vertex 6.38234 10.6551 0
      vertex 6.5 10.65 0
    endloop
  endfacet
  facet normal 0 0 -1
    outer loop
      vertex 6.5 8.5 0
      vertex 6.26557 10.6705 0
      vertex 6.38234 10.6551 0
    endloop
  endfacet
  facet normal 0 0 -1
    outer loop
      vertex 6.5 8.5 0
      vertex 6.15059 10.696 0
      vertex 6.26557 10.6705 0
    endloop
  endfacet
  facet normal 0 0 -1
    outer loop
      vertex 6.5 8.5 0
      vertex 6.03827 10.7314 0
      vertex 6.15059 10.696 0
    endloop
  endfacet
  facet normal 0 0 -1
    outer loop
      vertex 6.5 8.5 0
      vertex 5.92947 10.7765 0
      vertex 6.03827 10.7314 0
    endloop
  endfacet
  facet normal 0 0 -1
    outer loop
      vertex 6.5 8.5 0
      vertex 5.825 10.8309 0
      vertex 5.92947 10.7765 0
    endloop
  endfacet
  facet normal 0 0 -1
    outer loop
      vertex 6.5 8.5 0
      vertex 5.72567 10.8941 0
      vertex 5.825 10.8309 0
    endloop
  endfacet
  facet normal 0 0 -1
    outer loop
      vertex 6.5 8.5 0
      vertex 5.63224 10.9658 0
      vertex 5.72567 10.8941 0
    endloop
  endfacet
  facet normal 0 0 -1
    outer loop
      vertex 6.5 8.5 0
      vertex 5.54541 11.0454 0
      vertex 5.63224 10.9658 0
    endloop
  endfacet
  facet normal 0 0 -1
    outer loop
      vertex 0 8.5 0
      vertex 5.54541 11.0454 0
      vertex 6.5 8.5 0
    endloop
  endfacet
  facet normal -0 0 -1
    outer loop
      vertex 5.54541 11.0454 0
      vertex 0 8.5 0
      vertex 5.46584 11.1322 0
    endloop
  endfacet
  facet normal 0 -0 -1
    outer loop
      vertex 0.848528 11.1515 0
      vertex 5.46584 11.1322 0
      vertex 0 8.5 0
    endloop
  endfacet
  facet normal 0 -0 -1
    outer loop
      vertex 0.919252 11.2287 0
      vertex 5.46584 11.1322 0
      vertex 0.848528 11.1515 0
    endloop
  endfacet
  facet normal 0 0 -1
    outer loop
      vertex 5.15514 11.8823 0
      vertex 1.2 12 0
      vertex 5.15 12 0
    endloop
  endfacet
  facet normal 0 0 -1
    outer loop
      vertex 1.19543 11.8954 0
      vertex 5.15514 11.8823 0
      vertex 5.17051 11.7656 0
    endloop
  endfacet
  facet normal 0 0 -1
    outer loop
      vertex 1.15911 11.6894 0
      vertex 5.17051 11.7656 0
      vertex 5.196 11.6506 0
    endloop
  endfacet
  facet normal 0 0 -1
    outer loop
      vertex 1.12763 11.5896 0
      vertex 5.196 11.6506 0
      vertex 5.23141 11.5383 0
    endloop
  endfacet
  facet normal 0 0 -1
    outer loop
      vertex 1.08757 11.4929 0
      vertex 5.23141 11.5383 0
      vertex 5.27648 11.4295 0
    endloop
  endfacet
  facet normal 0 0 -1
    outer loop
      vertex 5.46584 11.1322 0
      vertex 0.919252 11.2287 0
      vertex 5.39414 11.2257 0
    endloop
  endfacet
  facet normal 0 0 -1
    outer loop
      vertex 5.15514 11.8823 0
      vertex 1.19543 11.8954 0
      vertex 1.2 12 0
    endloop
  endfacet
  facet normal 0 0 -1
    outer loop
      vertex 5.17051 11.7656 0
      vertex 1.18177 11.7916 0
      vertex 1.19543 11.8954 0
    endloop
  endfacet
  facet normal -0 0 -1
    outer loop
      vertex 5.17051 11.7656 0
      vertex 1.15911 11.6894 0
      vertex 1.18177 11.7916 0
    endloop
  endfacet
  facet normal -0 0 -1
    outer loop
      vertex 5.196 11.6506 0
      vertex 1.12763 11.5896 0
      vertex 1.15911 11.6894 0
    endloop
  endfacet
  facet normal -0 0 -1
    outer loop
      vertex 5.23141 11.5383 0
      vertex 1.08757 11.4929 0
      vertex 1.12763 11.5896 0
    endloop
  endfacet
  facet normal -0 0 -1
    outer loop
      vertex 5.27648 11.4295 0
      vertex 1.03923 11.4 0
      vertex 1.08757 11.4929 0
    endloop
  endfacet
  facet normal 0 0 -1
    outer loop
      vertex 5.33086 11.325 0
      vertex 1.03923 11.4 0
      vertex 5.27648 11.4295 0
    endloop
  endfacet
  facet normal 0 -0 -1
    outer loop
      vertex 1.03923 11.4 0
      vertex 5.33086 11.325 0
      vertex 0.982982 11.3117 0
    endloop
  endfacet
  facet normal 0 0 -1
    outer loop
      vertex 5.39414 11.2257 0
      vertex 0.982982 11.3117 0
      vertex 5.33086 11.325 0
    endloop
  endfacet
  facet normal 0 -0 -1
    outer loop
      vertex 0.982982 11.3117 0
      vertex 5.39414 11.2257 0
      vertex 0.919252 11.2287 0
    endloop
  endfacet
  facet normal 0 0 -1
    outer loop
      vertex 0.848528 11.1515 0
      vertex 0 8.5 0
      vertex 0.771344 11.0807 0
    endloop
  endfacet
  facet normal 0 0 -1
    outer loop
      vertex 0.771344 11.0807 0
      vertex 0 8.5 0
      vertex 0.688292 11.017 0
    endloop
  endfacet
  facet normal 0 0 -1
    outer loop
      vertex 0.688292 11.017 0
      vertex 0 8.5 0
      vertex 0.599999 10.9608 0
    endloop
  endfacet
  facet normal 0 0 -1
    outer loop
      vertex 0.599999 10.9608 0
      vertex 0 8.5 0
      vertex 0.507141 10.9124 0
    endloop
  endfacet
  facet normal 0 0 -1
    outer loop
      vertex 0.507141 10.9124 0
      vertex 0 8.5 0
      vertex 0.410423 10.8724 0
    endloop
  endfacet
  facet normal 0 0 -1
    outer loop
      vertex 0.410423 10.8724 0
      vertex 0 8.5 0
      vertex 0.310582 10.8409 0
    endloop
  endfacet
  facet normal 0 0 -1
    outer loop
      vertex 0.310582 10.8409 0
      vertex 0 8.5 0
      vertex 0.208377 10.8182 0
    endloop
  endfacet
  facet normal 0 0 -1
    outer loop
      vertex 0.208377 10.8182 0
      vertex 0 8.5 0
      vertex 0.104587 10.8046 0
    endloop
  endfacet
  facet normal 0 0 -1
    outer loop
      vertex 0 8.5 0
      vertex 0 10.8 0
      vertex 0.104587 10.8046 0
    endloop
  endfacet
  facet normal 0 0 -1
    outer loop
      vertex 0 8.5 0
      vertex -0.104587 10.8046 0
      vertex 0 10.8 0
    endloop
  endfacet
  facet normal 0 0 -1
    outer loop
      vertex -0.305044 8.51332 0
      vertex -0.104587 10.8046 0
      vertex 0 8.5 0
    endloop
  endfacet
  facet normal -0 0 -1
    outer loop
      vertex -0.104587 10.8046 0
      vertex -0.305044 8.51332 0
      vertex -0.208377 10.8182 0
    endloop
  endfacet
  facet normal 0 0 -1
    outer loop
      vertex -0.607768 8.55317 0
      vertex -0.208377 10.8182 0
      vertex -0.305044 8.51332 0
    endloop
  endfacet
  facet normal -0 0 -1
    outer loop
      vertex -0.208377 10.8182 0
      vertex -0.607768 8.55317 0
      vertex -0.310582 10.8409 0
    endloop
  endfacet
  facet normal 0 0 -1
    outer loop
      vertex -0.905867 8.61926 0
      vertex -0.310582 10.8409 0
      vertex -0.607768 8.55317 0
    endloop
  endfacet
  facet normal -0 0 -1
    outer loop
      vertex -0.310582 10.8409 0
      vertex -0.905867 8.61926 0
      vertex -0.410423 10.8724 0
    endloop
  endfacet
  facet normal 0 0 -1
    outer loop
      vertex -1.19707 8.71108 0
      vertex -0.410423 10.8724 0
      vertex -0.905867 8.61926 0
    endloop
  endfacet
  facet normal -0 0 -1
    outer loop
      vertex -0.410423 10.8724 0
      vertex -1.19707 8.71108 0
      vertex -0.507141 10.9124 0
    endloop
  endfacet
  facet normal 0 0 -1
    outer loop
      vertex -1.47916 8.82792 0
      vertex -0.507141 10.9124 0
      vertex -1.19707 8.71108 0
    endloop
  endfacet
  facet normal -0 0 -1
    outer loop
      vertex -0.507141 10.9124 0
      vertex -1.47916 8.82792 0
      vertex -0.599999 10.9608 0
    endloop
  endfacet
  facet normal 0 0 -1
    outer loop
      vertex -1.75 8.96891 0
      vertex -0.599999 10.9608 0
      vertex -1.47916 8.82792 0
    endloop
  endfacet
  facet normal -0 0 -1
    outer loop
      vertex -0.599999 10.9608 0
      vertex -1.75 8.96891 0
      vertex -0.688292 11.017 0
    endloop
  endfacet
  facet normal 0 0 -1
    outer loop
      vertex -2.00752 9.13297 0
      vertex -0.688292 11.017 0
      vertex -1.75 8.96891 0
    endloop
  endfacet
  facet normal -0 0 -1
    outer loop
      vertex -0.688292 11.017 0
      vertex -2.00752 9.13297 0
      vertex -0.771344 11.0807 0
    endloop
  endfacet
  facet normal 0 0 -1
    outer loop
      vertex -2.24976 9.31884 0
      vertex -0.771344 11.0807 0
      vertex -2.00752 9.13297 0
    endloop
  endfacet
  facet normal -0 0 -1
    outer loop
      vertex -0.771344 11.0807 0
      vertex -2.24976 9.31884 0
      vertex -0.848528 11.1515 0
    endloop
  endfacet
  facet normal 0 0 -1
    outer loop
      vertex -2.47487 9.52513 0
      vertex -0.848528 11.1515 0
      vertex -2.24976 9.31884 0
    endloop
  endfacet
  facet normal -0 0 -1
    outer loop
      vertex -0.848528 11.1515 0
      vertex -2.47487 9.52513 0
      vertex -0.919252 11.2287 0
    endloop
  endfacet
  facet normal 0 0 -1
    outer loop
      vertex -2.68116 9.75024 0
      vertex -0.919252 11.2287 0
      vertex -2.47487 9.52513 0
    endloop
  endfacet
  facet normal -0 0 -1
    outer loop
      vertex -0.919252 11.2287 0
      vertex -2.68116 9.75024 0
      vertex -0.982982 11.3117 0
    endloop
  endfacet
  facet normal 0 0 -1
    outer loop
      vertex -2.86703 9.99248 0
      vertex -0.982982 11.3117 0
      vertex -2.68116 9.75024 0
    endloop
  endfacet
  facet normal -0 0 -1
    outer loop
      vertex -0.982982 11.3117 0
      vertex -2.86703 9.99248 0
      vertex -1.03923 11.4 0
    endloop
  endfacet
  facet normal 0 0 -1
    outer loop
      vertex 7.60585 12.7743 0
      vertex 9.36703 14.0075 0
      vertex 7.66913 12.675 0
    endloop
  endfacet
  facet normal -0 0 -1
    outer loop
      vertex 9.36703 14.0075 0
      vertex 7.60585 12.7743 0
      vertex 9.18116 14.2498 0
    endloop
  endfacet
  facet normal 0 0 -1
    outer loop
      vertex 7.53416 12.8678 0
      vertex 9.18116 14.2498 0
      vertex 7.60585 12.7743 0
    endloop
  endfacet
  facet normal -0 0 -1
    outer loop
      vertex 9.18116 14.2498 0
      vertex 7.53416 12.8678 0
      vertex 8.97487 14.4749 0
    endloop
  endfacet
  facet normal 0 0 -1
    outer loop
      vertex 7.45459 12.9546 0
      vertex 8.97487 14.4749 0
      vertex 7.53416 12.8678 0
    endloop
  endfacet
  facet normal -0 0 -1
    outer loop
      vertex 8.97487 14.4749 0
      vertex 7.45459 12.9546 0
      vertex 8.74976 14.6812 0
    endloop
  endfacet
  facet normal 0 0 -1
    outer loop
      vertex 7.36776 13.0342 0
      vertex 8.74976 14.6812 0
      vertex 7.45459 12.9546 0
    endloop
  endfacet
  facet normal -0 0 -1
    outer loop
      vertex 8.74976 14.6812 0
      vertex 7.36776 13.0342 0
      vertex 8.50752 14.867 0
    endloop
  endfacet
  facet normal 0 0 -1
    outer loop
      vertex 7.27433 13.1059 0
      vertex 8.50752 14.867 0
      vertex 7.36776 13.0342 0
    endloop
  endfacet
  facet normal -0 0 -1
    outer loop
      vertex 8.50752 14.867 0
      vertex 7.27433 13.1059 0
      vertex 8.25 15.0311 0
    endloop
  endfacet
  facet normal 0 0 -1
    outer loop
      vertex 7.175 13.1691 0
      vertex 8.25 15.0311 0
      vertex 7.27433 13.1059 0
    endloop
  endfacet
  facet normal -0 0 -1
    outer loop
      vertex 8.25 15.0311 0
      vertex 7.175 13.1691 0
      vertex 7.97916 15.1721 0
    endloop
  endfacet
  facet normal 0 0 -1
    outer loop
      vertex 7.07053 13.2235 0
      vertex 7.97916 15.1721 0
      vertex 7.175 13.1691 0
    endloop
  endfacet
  facet normal -0 0 -1
    outer loop
      vertex 7.97916 15.1721 0
      vertex 7.07053 13.2235 0
      vertex 7.69707 15.2889 0
    endloop
  endfacet
  facet normal 0 0 -1
    outer loop
      vertex 6.96173 13.2686 0
      vertex 7.69707 15.2889 0
      vertex 7.07053 13.2235 0
    endloop
  endfacet
  facet normal -0 0 -1
    outer loop
      vertex 7.69707 15.2889 0
      vertex 6.96173 13.2686 0
      vertex 7.40587 15.3807 0
    endloop
  endfacet
  facet normal 0 0 -1
    outer loop
      vertex 6.84941 13.304 0
      vertex 7.40587 15.3807 0
      vertex 6.96173 13.2686 0
    endloop
  endfacet
  facet normal -0 0 -1
    outer loop
      vertex 7.40587 15.3807 0
      vertex 6.84941 13.304 0
      vertex 7.10777 15.4468 0
    endloop
  endfacet
  facet normal 0 0 -1
    outer loop
      vertex 6.73442 13.3295 0
      vertex 7.10777 15.4468 0
      vertex 6.84941 13.304 0
    endloop
  endfacet
  facet normal -0 0 -1
    outer loop
      vertex 7.10777 15.4468 0
      vertex 6.73442 13.3295 0
      vertex 6.80504 15.4867 0
    endloop
  endfacet
  facet normal 0 0 -1
    outer loop
      vertex 6.61766 13.3449 0
      vertex 6.80504 15.4867 0
      vertex 6.73442 13.3295 0
    endloop
  endfacet
  facet normal 0 0 -1
    outer loop
      vertex 6.5 13.35 0
      vertex 6.80504 15.4867 0
      vertex 6.61766 13.3449 0
    endloop
  endfacet
  facet normal 0 0 -1
    outer loop
      vertex 6.5 13.35 0
      vertex 6.5 15.5 0
      vertex 6.80504 15.4867 0
    endloop
  endfacet
  facet normal 0 0 -1
    outer loop
      vertex 6.38234 13.3449 0
      vertex 6.5 15.5 0
      vertex 6.5 13.35 0
    endloop
  endfacet
  facet normal 0 0 -1
    outer loop
      vertex 6.26557 13.3295 0
      vertex 6.5 15.5 0
      vertex 6.38234 13.3449 0
    endloop
  endfacet
  facet normal 0 0 -1
    outer loop
      vertex 6.15059 13.304 0
      vertex 6.5 15.5 0
      vertex 6.26557 13.3295 0
    endloop
  endfacet
  facet normal 0 0 -1
    outer loop
      vertex 6.03827 13.2686 0
      vertex 6.5 15.5 0
      vertex 6.15059 13.304 0
    endloop
  endfacet
  facet normal 0 0 -1
    outer loop
      vertex 5.92947 13.2235 0
      vertex 6.5 15.5 0
      vertex 6.03827 13.2686 0
    endloop
  endfacet
  facet normal 0 0 -1
    outer loop
      vertex 5.825 13.1691 0
      vertex 6.5 15.5 0
      vertex 5.92947 13.2235 0
    endloop
  endfacet
  facet normal 0 0 -1
    outer loop
      vertex 5.72567 13.1059 0
      vertex 6.5 15.5 0
      vertex 5.825 13.1691 0
    endloop
  endfacet
  facet normal 0 0 -1
    outer loop
      vertex 5.63224 13.0342 0
      vertex 6.5 15.5 0
      vertex 5.72567 13.1059 0
    endloop
  endfacet
  facet normal 0 0 -1
    outer loop
      vertex 5.54541 12.9546 0
      vertex 6.5 15.5 0
      vertex 5.63224 13.0342 0
    endloop
  endfacet
  facet normal 0 0 -1
    outer loop
      vertex 0 15.5 0
      vertex 5.54541 12.9546 0
      vertex 5.46584 12.8678 0
    endloop
  endfacet
  facet normal 0 0 -1
    outer loop
      vertex 0.919252 12.7713 0
      vertex 5.46584 12.8678 0
      vertex 5.39414 12.7743 0
    endloop
  endfacet
  facet normal 0 0 -1
    outer loop
      vertex 0.982982 12.6883 0
      vertex 5.39414 12.7743 0
      vertex 5.33086 12.675 0
    endloop
  endfacet
  facet normal 0 0 -1
    outer loop
      vertex 1.03923 12.6 0
      vertex 5.33086 12.675 0
      vertex 5.27648 12.5705 0
    endloop
  endfacet
  facet normal 0 0 -1
    outer loop
      vertex 1.2 12 0
      vertex 5.15514 12.1177 0
      vertex 5.15 12 0
    endloop
  endfacet
  facet normal 0 0 -1
    outer loop
      vertex 1.19543 12.1046 0
      vertex 5.15514 12.1177 0
      vertex 1.2 12 0
    endloop
  endfacet
  facet normal -0 0 -1
    outer loop
      vertex 5.15514 12.1177 0
      vertex 1.19543 12.1046 0
      vertex 5.17051 12.2344 0
    endloop
  endfacet
  facet normal 0 0 -1
    outer loop
      vertex 1.18177 12.2084 0
      vertex 5.17051 12.2344 0
      vertex 1.19543 12.1046 0
    endloop
  endfacet
  facet normal 0 0 -1
    outer loop
      vertex 1.15911 12.3106 0
      vertex 5.17051 12.2344 0
      vertex 1.18177 12.2084 0
    endloop
  endfacet
  facet normal 0 0 -1
    outer loop
      vertex 5.17051 12.2344 0
      vertex 1.15911 12.3106 0
      vertex 5.196 12.3494 0
    endloop
  endfacet
  facet normal 0 0 -1
    outer loop
      vertex 1.12763 12.4104 0
      vertex 5.196 12.3494 0
      vertex 1.15911 12.3106 0
    endloop
  endfacet
  facet normal 0 0 -1
    outer loop
      vertex 5.196 12.3494 0
      vertex 1.12763 12.4104 0
      vertex 5.23141 12.4617 0
    endloop
  endfacet
  facet normal 0 0 -1
    outer loop
      vertex 1.08757 12.5071 0
      vertex 5.23141 12.4617 0
      vertex 1.12763 12.4104 0
    endloop
  endfacet
  facet normal 0 0 -1
    outer loop
      vertex 5.23141 12.4617 0
      vertex 1.08757 12.5071 0
      vertex 5.27648 12.5705 0
    endloop
  endfacet
  facet normal 0 0 -1
    outer loop
      vertex 1.03923 12.6 0
      vertex 5.27648 12.5705 0
      vertex 1.08757 12.5071 0
    endloop
  endfacet
  facet normal -0 0 -1
    outer loop
      vertex 5.33086 12.675 0
      vertex 1.03923 12.6 0
      vertex 0.982982 12.6883 0
    endloop
  endfacet
  facet normal 0 0 -1
    outer loop
      vertex 5.39414 12.7743 0
      vertex 0.982982 12.6883 0
      vertex 0.919252 12.7713 0
    endloop
  endfacet
  facet normal 0 0 -1
    outer loop
      vertex 5.46584 12.8678 0
      vertex 0.919252 12.7713 0
      vertex 0.848528 12.8485 0
    endloop
  endfacet
  facet normal -0 0 -1
    outer loop
      vertex 5.46584 12.8678 0
      vertex 0.848528 12.8485 0
      vertex 0 15.5 0
    endloop
  endfacet
  facet normal 0 0 -1
    outer loop
      vertex 0 15.5 0
      vertex 0.848528 12.8485 0
      vertex 0.771344 12.9193 0
    endloop
  endfacet
  facet normal 0 0 -1
    outer loop
      vertex 0 15.5 0
      vertex 0.771344 12.9193 0
      vertex 0.688292 12.983 0
    endloop
  endfacet
  facet normal 0 0 -1
    outer loop
      vertex 0 15.5 0
      vertex 0.688292 12.983 0
      vertex 0.599999 13.0392 0
    endloop
  endfacet
  facet normal 0 0 -1
    outer loop
      vertex 0 15.5 0
      vertex 0.599999 13.0392 0
      vertex 0.507141 13.0876 0
    endloop
  endfacet
  facet normal 0 0 -1
    outer loop
      vertex 0 15.5 0
      vertex 0.507141 13.0876 0
      vertex 0.410423 13.1276 0
    endloop
  endfacet
  facet normal 0 0 -1
    outer loop
      vertex 0 15.5 0
      vertex 0.410423 13.1276 0
      vertex 0.310582 13.1591 0
    endloop
  endfacet
  facet normal 0 0 -1
    outer loop
      vertex 0 15.5 0
      vertex 0.310582 13.1591 0
      vertex 0.208377 13.1818 0
    endloop
  endfacet
  facet normal 0 0 -1
    outer loop
      vertex 0 15.5 0
      vertex 0.208377 13.1818 0
      vertex 0.104587 13.1954 0
    endloop
  endfacet
  facet normal 0 0 -1
    outer loop
      vertex 0 15.5 0
      vertex 0.104587 13.1954 0
      vertex 0 13.2 0
    endloop
  endfacet
  facet normal 0 0 -1
    outer loop
      vertex 5.54541 12.9546 0
      vertex 0 15.5 0
      vertex 6.5 15.5 0
    endloop
  endfacet
  facet normal 0 0 -1
    outer loop
      vertex -0.104587 13.1954 0
      vertex 0 15.5 0
      vertex 0 13.2 0
    endloop
  endfacet
  facet normal 0 0 -1
    outer loop
      vertex -0.305044 15.4867 0
      vertex -0.104587 13.1954 0
      vertex -0.208377 13.1818 0
    endloop
  endfacet
  facet normal 0 0 -1
    outer loop
      vertex -0.104587 13.1954 0
      vertex -0.305044 15.4867 0
      vertex 0 15.5 0
    endloop
  endfacet
  facet normal 0 0 -1
    outer loop
      vertex -0.607768 15.4468 0
      vertex -0.208377 13.1818 0
      vertex -0.310582 13.1591 0
    endloop
  endfacet
  facet normal 0 0 -1
    outer loop
      vertex -0.905867 15.3807 0
      vertex -0.310582 13.1591 0
      vertex -0.410423 13.1276 0
    endloop
  endfacet
  facet normal 0 0 -1
    outer loop
      vertex -1.19707 15.2889 0
      vertex -0.410423 13.1276 0
      vertex -0.507141 13.0876 0
    endloop
  endfacet
  facet normal 0 0 -1
    outer loop
      vertex -1.47916 15.1721 0
      vertex -0.507141 13.0876 0
      vertex -0.599999 13.0392 0
    endloop
  endfacet
  facet normal 0 0 -1
    outer loop
      vertex -0.208377 13.1818 0
      vertex -0.607768 15.4468 0
      vertex -0.305044 15.4867 0
    endloop
  endfacet
  facet normal 0 0 -1
    outer loop
      vertex -1.75 15.0311 0
      vertex -0.599999 13.0392 0
      vertex -0.688292 12.983 0
    endloop
  endfacet
  facet normal 0 0 -1
    outer loop
      vertex -2.00752 14.867 0
      vertex -0.688292 12.983 0
      vertex -0.771344 12.9193 0
    endloop
  endfacet
  facet normal 0 0 -1
    outer loop
      vertex -2.24976 14.6812 0
      vertex -0.771344 12.9193 0
      vertex -0.848528 12.8485 0
    endloop
  endfacet
  facet normal 0 0 -1
    outer loop
      vertex -0.310582 13.1591 0
      vertex -0.905867 15.3807 0
      vertex -0.607768 15.4468 0
    endloop
  endfacet
  facet normal 0 0 -1
    outer loop
      vertex -2.47487 14.4749 0
      vertex -0.848528 12.8485 0
      vertex -0.919252 12.7713 0
    endloop
  endfacet
  facet normal 0 0 -1
    outer loop
      vertex -2.68116 14.2498 0
      vertex -0.919252 12.7713 0
      vertex -0.982982 12.6883 0
    endloop
  endfacet
  facet normal 0 0 -1
    outer loop
      vertex -2.86703 14.0075 0
      vertex -0.982982 12.6883 0
      vertex -1.03923 12.6 0
    endloop
  endfacet
  facet normal 0 0 -1
    outer loop
      vertex -3.03109 13.75 0
      vertex -1.03923 12.6 0
      vertex -1.08757 12.5071 0
    endloop
  endfacet
  facet normal 0 0 -1
    outer loop
      vertex -3.17208 13.4792 0
      vertex -1.08757 12.5071 0
      vertex -1.12763 12.4104 0
    endloop
  endfacet
  facet normal 0 0 -1
    outer loop
      vertex -3.28892 13.1971 0
      vertex -1.12763 12.4104 0
      vertex -1.15911 12.3106 0
    endloop
  endfacet
  facet normal 0 0 -1
    outer loop
      vertex -3.38074 12.9059 0
      vertex -1.15911 12.3106 0
      vertex -1.18177 12.2084 0
    endloop
  endfacet
  facet normal 0 0 -1
    outer loop
      vertex -3.44683 12.6078 0
      vertex -1.18177 12.2084 0
      vertex -1.19543 12.1046 0
    endloop
  endfacet
  facet normal 0 0 -1
    outer loop
      vertex -0.410423 13.1276 0
      vertex -1.19707 15.2889 0
      vertex -0.905867 15.3807 0
    endloop
  endfacet
  facet normal 0 0 -1
    outer loop
      vertex -3.48668 12.305 0
      vertex -1.19543 12.1046 0
      vertex -1.2 12 0
    endloop
  endfacet
  facet normal 0 0 -1
    outer loop
      vertex -3.03109 10.25 0
      vertex -1.03923 11.4 0
      vertex -2.86703 9.99248 0
    endloop
  endfacet
  facet normal 0 0 -1
    outer loop
      vertex -0.507141 13.0876 0
      vertex -1.47916 15.1721 0
      vertex -1.19707 15.2889 0
    endloop
  endfacet
  facet normal -0 0 -1
    outer loop
      vertex -1.03923 11.4 0
      vertex -3.03109 10.25 0
      vertex -1.08757 11.4929 0
    endloop
  endfacet
  facet normal 0 0 -1
    outer loop
      vertex -0.599999 13.0392 0
      vertex -1.75 15.0311 0
      vertex -1.47916 15.1721 0
    endloop
  endfacet
  facet normal 0 0 -1
    outer loop
      vertex -3.17208 10.5208 0
      vertex -1.08757 11.4929 0
      vertex -3.03109 10.25 0
    endloop
  endfacet
  facet normal 0 0 -1
    outer loop
      vertex -0.688292 12.983 0
      vertex -2.00752 14.867 0
      vertex -1.75 15.0311 0
    endloop
  endfacet
  facet normal -0 0 -1
    outer loop
      vertex -1.08757 11.4929 0
      vertex -3.17208 10.5208 0
      vertex -1.12763 11.5896 0
    endloop
  endfacet
  facet normal 0 0 -1
    outer loop
      vertex -0.771344 12.9193 0
      vertex -2.24976 14.6812 0
      vertex -2.00752 14.867 0
    endloop
  endfacet
  facet normal 0 0 -1
    outer loop
      vertex -3.28892 10.8029 0
      vertex -1.12763 11.5896 0
      vertex -3.17208 10.5208 0
    endloop
  endfacet
  facet normal 0 0 -1
    outer loop
      vertex -0.848528 12.8485 0
      vertex -2.47487 14.4749 0
      vertex -2.24976 14.6812 0
    endloop
  endfacet
  facet normal -0 0 -1
    outer loop
      vertex -1.12763 11.5896 0
      vertex -3.28892 10.8029 0
      vertex -1.15911 11.6894 0
    endloop
  endfacet
  facet normal 0 0 -1
    outer loop
      vertex -0.919252 12.7713 0
      vertex -2.68116 14.2498 0
      vertex -2.47487 14.4749 0
    endloop
  endfacet
  facet normal 0 0 -1
    outer loop
      vertex -3.38074 11.0941 0
      vertex -1.15911 11.6894 0
      vertex -3.28892 10.8029 0
    endloop
  endfacet
  facet normal 0 0 -1
    outer loop
      vertex -0.982982 12.6883 0
      vertex -2.86703 14.0075 0
      vertex -2.68116 14.2498 0
    endloop
  endfacet
  facet normal -0 0 -1
    outer loop
      vertex -1.15911 11.6894 0
      vertex -3.38074 11.0941 0
      vertex -1.18177 11.7916 0
    endloop
  endfacet
  facet normal 0 0 -1
    outer loop
      vertex -1.03923 12.6 0
      vertex -3.03109 13.75 0
      vertex -2.86703 14.0075 0
    endloop
  endfacet
  facet normal 0 0 -1
    outer loop
      vertex -3.44683 11.3922 0
      vertex -1.18177 11.7916 0
      vertex -3.38074 11.0941 0
    endloop
  endfacet
  facet normal 0 0 -1
    outer loop
      vertex -1.08757 12.5071 0
      vertex -3.17208 13.4792 0
      vertex -3.03109 13.75 0
    endloop
  endfacet
  facet normal -0 0 -1
    outer loop
      vertex -1.18177 11.7916 0
      vertex -3.44683 11.3922 0
      vertex -1.19543 11.8954 0
    endloop
  endfacet
  facet normal 0 0 -1
    outer loop
      vertex -1.12763 12.4104 0
      vertex -3.28892 13.1971 0
      vertex -3.17208 13.4792 0
    endloop
  endfacet
  facet normal 0 0 -1
    outer loop
      vertex -3.48668 11.695 0
      vertex -1.19543 11.8954 0
      vertex -3.44683 11.3922 0
    endloop
  endfacet
  facet normal 0 0 -1
    outer loop
      vertex -1.15911 12.3106 0
      vertex -3.38074 12.9059 0
      vertex -3.28892 13.1971 0
    endloop
  endfacet
  facet normal -0 0 -1
    outer loop
      vertex -1.19543 11.8954 0
      vertex -3.48668 11.695 0
      vertex -1.2 12 0
    endloop
  endfacet
  facet normal 0 0 -1
    outer loop
      vertex -1.18177 12.2084 0
      vertex -3.44683 12.6078 0
      vertex -3.38074 12.9059 0
    endloop
  endfacet
  facet normal 0 0 -1
    outer loop
      vertex -3.5 12 0
      vertex -1.2 12 0
      vertex -3.48668 11.695 0
    endloop
  endfacet
  facet normal 0 0 -1
    outer loop
      vertex -1.19543 12.1046 0
      vertex -3.48668 12.305 0
      vertex -3.44683 12.6078 0
    endloop
  endfacet
  facet normal 0 0 -1
    outer loop
      vertex -1.2 12 0
      vertex -3.5 12 0
      vertex -3.48668 12.305 0
    endloop
  endfacet
  facet normal 0.0435595 0.999051 -0
    outer loop
      vertex 6.80504 15.4867 0
      vertex 6.5 15.5 2.2
      vertex 6.80504 15.4867 2.2
    endloop
  endfacet
  facet normal 0.0435595 0.999051 0
    outer loop
      vertex 6.5 15.5 2.2
      vertex 6.80504 15.4867 0
      vertex 6.5 15.5 0
    endloop
  endfacet
  facet normal 0.991451 -0.13048 0
    outer loop
      vertex 9.94683 11.3922 2.2
      vertex 9.98668 11.695 0
      vertex 9.98668 11.695 2.2
    endloop
  endfacet
  facet normal 0.991451 -0.13048 0
    outer loop
      vertex 9.98668 11.695 0
      vertex 9.94683 11.3922 2.2
      vertex 9.94683 11.3922 0
    endloop
  endfacet
  facet normal -0.737253 -0.675616 0
    outer loop
      vertex -2.47487 9.52513 0
      vertex -2.68116 9.75024 2.2
      vertex -2.68116 9.75024 0
    endloop
  endfacet
  facet normal -0.737253 -0.675616 0
    outer loop
      vertex -2.68116 9.75024 2.2
      vertex -2.47487 9.52513 0
      vertex -2.47487 9.52513 2.2
    endloop
  endfacet
  facet normal 0.382668 -0.923886 0
    outer loop
      vertex 7.69707 8.71108 0
      vertex 7.97916 8.82792 2.2
      vertex 7.69707 8.71108 2.2
    endloop
  endfacet
  facet normal 0.382668 -0.923886 0
    outer loop
      vertex 7.97916 8.82792 2.2
      vertex 7.69707 8.71108 0
      vertex 7.97916 8.82792 0
    endloop
  endfacet
  facet normal -0.382556 0.923932 0
    outer loop
      vertex -1.19707 15.2889 0
      vertex -1.47916 15.1721 2.2
      vertex -1.19707 15.2889 2.2
    endloop
  endfacet
  facet normal -0.382556 0.923932 0
    outer loop
      vertex -1.47916 15.1721 2.2
      vertex -1.19707 15.2889 0
      vertex -1.47916 15.1721 0
    endloop
  endfacet
  facet normal -0.300658 0.953732 0
    outer loop
      vertex -0.905867 15.3807 0
      vertex -1.19707 15.2889 2.2
      vertex -0.905867 15.3807 2.2
    endloop
  endfacet
  facet normal -0.300658 0.953732 0
    outer loop
      vertex -1.19707 15.2889 2.2
      vertex -0.905867 15.3807 0
      vertex -1.19707 15.2889 0
    endloop
  endfacet
  facet normal -0.608746 -0.793365 0
    outer loop
      vertex -2.24976 9.31884 0
      vertex -2.00752 9.13297 2.2
      vertex -2.24976 9.31884 2.2
    endloop
  endfacet
  facet normal -0.608746 -0.793365 -0
    outer loop
      vertex -2.00752 9.13297 2.2
      vertex -2.24976 9.31884 0
      vertex -2.00752 9.13297 0
    endloop
  endfacet
  facet normal 0.999048 0.0436305 0
    outer loop
      vertex 10 12 2.2
      vertex 9.98668 12.305 0
      vertex 9.98668 12.305 2.2
    endloop
  endfacet
  facet normal 0.999048 0.0436305 0
    outer loop
      vertex 9.98668 12.305 0
      vertex 10 12 2.2
      vertex 10 12 0
    endloop
  endfacet
  facet normal -0.461773 0.886998 0
    outer loop
      vertex -1.47916 15.1721 0
      vertex -1.75 15.0311 2.2
      vertex -1.47916 15.1721 2.2
    endloop
  endfacet
  facet normal -0.461773 0.886998 0
    outer loop
      vertex -1.75 15.0311 2.2
      vertex -1.47916 15.1721 0
      vertex -1.75 15.0311 0
    endloop
  endfacet
  facet normal 0.461773 0.886998 -0
    outer loop
      vertex 8.25 15.0311 0
      vertex 7.97916 15.1721 2.2
      vertex 8.25 15.0311 2.2
    endloop
  endfacet
  facet normal 0.461773 0.886998 0
    outer loop
      vertex 7.97916 15.1721 2.2
      vertex 8.25 15.0311 0
      vertex 7.97916 15.1721 0
    endloop
  endfacet
  facet normal -0.843389 -0.537303 0
    outer loop
      vertex -2.86703 9.99248 0
      vertex -3.03109 10.25 2.2
      vertex -3.03109 10.25 0
    endloop
  endfacet
  facet normal -0.843389 -0.537303 0
    outer loop
      vertex -3.03109 10.25 2.2
      vertex -2.86703 9.99248 0
      vertex -2.86703 9.99248 2.2
    endloop
  endfacet
  facet normal 0.608746 -0.793365 0
    outer loop
      vertex 8.50752 9.13297 0
      vertex 8.74976 9.31884 2.2
      vertex 8.50752 9.13297 2.2
    endloop
  endfacet
  facet normal 0.608746 -0.793365 0
    outer loop
      vertex 8.74976 9.31884 2.2
      vertex 8.50752 9.13297 0
      vertex 8.74976 9.31884 0
    endloop
  endfacet
  facet normal -0.991451 -0.13048 0
    outer loop
      vertex -3.44683 11.3922 0
      vertex -3.48668 11.695 2.2
      vertex -3.48668 11.695 0
    endloop
  endfacet
  facet normal -0.991451 -0.13048 0
    outer loop
      vertex -3.48668 11.695 2.2
      vertex -3.44683 11.3922 0
      vertex -3.44683 11.3922 2.2
    endloop
  endfacet
  facet normal -0.0435589 0.999051 0
    outer loop
      vertex 0 15.5 0
      vertex -0.305044 15.4867 2.2
      vertex 0 15.5 2.2
    endloop
  endfacet
  facet normal -0.0435589 0.999051 0
    outer loop
      vertex -0.305044 15.4867 2.2
      vertex 0 15.5 0
      vertex -0.305044 15.4867 0
    endloop
  endfacet
  facet normal 0.216448 -0.976294 0
    outer loop
      vertex 7.10777 8.55317 0
      vertex 7.40587 8.61926 2.2
      vertex 7.10777 8.55317 2.2
    endloop
  endfacet
  facet normal 0.216448 -0.976294 0
    outer loop
      vertex 7.40587 8.61926 2.2
      vertex 7.10777 8.55317 0
      vertex 7.40587 8.61926 0
    endloop
  endfacet
  facet normal 0 -1 0
    outer loop
      vertex 0 8.5 0
      vertex 6.5 8.5 2.2
      vertex 0 8.5 2.2
    endloop
  endfacet
  facet normal 0 -1 -0
    outer loop
      vertex 6.5 8.5 2.2
      vertex 0 8.5 0
      vertex 6.5 8.5 0
    endloop
  endfacet
  facet normal -0.675616 -0.737253 0
    outer loop
      vertex -2.47487 9.52513 0
      vertex -2.24976 9.31884 2.2
      vertex -2.47487 9.52513 2.2
    endloop
  endfacet
  facet normal -0.675616 -0.737253 -0
    outer loop
      vertex -2.24976 9.31884 2.2
      vertex -2.47487 9.52513 0
      vertex -2.24976 9.31884 0
    endloop
  endfacet
  facet normal -0.216449 -0.976294 0
    outer loop
      vertex -0.905867 8.61926 0
      vertex -0.607768 8.55317 2.2
      vertex -0.905867 8.61926 2.2
    endloop
  endfacet
  facet normal -0.216449 -0.976294 -0
    outer loop
      vertex -0.607768 8.55317 2.2
      vertex -0.905867 8.61926 0
      vertex -0.607768 8.55317 0
    endloop
  endfacet
  facet normal 0.300661 0.953731 -0
    outer loop
      vertex 7.69707 15.2889 0
      vertex 7.40587 15.3807 2.2
      vertex 7.69707 15.2889 2.2
    endloop
  endfacet
  facet normal 0.300661 0.953731 0
    outer loop
      vertex 7.40587 15.3807 2.2
      vertex 7.69707 15.2889 0
      vertex 7.40587 15.3807 0
    endloop
  endfacet
  facet normal -0.130512 -0.991447 0
    outer loop
      vertex -0.607768 8.55317 0
      vertex -0.305044 8.51332 2.2
      vertex -0.607768 8.55317 2.2
    endloop
  endfacet
  facet normal -0.130512 -0.991447 -0
    outer loop
      vertex -0.305044 8.51332 2.2
      vertex -0.607768 8.55317 0
      vertex -0.305044 8.51332 0
    endloop
  endfacet
  facet normal -0.793365 -0.608746 0
    outer loop
      vertex -2.68116 9.75024 0
      vertex -2.86703 9.99248 2.2
      vertex -2.86703 9.99248 0
    endloop
  endfacet
  facet normal -0.793365 -0.608746 0
    outer loop
      vertex -2.86703 9.99248 2.2
      vertex -2.68116 9.75024 0
      vertex -2.68116 9.75024 2.2
    endloop
  endfacet
  facet normal 0.0436248 -0.999048 0
    outer loop
      vertex 6.5 8.5 0
      vertex 6.80504 8.51332 2.2
      vertex 6.5 8.5 2.2
    endloop
  endfacet
  facet normal 0.0436248 -0.999048 0
    outer loop
      vertex 6.80504 8.51332 2.2
      vertex 6.5 8.5 0
      vertex 6.80504 8.51332 0
    endloop
  endfacet
  facet normal 0.300721 -0.953712 0
    outer loop
      vertex 7.40587 8.61926 0
      vertex 7.69707 8.71108 2.2
      vertex 7.40587 8.61926 2.2
    endloop
  endfacet
  facet normal 0.300721 -0.953712 0
    outer loop
      vertex 7.69707 8.71108 2.2
      vertex 7.40587 8.61926 0
      vertex 7.69707 8.71108 0
    endloop
  endfacet
  facet normal 0.737253 -0.675616 0
    outer loop
      vertex 8.97487 9.52513 2.2
      vertex 9.18116 9.75024 0
      vertex 9.18116 9.75024 2.2
    endloop
  endfacet
  facet normal 0.737253 -0.675616 0
    outer loop
      vertex 9.18116 9.75024 0
      vertex 8.97487 9.52513 2.2
      vertex 8.97487 9.52513 0
    endloop
  endfacet
  facet normal 0.21648 0.976287 -0
    outer loop
      vertex 7.40587 15.3807 0
      vertex 7.10777 15.4468 2.2
      vertex 7.40587 15.3807 2.2
    endloop
  endfacet
  facet normal 0.21648 0.976287 0
    outer loop
      vertex 7.10777 15.4468 2.2
      vertex 7.40587 15.3807 0
      vertex 7.10777 15.4468 0
    endloop
  endfacet
  facet normal 0 1 -0
    outer loop
      vertex 6.5 15.5 0
      vertex 0 15.5 2.2
      vertex 6.5 15.5 2.2
    endloop
  endfacet
  facet normal 0 1 0
    outer loop
      vertex 0 15.5 2.2
      vertex 6.5 15.5 0
      vertex 0 15.5 0
    endloop
  endfacet
  facet normal 0.537303 -0.843389 0
    outer loop
      vertex 8.25 8.96891 0
      vertex 8.50752 9.13297 2.2
      vertex 8.25 8.96891 2.2
    endloop
  endfacet
  facet normal 0.537303 -0.843389 0
    outer loop
      vertex 8.50752 9.13297 2.2
      vertex 8.25 8.96891 0
      vertex 8.50752 9.13297 0
    endloop
  endfacet
  facet normal 0.675634 0.737237 -0
    outer loop
      vertex 8.97487 14.4749 0
      vertex 8.74976 14.6812 2.2
      vertex 8.97487 14.4749 2.2
    endloop
  endfacet
  facet normal 0.675634 0.737237 0
    outer loop
      vertex 8.74976 14.6812 2.2
      vertex 8.97487 14.4749 0
      vertex 8.74976 14.6812 0
    endloop
  endfacet
  facet normal -0.886983 0.461801 0
    outer loop
      vertex -3.17208 13.4792 0
      vertex -3.03109 13.75 2.2
      vertex -3.03109 13.75 0
    endloop
  endfacet
  facet normal -0.886983 0.461801 0
    outer loop
      vertex -3.03109 13.75 2.2
      vertex -3.17208 13.4792 0
      vertex -3.17208 13.4792 2.2
    endloop
  endfacet
  facet normal -0.537397 0.84333 0
    outer loop
      vertex -1.75 15.0311 0
      vertex -2.00752 14.867 2.2
      vertex -1.75 15.0311 2.2
    endloop
  endfacet
  facet normal -0.537397 0.84333 0
    outer loop
      vertex -2.00752 14.867 2.2
      vertex -1.75 15.0311 0
      vertex -2.00752 14.867 0
    endloop
  endfacet
  facet normal 0.461748 -0.887011 0
    outer loop
      vertex 7.97916 8.82792 0
      vertex 8.25 8.96891 2.2
      vertex 7.97916 8.82792 2.2
    endloop
  endfacet
  facet normal 0.461748 -0.887011 0
    outer loop
      vertex 8.25 8.96891 2.2
      vertex 7.97916 8.82792 0
      vertex 8.25 8.96891 0
    endloop
  endfacet
  facet normal -0.886983 -0.461801 0
    outer loop
      vertex -3.03109 10.25 0
      vertex -3.17208 10.5208 2.2
      vertex -3.17208 10.5208 0
    endloop
  endfacet
  facet normal -0.886983 -0.461801 0
    outer loop
      vertex -3.17208 10.5208 2.2
      vertex -3.03109 10.25 0
      vertex -3.03109 10.25 2.2
    endloop
  endfacet
  facet normal 0.843389 -0.537303 0
    outer loop
      vertex 9.36703 9.99248 2.2
      vertex 9.53109 10.25 0
      vertex 9.53109 10.25 2.2
    endloop
  endfacet
  facet normal 0.843389 -0.537303 0
    outer loop
      vertex 9.53109 10.25 0
      vertex 9.36703 9.99248 2.2
      vertex 9.36703 9.99248 0
    endloop
  endfacet
  facet normal 0.13051 -0.991447 0
    outer loop
      vertex 6.80504 8.51332 0
      vertex 7.10777 8.55317 2.2
      vertex 6.80504 8.51332 2.2
    endloop
  endfacet
  facet normal 0.13051 -0.991447 0
    outer loop
      vertex 7.10777 8.55317 2.2
      vertex 6.80504 8.51332 0
      vertex 7.10777 8.55317 0
    endloop
  endfacet
  facet normal 0.886983 -0.461801 0
    outer loop
      vertex 9.53109 10.25 2.2
      vertex 9.67208 10.5208 0
      vertex 9.67208 10.5208 2.2
    endloop
  endfacet
  facet normal 0.886983 -0.461801 0
    outer loop
      vertex 9.67208 10.5208 0
      vertex 9.53109 10.25 2.2
      vertex 9.53109 10.25 0
    endloop
  endfacet
  facet normal 0.953712 0.300721 0
    outer loop
      vertex 9.88074 12.9059 2.2
      vertex 9.78892 13.1971 0
      vertex 9.78892 13.1971 2.2
    endloop
  endfacet
  facet normal 0.953712 0.300721 0
    outer loop
      vertex 9.78892 13.1971 0
      vertex 9.88074 12.9059 2.2
      vertex 9.88074 12.9059 0
    endloop
  endfacet
  facet normal -0.923891 0.382656 0
    outer loop
      vertex -3.28892 13.1971 0
      vertex -3.17208 13.4792 2.2
      vertex -3.17208 13.4792 0
    endloop
  endfacet
  facet normal -0.923891 0.382656 0
    outer loop
      vertex -3.17208 13.4792 2.2
      vertex -3.28892 13.1971 0
      vertex -3.28892 13.1971 2.2
    endloop
  endfacet
  facet normal 0.976294 0.216448 0
    outer loop
      vertex 9.94683 12.6078 2.2
      vertex 9.88074 12.9059 0
      vertex 9.88074 12.9059 2.2
    endloop
  endfacet
  facet normal 0.976294 0.216448 0
    outer loop
      vertex 9.88074 12.9059 0
      vertex 9.94683 12.6078 2.2
      vertex 9.94683 12.6078 0
    endloop
  endfacet
  facet normal 0.675616 -0.737253 0
    outer loop
      vertex 8.74976 9.31884 0
      vertex 8.97487 9.52513 2.2
      vertex 8.74976 9.31884 2.2
    endloop
  endfacet
  facet normal 0.675616 -0.737253 0
    outer loop
      vertex 8.97487 9.52513 2.2
      vertex 8.74976 9.31884 0
      vertex 8.97487 9.52513 0
    endloop
  endfacet
  facet normal 0.537397 0.84333 -0
    outer loop
      vertex 8.50752 14.867 0
      vertex 8.25 15.0311 2.2
      vertex 8.50752 14.867 2.2
    endloop
  endfacet
  facet normal 0.537397 0.84333 0
    outer loop
      vertex 8.25 15.0311 2.2
      vertex 8.50752 14.867 0
      vertex 8.25 15.0311 0
    endloop
  endfacet
  facet normal -0.976294 0.216448 0
    outer loop
      vertex -3.44683 12.6078 0
      vertex -3.38074 12.9059 2.2
      vertex -3.38074 12.9059 0
    endloop
  endfacet
  facet normal -0.976294 0.216448 0
    outer loop
      vertex -3.38074 12.9059 2.2
      vertex -3.44683 12.6078 0
      vertex -3.44683 12.6078 2.2
    endloop
  endfacet
  facet normal -0.382668 -0.923886 0
    outer loop
      vertex -1.47916 8.82792 0
      vertex -1.19707 8.71108 2.2
      vertex -1.47916 8.82792 2.2
    endloop
  endfacet
  facet normal -0.382668 -0.923886 -0
    outer loop
      vertex -1.19707 8.71108 2.2
      vertex -1.47916 8.82792 0
      vertex -1.19707 8.71108 0
    endloop
  endfacet
  facet normal -0.999048 -0.0436305 0
    outer loop
      vertex -3.48668 11.695 0
      vertex -3.5 12 2.2
      vertex -3.5 12 0
    endloop
  endfacet
  facet normal -0.999048 -0.0436305 0
    outer loop
      vertex -3.5 12 2.2
      vertex -3.48668 11.695 0
      vertex -3.48668 11.695 2.2
    endloop
  endfacet
  facet normal -0.675634 0.737237 0
    outer loop
      vertex -2.24976 14.6812 0
      vertex -2.47487 14.4749 2.2
      vertex -2.24976 14.6812 2.2
    endloop
  endfacet
  facet normal -0.675634 0.737237 0
    outer loop
      vertex -2.47487 14.4749 2.2
      vertex -2.24976 14.6812 0
      vertex -2.47487 14.4749 0
    endloop
  endfacet
  facet normal 0.608602 0.793476 -0
    outer loop
      vertex 8.74976 14.6812 0
      vertex 8.50752 14.867 2.2
      vertex 8.74976 14.6812 2.2
    endloop
  endfacet
  facet normal 0.608602 0.793476 0
    outer loop
      vertex 8.50752 14.867 2.2
      vertex 8.74976 14.6812 0
      vertex 8.50752 14.867 0
    endloop
  endfacet
  facet normal -0.953712 -0.300721 0
    outer loop
      vertex -3.28892 10.8029 0
      vertex -3.38074 11.0941 2.2
      vertex -3.38074 11.0941 0
    endloop
  endfacet
  facet normal -0.953712 -0.300721 0
    outer loop
      vertex -3.38074 11.0941 2.2
      vertex -3.28892 10.8029 0
      vertex -3.28892 10.8029 2.2
    endloop
  endfacet
  facet normal -0.976294 -0.216448 0
    outer loop
      vertex -3.38074 11.0941 0
      vertex -3.44683 11.3922 2.2
      vertex -3.44683 11.3922 0
    endloop
  endfacet
  facet normal -0.976294 -0.216448 0
    outer loop
      vertex -3.44683 11.3922 2.2
      vertex -3.38074 11.0941 0
      vertex -3.38074 11.0941 2.2
    endloop
  endfacet
  facet normal -0.737238 0.675633 0
    outer loop
      vertex -2.68116 14.2498 0
      vertex -2.47487 14.4749 2.2
      vertex -2.47487 14.4749 0
    endloop
  endfacet
  facet normal -0.737238 0.675633 0
    outer loop
      vertex -2.47487 14.4749 2.2
      vertex -2.68116 14.2498 0
      vertex -2.68116 14.2498 2.2
    endloop
  endfacet
  facet normal 0.991451 0.13048 0
    outer loop
      vertex 9.98668 12.305 2.2
      vertex 9.94683 12.6078 0
      vertex 9.94683 12.6078 2.2
    endloop
  endfacet
  facet normal 0.991451 0.13048 0
    outer loop
      vertex 9.94683 12.6078 0
      vertex 9.98668 12.305 2.2
      vertex 9.98668 12.305 0
    endloop
  endfacet
  facet normal 0.84337 0.537333 0
    outer loop
      vertex 9.53109 13.75 2.2
      vertex 9.36703 14.0075 0
      vertex 9.36703 14.0075 2.2
    endloop
  endfacet
  facet normal 0.84337 0.537333 0
    outer loop
      vertex 9.36703 14.0075 0
      vertex 9.53109 13.75 2.2
      vertex 9.53109 13.75 0
    endloop
  endfacet
  facet normal -0.953712 0.300721 0
    outer loop
      vertex -3.38074 12.9059 0
      vertex -3.28892 13.1971 2.2
      vertex -3.28892 13.1971 0
    endloop
  endfacet
  facet normal -0.953712 0.300721 0
    outer loop
      vertex -3.28892 13.1971 2.2
      vertex -3.38074 12.9059 0
      vertex -3.38074 12.9059 2.2
    endloop
  endfacet
  facet normal -0.608602 0.793476 0
    outer loop
      vertex -2.00752 14.867 0
      vertex -2.24976 14.6812 2.2
      vertex -2.00752 14.867 2.2
    endloop
  endfacet
  facet normal -0.608602 0.793476 0
    outer loop
      vertex -2.24976 14.6812 2.2
      vertex -2.00752 14.867 0
      vertex -2.24976 14.6812 0
    endloop
  endfacet
  facet normal -0.130673 0.991426 0
    outer loop
      vertex -0.305044 15.4867 0
      vertex -0.607768 15.4468 2.2
      vertex -0.305044 15.4867 2.2
    endloop
  endfacet
  facet normal -0.130673 0.991426 0
    outer loop
      vertex -0.607768 15.4468 2.2
      vertex -0.305044 15.4867 0
      vertex -0.607768 15.4468 0
    endloop
  endfacet
  facet normal 0.382556 0.923932 -0
    outer loop
      vertex 7.97916 15.1721 0
      vertex 7.69707 15.2889 2.2
      vertex 7.97916 15.1721 2.2
    endloop
  endfacet
  facet normal 0.382556 0.923932 0
    outer loop
      vertex 7.69707 15.2889 2.2
      vertex 7.97916 15.1721 0
      vertex 7.69707 15.2889 0
    endloop
  endfacet
  facet normal -0.84337 0.537333 0
    outer loop
      vertex -3.03109 13.75 0
      vertex -2.86703 14.0075 2.2
      vertex -2.86703 14.0075 0
    endloop
  endfacet
  facet normal -0.84337 0.537333 0
    outer loop
      vertex -2.86703 14.0075 2.2
      vertex -3.03109 13.75 0
      vertex -3.03109 13.75 2.2
    endloop
  endfacet
  facet normal -0.21648 0.976287 0
    outer loop
      vertex -0.607768 15.4468 0
      vertex -0.905867 15.3807 2.2
      vertex -0.607768 15.4468 2.2
    endloop
  endfacet
  facet normal -0.21648 0.976287 0
    outer loop
      vertex -0.905867 15.3807 2.2
      vertex -0.607768 15.4468 0
      vertex -0.905867 15.3807 0
    endloop
  endfacet
  facet normal 0.130671 0.991426 -0
    outer loop
      vertex 7.10777 15.4468 0
      vertex 6.80504 15.4867 2.2
      vertex 7.10777 15.4468 2.2
    endloop
  endfacet
  facet normal 0.130671 0.991426 0
    outer loop
      vertex 6.80504 15.4867 2.2
      vertex 7.10777 15.4468 0
      vertex 6.80504 15.4867 0
    endloop
  endfacet
  facet normal -0.300718 -0.953713 0
    outer loop
      vertex -1.19707 8.71108 0
      vertex -0.905867 8.61926 2.2
      vertex -1.19707 8.71108 2.2
    endloop
  endfacet
  facet normal -0.300718 -0.953713 -0
    outer loop
      vertex -0.905867 8.61926 2.2
      vertex -1.19707 8.71108 0
      vertex -0.905867 8.61926 0
    endloop
  endfacet
  facet normal 0.923891 -0.382656 0
    outer loop
      vertex 9.67208 10.5208 2.2
      vertex 9.78892 10.8029 0
      vertex 9.78892 10.8029 2.2
    endloop
  endfacet
  facet normal 0.923891 -0.382656 0
    outer loop
      vertex 9.78892 10.8029 0
      vertex 9.67208 10.5208 2.2
      vertex 9.67208 10.5208 0
    endloop
  endfacet
  facet normal -0.999048 0.0436305 0
    outer loop
      vertex -3.5 12 0
      vertex -3.48668 12.305 2.2
      vertex -3.48668 12.305 0
    endloop
  endfacet
  facet normal -0.999048 0.0436305 0
    outer loop
      vertex -3.48668 12.305 2.2
      vertex -3.5 12 0
      vertex -3.5 12 2.2
    endloop
  endfacet
  facet normal 0.737238 0.675633 0
    outer loop
      vertex 9.18116 14.2498 2.2
      vertex 8.97487 14.4749 0
      vertex 8.97487 14.4749 2.2
    endloop
  endfacet
  facet normal 0.737238 0.675633 0
    outer loop
      vertex 8.97487 14.4749 0
      vertex 9.18116 14.2498 2.2
      vertex 9.18116 14.2498 0
    endloop
  endfacet
  facet normal 0.953712 -0.300721 0
    outer loop
      vertex 9.78892 10.8029 2.2
      vertex 9.88074 11.0941 0
      vertex 9.88074 11.0941 2.2
    endloop
  endfacet
  facet normal 0.953712 -0.300721 0
    outer loop
      vertex 9.88074 11.0941 0
      vertex 9.78892 10.8029 2.2
      vertex 9.78892 10.8029 0
    endloop
  endfacet
  facet normal -0.923891 -0.382656 0
    outer loop
      vertex -3.17208 10.5208 0
      vertex -3.28892 10.8029 2.2
      vertex -3.28892 10.8029 0
    endloop
  endfacet
  facet normal -0.923891 -0.382656 0
    outer loop
      vertex -3.28892 10.8029 2.2
      vertex -3.17208 10.5208 0
      vertex -3.17208 10.5208 2.2
    endloop
  endfacet
  facet normal -0.793438 0.608652 0
    outer loop
      vertex -2.86703 14.0075 0
      vertex -2.68116 14.2498 2.2
      vertex -2.68116 14.2498 0
    endloop
  endfacet
  facet normal -0.793438 0.608652 0
    outer loop
      vertex -2.68116 14.2498 2.2
      vertex -2.86703 14.0075 0
      vertex -2.86703 14.0075 2.2
    endloop
  endfacet
  facet normal -0.991451 0.13048 0
    outer loop
      vertex -3.48668 12.305 0
      vertex -3.44683 12.6078 2.2
      vertex -3.44683 12.6078 0
    endloop
  endfacet
  facet normal -0.991451 0.13048 0
    outer loop
      vertex -3.44683 12.6078 2.2
      vertex -3.48668 12.305 0
      vertex -3.48668 12.305 2.2
    endloop
  endfacet
  facet normal 0.886983 0.461801 0
    outer loop
      vertex 9.67208 13.4792 2.2
      vertex 9.53109 13.75 0
      vertex 9.53109 13.75 2.2
    endloop
  endfacet
  facet normal 0.886983 0.461801 0
    outer loop
      vertex 9.53109 13.75 0
      vertex 9.67208 13.4792 2.2
      vertex 9.67208 13.4792 0
    endloop
  endfacet
  facet normal 0.999048 -0.0436305 0
    outer loop
      vertex 9.98668 11.695 2.2
      vertex 10 12 0
      vertex 10 12 2.2
    endloop
  endfacet
  facet normal 0.999048 -0.0436305 0
    outer loop
      vertex 10 12 0
      vertex 9.98668 11.695 2.2
      vertex 9.98668 11.695 0
    endloop
  endfacet
  facet normal 0.976294 -0.216448 0
    outer loop
      vertex 9.88074 11.0941 2.2
      vertex 9.94683 11.3922 0
      vertex 9.94683 11.3922 2.2
    endloop
  endfacet
  facet normal 0.976294 -0.216448 0
    outer loop
      vertex 9.94683 11.3922 0
      vertex 9.88074 11.0941 2.2
      vertex 9.88074 11.0941 0
    endloop
  endfacet
  facet normal -0.991452 -0.130474 0
    outer loop
      vertex 1.19543 12.1046 0
      vertex 1.18177 12.2084 2.2
      vertex 1.18177 12.2084 0
    endloop
  endfacet
  facet normal -0.991452 -0.130474 0
    outer loop
      vertex 1.18177 12.2084 2.2
      vertex 1.19543 12.1046 0
      vertex 1.19543 12.1046 2.2
    endloop
  endfacet
  facet normal -0.999047 -0.0436486 0
    outer loop
      vertex 1.2 12 0
      vertex 1.19543 12.1046 2.2
      vertex 1.19543 12.1046 0
    endloop
  endfacet
  facet normal -0.999047 -0.0436486 0
    outer loop
      vertex 1.19543 12.1046 2.2
      vertex 1.2 12 0
      vertex 1.2 12 2.2
    endloop
  endfacet
  facet normal -0.97629 -0.216465 0
    outer loop
      vertex 1.18177 12.2084 0
      vertex 1.15911 12.3106 2.2
      vertex 1.15911 12.3106 0
    endloop
  endfacet
  facet normal -0.97629 -0.216465 0
    outer loop
      vertex 1.15911 12.3106 2.2
      vertex 1.18177 12.2084 0
      vertex 1.18177 12.2084 2.2
    endloop
  endfacet
  facet normal -0.300882 0.953661 0
    outer loop
      vertex 0.410423 10.8724 0
      vertex 0.310582 10.8409 2.2
      vertex 0.410423 10.8724 2.2
    endloop
  endfacet
  facet normal -0.300882 0.953661 0
    outer loop
      vertex 0.310582 10.8409 2.2
      vertex 0.410423 10.8724 0
      vertex 0.310582 10.8409 0
    endloop
  endfacet
  facet normal -0.536968 -0.843603 0
    outer loop
      vertex 0.599999 13.0392 0
      vertex 0.688292 12.983 2.2
      vertex 0.599999 13.0392 2.2
    endloop
  endfacet
  facet normal -0.536968 -0.843603 -0
    outer loop
      vertex 0.688292 12.983 2.2
      vertex 0.599999 13.0392 0
      vertex 0.688292 12.983 0
    endloop
  endfacet
  facet normal -0.04394 -0.999034 0
    outer loop
      vertex 0 13.2 0
      vertex 0.104587 13.1954 2.2
      vertex 0 13.2 2.2
    endloop
  endfacet
  facet normal -0.04394 -0.999034 -0
    outer loop
      vertex 0.104587 13.1954 2.2
      vertex 0 13.2 0
      vertex 0.104587 13.1954 0
    endloop
  endfacet
  facet normal 0.129923 0.991524 -0
    outer loop
      vertex -0.104587 10.8046 0
      vertex -0.208377 10.8182 2.2
      vertex -0.104587 10.8046 2.2
    endloop
  endfacet
  facet normal 0.129923 0.991524 0
    outer loop
      vertex -0.208377 10.8182 2.2
      vertex -0.104587 10.8046 0
      vertex -0.208377 10.8182 0
    endloop
  endfacet
  facet normal 0.04394 0.999034 -0
    outer loop
      vertex 0 10.8 0
      vertex -0.104587 10.8046 2.2
      vertex 0 10.8 2.2
    endloop
  endfacet
  facet normal 0.04394 0.999034 0
    outer loop
      vertex -0.104587 10.8046 2.2
      vertex 0 10.8 0
      vertex -0.104587 10.8046 0
    endloop
  endfacet
  facet normal -0.843414 0.537264 0
    outer loop
      vertex 0.982982 11.3117 0
      vertex 1.03923 11.4 2.2
      vertex 1.03923 11.4 0
    endloop
  endfacet
  facet normal -0.843414 0.537264 0
    outer loop
      vertex 1.03923 11.4 2.2
      vertex 0.982982 11.3117 0
      vertex 0.982982 11.3117 2.2
    endloop
  endfacet
  facet normal -0.923861 -0.382729 0
    outer loop
      vertex 1.12763 12.4104 0
      vertex 1.08757 12.5071 2.2
      vertex 1.08757 12.5071 0
    endloop
  endfacet
  facet normal -0.923861 -0.382729 0
    outer loop
      vertex 1.08757 12.5071 2.2
      vertex 1.12763 12.4104 0
      vertex 1.12763 12.4104 2.2
    endloop
  endfacet
  facet normal -0.991452 0.130474 0
    outer loop
      vertex 1.18177 11.7916 0
      vertex 1.19543 11.8954 2.2
      vertex 1.19543 11.8954 0
    endloop
  endfacet
  facet normal -0.991452 0.130474 0
    outer loop
      vertex 1.19543 11.8954 2.2
      vertex 1.18177 11.7916 0
      vertex 1.18177 11.7916 2.2
    endloop
  endfacet
  facet normal 0.216819 0.976212 -0
    outer loop
      vertex -0.208377 10.8182 0
      vertex -0.310582 10.8409 2.2
      vertex -0.208377 10.8182 2.2
    endloop
  endfacet
  facet normal 0.216819 0.976212 0
    outer loop
      vertex -0.310582 10.8409 2.2
      vertex -0.208377 10.8182 0
      vertex -0.310582 10.8409 0
    endloop
  endfacet
  facet normal 0.737357 0.675503 0
    outer loop
      vertex -0.848528 11.1515 2.2
      vertex -0.919252 11.2287 0
      vertex -0.919252 11.2287 2.2
    endloop
  endfacet
  facet normal 0.737357 0.675503 0
    outer loop
      vertex -0.919252 11.2287 0
      vertex -0.848528 11.1515 2.2
      vertex -0.848528 11.1515 0
    endloop
  endfacet
  facet normal 0.608593 -0.793483 0
    outer loop
      vertex -0.771344 12.9193 0
      vertex -0.688292 12.983 2.2
      vertex -0.771344 12.9193 2.2
    endloop
  endfacet
  facet normal 0.608593 -0.793483 0
    outer loop
      vertex -0.688292 12.983 2.2
      vertex -0.771344 12.9193 0
      vertex -0.688292 12.983 0
    endloop
  endfacet
  facet normal -0.608593 -0.793483 0
    outer loop
      vertex 0.688292 12.983 0
      vertex 0.771344 12.9193 2.2
      vertex 0.688292 12.983 2.2
    endloop
  endfacet
  facet normal -0.608593 -0.793483 -0
    outer loop
      vertex 0.771344 12.9193 2.2
      vertex 0.688292 12.983 0
      vertex 0.771344 12.9193 0
    endloop
  endfacet
  facet normal 0.999047 -0.0436486 0
    outer loop
      vertex -1.2 12 2.2
      vertex -1.19543 12.1046 0
      vertex -1.19543 12.1046 2.2
    endloop
  endfacet
  facet normal 0.999047 -0.0436486 0
    outer loop
      vertex -1.19543 12.1046 0
      vertex -1.2 12 2.2
      vertex -1.2 12 0
    endloop
  endfacet
  facet normal 0.04394 -0.999034 0
    outer loop
      vertex -0.104587 13.1954 0
      vertex 0 13.2 2.2
      vertex -0.104587 13.1954 2.2
    endloop
  endfacet
  facet normal 0.04394 -0.999034 0
    outer loop
      vertex 0 13.2 2.2
      vertex -0.104587 13.1954 0
      vertex 0 13.2 0
    endloop
  endfacet
  facet normal 0.300882 -0.953661 0
    outer loop
      vertex -0.410423 13.1276 0
      vertex -0.310582 13.1591 2.2
      vertex -0.410423 13.1276 2.2
    endloop
  endfacet
  facet normal 0.300882 -0.953661 0
    outer loop
      vertex -0.310582 13.1591 2.2
      vertex -0.410423 13.1276 0
      vertex -0.310582 13.1591 0
    endloop
  endfacet
  facet normal -0.382179 0.924089 0
    outer loop
      vertex 0.507141 10.9124 0
      vertex 0.410423 10.8724 2.2
      vertex 0.507141 10.9124 2.2
    endloop
  endfacet
  facet normal -0.382179 0.924089 0
    outer loop
      vertex 0.410423 10.8724 2.2
      vertex 0.507141 10.9124 0
      vertex 0.410423 10.8724 0
    endloop
  endfacet
  facet normal -0.04394 0.999034 0
    outer loop
      vertex 0.104587 10.8046 0
      vertex 0 10.8 2.2
      vertex 0.104587 10.8046 2.2
    endloop
  endfacet
  facet normal -0.04394 0.999034 0
    outer loop
      vertex 0 10.8 2.2
      vertex 0.104587 10.8046 0
      vertex 0 10.8 0
    endloop
  endfacet
  facet normal -0.462208 -0.886771 0
    outer loop
      vertex 0.507141 13.0876 0
      vertex 0.599999 13.0392 2.2
      vertex 0.507141 13.0876 2.2
    endloop
  endfacet
  facet normal -0.462208 -0.886771 -0
    outer loop
      vertex 0.599999 13.0392 2.2
      vertex 0.507141 13.0876 0
      vertex 0.599999 13.0392 0
    endloop
  endfacet
  facet normal 0.887092 -0.461593 0
    outer loop
      vertex -1.08757 12.5071 2.2
      vertex -1.03923 12.6 0
      vertex -1.03923 12.6 2.2
    endloop
  endfacet
  facet normal 0.887092 -0.461593 0
    outer loop
      vertex -1.03923 12.6 0
      vertex -1.08757 12.5071 2.2
      vertex -1.08757 12.5071 0
    endloop
  endfacet
  facet normal -0.675974 -0.736926 0
    outer loop
      vertex 0.771344 12.9193 0
      vertex 0.848528 12.8485 2.2
      vertex 0.771344 12.9193 2.2
    endloop
  endfacet
  facet normal -0.675974 -0.736926 -0
    outer loop
      vertex 0.848528 12.8485 2.2
      vertex 0.771344 12.9193 0
      vertex 0.848528 12.8485 0
    endloop
  endfacet
  facet normal -0.216819 -0.976212 0
    outer loop
      vertex 0.208377 13.1818 0
      vertex 0.310582 13.1591 2.2
      vertex 0.208377 13.1818 2.2
    endloop
  endfacet
  facet normal -0.216819 -0.976212 -0
    outer loop
      vertex 0.310582 13.1591 2.2
      vertex 0.208377 13.1818 0
      vertex 0.310582 13.1591 0
    endloop
  endfacet
  facet normal 0.923861 -0.382729 0
    outer loop
      vertex -1.12763 12.4104 2.2
      vertex -1.08757 12.5071 0
      vertex -1.08757 12.5071 2.2
    endloop
  endfacet
  facet normal 0.923861 -0.382729 0
    outer loop
      vertex -1.08757 12.5071 0
      vertex -1.12763 12.4104 2.2
      vertex -1.12763 12.4104 0
    endloop
  endfacet
  facet normal 0.79316 -0.609013 0
    outer loop
      vertex -0.982982 12.6883 2.2
      vertex -0.919252 12.7713 0
      vertex -0.919252 12.7713 2.2
    endloop
  endfacet
  facet normal 0.79316 -0.609013 0
    outer loop
      vertex -0.919252 12.7713 0
      vertex -0.982982 12.6883 2.2
      vertex -0.982982 12.6883 0
    endloop
  endfacet
  facet normal 0.382179 -0.924089 0
    outer loop
      vertex -0.507141 13.0876 0
      vertex -0.410423 13.1276 2.2
      vertex -0.507141 13.0876 2.2
    endloop
  endfacet
  facet normal 0.382179 -0.924089 0
    outer loop
      vertex -0.410423 13.1276 2.2
      vertex -0.507141 13.0876 0
      vertex -0.410423 13.1276 0
    endloop
  endfacet
  facet normal -0.953681 0.30082 0
    outer loop
      vertex 1.12763 11.5896 0
      vertex 1.15911 11.6894 2.2
      vertex 1.15911 11.6894 0
    endloop
  endfacet
  facet normal -0.953681 0.30082 0
    outer loop
      vertex 1.15911 11.6894 2.2
      vertex 1.12763 11.5896 0
      vertex 1.12763 11.5896 2.2
    endloop
  endfacet
  facet normal -0.129923 0.991524 0
    outer loop
      vertex 0.208377 10.8182 0
      vertex 0.104587 10.8046 2.2
      vertex 0.208377 10.8182 2.2
    endloop
  endfacet
  facet normal -0.129923 0.991524 0
    outer loop
      vertex 0.104587 10.8046 2.2
      vertex 0.208377 10.8182 0
      vertex 0.104587 10.8046 0
    endloop
  endfacet
  facet normal -0.79316 0.609013 0
    outer loop
      vertex 0.919252 11.2287 0
      vertex 0.982982 11.3117 2.2
      vertex 0.982982 11.3117 0
    endloop
  endfacet
  facet normal -0.79316 0.609013 0
    outer loop
      vertex 0.982982 11.3117 2.2
      vertex 0.919252 11.2287 0
      vertex 0.919252 11.2287 2.2
    endloop
  endfacet
  facet normal -0.79316 -0.609013 0
    outer loop
      vertex 0.982982 12.6883 0
      vertex 0.919252 12.7713 2.2
      vertex 0.919252 12.7713 0
    endloop
  endfacet
  facet normal -0.79316 -0.609013 0
    outer loop
      vertex 0.919252 12.7713 2.2
      vertex 0.982982 12.6883 0
      vertex 0.982982 12.6883 2.2
    endloop
  endfacet
  facet normal 0.675974 -0.736926 0
    outer loop
      vertex -0.848528 12.8485 0
      vertex -0.771344 12.9193 2.2
      vertex -0.848528 12.8485 2.2
    endloop
  endfacet
  facet normal 0.675974 -0.736926 0
    outer loop
      vertex -0.771344 12.9193 2.2
      vertex -0.848528 12.8485 0
      vertex -0.771344 12.9193 0
    endloop
  endfacet
  facet normal -0.999047 0.0436486 0
    outer loop
      vertex 1.19543 11.8954 0
      vertex 1.2 12 2.2
      vertex 1.2 12 0
    endloop
  endfacet
  facet normal -0.999047 0.0436486 0
    outer loop
      vertex 1.2 12 2.2
      vertex 1.19543 11.8954 0
      vertex 1.19543 11.8954 2.2
    endloop
  endfacet
  facet normal 0.999047 0.0436486 0
    outer loop
      vertex -1.19543 11.8954 2.2
      vertex -1.2 12 0
      vertex -1.2 12 2.2
    endloop
  endfacet
  facet normal 0.999047 0.0436486 0
    outer loop
      vertex -1.2 12 0
      vertex -1.19543 11.8954 2.2
      vertex -1.19543 11.8954 0
    endloop
  endfacet
  facet normal -0.887092 -0.461593 0
    outer loop
      vertex 1.08757 12.5071 0
      vertex 1.03923 12.6 2.2
      vertex 1.03923 12.6 0
    endloop
  endfacet
  facet normal -0.887092 -0.461593 0
    outer loop
      vertex 1.03923 12.6 2.2
      vertex 1.08757 12.5071 0
      vertex 1.08757 12.5071 2.2
    endloop
  endfacet
  facet normal -0.129923 -0.991524 0
    outer loop
      vertex 0.104587 13.1954 0
      vertex 0.208377 13.1818 2.2
      vertex 0.104587 13.1954 2.2
    endloop
  endfacet
  facet normal -0.129923 -0.991524 -0
    outer loop
      vertex 0.208377 13.1818 2.2
      vertex 0.104587 13.1954 0
      vertex 0.208377 13.1818 0
    endloop
  endfacet
  facet normal -0.382179 -0.924089 0
    outer loop
      vertex 0.410423 13.1276 0
      vertex 0.507141 13.0876 2.2
      vertex 0.410423 13.1276 2.2
    endloop
  endfacet
  facet normal -0.382179 -0.924089 -0
    outer loop
      vertex 0.507141 13.0876 2.2
      vertex 0.410423 13.1276 0
      vertex 0.507141 13.0876 0
    endloop
  endfacet
  facet normal -0.737357 -0.675503 0
    outer loop
      vertex 0.919252 12.7713 0
      vertex 0.848528 12.8485 2.2
      vertex 0.848528 12.8485 0
    endloop
  endfacet
  facet normal -0.737357 -0.675503 0
    outer loop
      vertex 0.848528 12.8485 2.2
      vertex 0.919252 12.7713 0
      vertex 0.919252 12.7713 2.2
    endloop
  endfacet
  facet normal -0.462208 0.886771 0
    outer loop
      vertex 0.599999 10.9608 0
      vertex 0.507141 10.9124 2.2
      vertex 0.599999 10.9608 2.2
    endloop
  endfacet
  facet normal -0.462208 0.886771 0
    outer loop
      vertex 0.507141 10.9124 2.2
      vertex 0.599999 10.9608 0
      vertex 0.507141 10.9124 0
    endloop
  endfacet
  facet normal 0.991452 0.130474 0
    outer loop
      vertex -1.18177 11.7916 2.2
      vertex -1.19543 11.8954 0
      vertex -1.19543 11.8954 2.2
    endloop
  endfacet
  facet normal 0.991452 0.130474 0
    outer loop
      vertex -1.19543 11.8954 0
      vertex -1.18177 11.7916 2.2
      vertex -1.18177 11.7916 0
    endloop
  endfacet
  facet normal -0.536968 0.843603 0
    outer loop
      vertex 0.688292 11.017 0
      vertex 0.599999 10.9608 2.2
      vertex 0.688292 11.017 2.2
    endloop
  endfacet
  facet normal -0.536968 0.843603 0
    outer loop
      vertex 0.599999 10.9608 2.2
      vertex 0.688292 11.017 0
      vertex 0.599999 10.9608 0
    endloop
  endfacet
  facet normal -0.923861 0.382729 0
    outer loop
      vertex 1.08757 11.4929 0
      vertex 1.12763 11.5896 2.2
      vertex 1.12763 11.5896 0
    endloop
  endfacet
  facet normal -0.923861 0.382729 0
    outer loop
      vertex 1.12763 11.5896 2.2
      vertex 1.08757 11.4929 0
      vertex 1.08757 11.4929 2.2
    endloop
  endfacet
  facet normal 0.843414 0.537264 0
    outer loop
      vertex -0.982982 11.3117 2.2
      vertex -1.03923 11.4 0
      vertex -1.03923 11.4 2.2
    endloop
  endfacet
  facet normal 0.843414 0.537264 0
    outer loop
      vertex -1.03923 11.4 0
      vertex -0.982982 11.3117 2.2
      vertex -0.982982 11.3117 0
    endloop
  endfacet
  facet normal -0.887092 0.461593 0
    outer loop
      vertex 1.03923 11.4 0
      vertex 1.08757 11.4929 2.2
      vertex 1.08757 11.4929 0
    endloop
  endfacet
  facet normal -0.887092 0.461593 0
    outer loop
      vertex 1.08757 11.4929 2.2
      vertex 1.03923 11.4 0
      vertex 1.03923 11.4 2.2
    endloop
  endfacet
  facet normal -0.843414 -0.537264 0
    outer loop
      vertex 1.03923 12.6 0
      vertex 0.982982 12.6883 2.2
      vertex 0.982982 12.6883 0
    endloop
  endfacet
  facet normal -0.843414 -0.537264 0
    outer loop
      vertex 0.982982 12.6883 2.2
      vertex 1.03923 12.6 0
      vertex 1.03923 12.6 2.2
    endloop
  endfacet
  facet normal 0.953681 -0.30082 0
    outer loop
      vertex -1.15911 12.3106 2.2
      vertex -1.12763 12.4104 0
      vertex -1.12763 12.4104 2.2
    endloop
  endfacet
  facet normal 0.953681 -0.30082 0
    outer loop
      vertex -1.12763 12.4104 0
      vertex -1.15911 12.3106 2.2
      vertex -1.15911 12.3106 0
    endloop
  endfacet
  facet normal -0.97629 0.216465 0
    outer loop
      vertex 1.15911 11.6894 0
      vertex 1.18177 11.7916 2.2
      vertex 1.18177 11.7916 0
    endloop
  endfacet
  facet normal -0.97629 0.216465 0
    outer loop
      vertex 1.18177 11.7916 2.2
      vertex 1.15911 11.6894 0
      vertex 1.15911 11.6894 2.2
    endloop
  endfacet
  facet normal 0.382179 0.924089 -0
    outer loop
      vertex -0.410423 10.8724 0
      vertex -0.507141 10.9124 2.2
      vertex -0.410423 10.8724 2.2
    endloop
  endfacet
  facet normal 0.382179 0.924089 0
    outer loop
      vertex -0.507141 10.9124 2.2
      vertex -0.410423 10.8724 0
      vertex -0.507141 10.9124 0
    endloop
  endfacet
  facet normal 0.216819 -0.976212 0
    outer loop
      vertex -0.310582 13.1591 0
      vertex -0.208377 13.1818 2.2
      vertex -0.310582 13.1591 2.2
    endloop
  endfacet
  facet normal 0.216819 -0.976212 0
    outer loop
      vertex -0.208377 13.1818 2.2
      vertex -0.310582 13.1591 0
      vertex -0.208377 13.1818 0
    endloop
  endfacet
  facet normal 0.129923 -0.991524 0
    outer loop
      vertex -0.208377 13.1818 0
      vertex -0.104587 13.1954 2.2
      vertex -0.208377 13.1818 2.2
    endloop
  endfacet
  facet normal 0.129923 -0.991524 0
    outer loop
      vertex -0.104587 13.1954 2.2
      vertex -0.208377 13.1818 0
      vertex -0.104587 13.1954 0
    endloop
  endfacet
  facet normal 0.675974 0.736926 -0
    outer loop
      vertex -0.771344 11.0807 0
      vertex -0.848528 11.1515 2.2
      vertex -0.771344 11.0807 2.2
    endloop
  endfacet
  facet normal 0.675974 0.736926 0
    outer loop
      vertex -0.848528 11.1515 2.2
      vertex -0.771344 11.0807 0
      vertex -0.848528 11.1515 0
    endloop
  endfacet
  facet normal 0.887092 0.461593 0
    outer loop
      vertex -1.03923 11.4 2.2
      vertex -1.08757 11.4929 0
      vertex -1.08757 11.4929 2.2
    endloop
  endfacet
  facet normal 0.887092 0.461593 0
    outer loop
      vertex -1.08757 11.4929 0
      vertex -1.03923 11.4 2.2
      vertex -1.03923 11.4 0
    endloop
  endfacet
  facet normal 0.923861 0.382729 0
    outer loop
      vertex -1.08757 11.4929 2.2
      vertex -1.12763 11.5896 0
      vertex -1.12763 11.5896 2.2
    endloop
  endfacet
  facet normal 0.923861 0.382729 0
    outer loop
      vertex -1.12763 11.5896 0
      vertex -1.08757 11.4929 2.2
      vertex -1.08757 11.4929 0
    endloop
  endfacet
  facet normal -0.737357 0.675503 0
    outer loop
      vertex 0.848528 11.1515 0
      vertex 0.919252 11.2287 2.2
      vertex 0.919252 11.2287 0
    endloop
  endfacet
  facet normal -0.737357 0.675503 0
    outer loop
      vertex 0.919252 11.2287 2.2
      vertex 0.848528 11.1515 0
      vertex 0.848528 11.1515 2.2
    endloop
  endfacet
  facet normal 0.79316 0.609013 0
    outer loop
      vertex -0.919252 11.2287 2.2
      vertex -0.982982 11.3117 0
      vertex -0.982982 11.3117 2.2
    endloop
  endfacet
  facet normal 0.79316 0.609013 0
    outer loop
      vertex -0.982982 11.3117 0
      vertex -0.919252 11.2287 2.2
      vertex -0.919252 11.2287 0
    endloop
  endfacet
  facet normal 0.953681 0.30082 0
    outer loop
      vertex -1.12763 11.5896 2.2
      vertex -1.15911 11.6894 0
      vertex -1.15911 11.6894 2.2
    endloop
  endfacet
  facet normal 0.953681 0.30082 0
    outer loop
      vertex -1.15911 11.6894 0
      vertex -1.12763 11.5896 2.2
      vertex -1.12763 11.5896 0
    endloop
  endfacet
  facet normal -0.953681 -0.30082 0
    outer loop
      vertex 1.15911 12.3106 0
      vertex 1.12763 12.4104 2.2
      vertex 1.12763 12.4104 0
    endloop
  endfacet
  facet normal -0.953681 -0.30082 0
    outer loop
      vertex 1.12763 12.4104 2.2
      vertex 1.15911 12.3106 0
      vertex 1.15911 12.3106 2.2
    endloop
  endfacet
  facet normal 0.300882 0.953661 -0
    outer loop
      vertex -0.310582 10.8409 0
      vertex -0.410423 10.8724 2.2
      vertex -0.310582 10.8409 2.2
    endloop
  endfacet
  facet normal 0.300882 0.953661 0
    outer loop
      vertex -0.410423 10.8724 2.2
      vertex -0.310582 10.8409 0
      vertex -0.410423 10.8724 0
    endloop
  endfacet
  facet normal 0.97629 0.216465 0
    outer loop
      vertex -1.15911 11.6894 2.2
      vertex -1.18177 11.7916 0
      vertex -1.18177 11.7916 2.2
    endloop
  endfacet
  facet normal 0.97629 0.216465 0
    outer loop
      vertex -1.18177 11.7916 0
      vertex -1.15911 11.6894 2.2
      vertex -1.15911 11.6894 0
    endloop
  endfacet
  facet normal 0.843414 -0.537264 0
    outer loop
      vertex -1.03923 12.6 2.2
      vertex -0.982982 12.6883 0
      vertex -0.982982 12.6883 2.2
    endloop
  endfacet
  facet normal 0.843414 -0.537264 0
    outer loop
      vertex -0.982982 12.6883 0
      vertex -1.03923 12.6 2.2
      vertex -1.03923 12.6 0
    endloop
  endfacet
  facet normal 0.737357 -0.675503 0
    outer loop
      vertex -0.919252 12.7713 2.2
      vertex -0.848528 12.8485 0
      vertex -0.848528 12.8485 2.2
    endloop
  endfacet
  facet normal 0.737357 -0.675503 0
    outer loop
      vertex -0.848528 12.8485 0
      vertex -0.919252 12.7713 2.2
      vertex -0.919252 12.7713 0
    endloop
  endfacet
  facet normal 0.462208 -0.886771 0
    outer loop
      vertex -0.599999 13.0392 0
      vertex -0.507141 13.0876 2.2
      vertex -0.599999 13.0392 2.2
    endloop
  endfacet
  facet normal 0.462208 -0.886771 0
    outer loop
      vertex -0.507141 13.0876 2.2
      vertex -0.599999 13.0392 0
      vertex -0.507141 13.0876 0
    endloop
  endfacet
  facet normal -0.608593 0.793483 0
    outer loop
      vertex 0.771344 11.0807 0
      vertex 0.688292 11.017 2.2
      vertex 0.771344 11.0807 2.2
    endloop
  endfacet
  facet normal -0.608593 0.793483 0
    outer loop
      vertex 0.688292 11.017 2.2
      vertex 0.771344 11.0807 0
      vertex 0.688292 11.017 0
    endloop
  endfacet
  facet normal 0.536968 0.843603 -0
    outer loop
      vertex -0.599999 10.9608 0
      vertex -0.688292 11.017 2.2
      vertex -0.599999 10.9608 2.2
    endloop
  endfacet
  facet normal 0.536968 0.843603 0
    outer loop
      vertex -0.688292 11.017 2.2
      vertex -0.599999 10.9608 0
      vertex -0.688292 11.017 0
    endloop
  endfacet
  facet normal 0.97629 -0.216465 0
    outer loop
      vertex -1.18177 12.2084 2.2
      vertex -1.15911 12.3106 0
      vertex -1.15911 12.3106 2.2
    endloop
  endfacet
  facet normal 0.97629 -0.216465 0
    outer loop
      vertex -1.15911 12.3106 0
      vertex -1.18177 12.2084 2.2
      vertex -1.18177 12.2084 0
    endloop
  endfacet
  facet normal -0.216819 0.976212 0
    outer loop
      vertex 0.310582 10.8409 0
      vertex 0.208377 10.8182 2.2
      vertex 0.310582 10.8409 2.2
    endloop
  endfacet
  facet normal -0.216819 0.976212 0
    outer loop
      vertex 0.208377 10.8182 2.2
      vertex 0.310582 10.8409 0
      vertex 0.208377 10.8182 0
    endloop
  endfacet
  facet normal 0.991452 -0.130474 0
    outer loop
      vertex -1.19543 12.1046 2.2
      vertex -1.18177 12.2084 0
      vertex -1.18177 12.2084 2.2
    endloop
  endfacet
  facet normal 0.991452 -0.130474 0
    outer loop
      vertex -1.18177 12.2084 0
      vertex -1.19543 12.1046 2.2
      vertex -1.19543 12.1046 0
    endloop
  endfacet
  facet normal 0.536968 -0.843603 0
    outer loop
      vertex -0.688292 12.983 0
      vertex -0.599999 13.0392 2.2
      vertex -0.688292 12.983 2.2
    endloop
  endfacet
  facet normal 0.536968 -0.843603 0
    outer loop
      vertex -0.599999 13.0392 2.2
      vertex -0.688292 12.983 0
      vertex -0.599999 13.0392 0
    endloop
  endfacet
  facet normal -0.675974 0.736926 0
    outer loop
      vertex 0.848528 11.1515 0
      vertex 0.771344 11.0807 2.2
      vertex 0.848528 11.1515 2.2
    endloop
  endfacet
  facet normal -0.675974 0.736926 0
    outer loop
      vertex 0.771344 11.0807 2.2
      vertex 0.848528 11.1515 0
      vertex 0.771344 11.0807 0
    endloop
  endfacet
  facet normal -0.300882 -0.953661 0
    outer loop
      vertex 0.310582 13.1591 0
      vertex 0.410423 13.1276 2.2
      vertex 0.310582 13.1591 2.2
    endloop
  endfacet
  facet normal -0.300882 -0.953661 -0
    outer loop
      vertex 0.410423 13.1276 2.2
      vertex 0.310582 13.1591 0
      vertex 0.410423 13.1276 0
    endloop
  endfacet
  facet normal 0.462208 0.886771 -0
    outer loop
      vertex -0.507141 10.9124 0
      vertex -0.599999 10.9608 2.2
      vertex -0.507141 10.9124 2.2
    endloop
  endfacet
  facet normal 0.462208 0.886771 0
    outer loop
      vertex -0.599999 10.9608 2.2
      vertex -0.507141 10.9124 0
      vertex -0.599999 10.9608 0
    endloop
  endfacet
  facet normal 0.608593 0.793483 -0
    outer loop
      vertex -0.688292 11.017 0
      vertex -0.771344 11.0807 2.2
      vertex -0.688292 11.017 2.2
    endloop
  endfacet
  facet normal 0.608593 0.793483 0
    outer loop
      vertex -0.771344 11.0807 2.2
      vertex -0.688292 11.017 0
      vertex -0.771344 11.0807 0
    endloop
  endfacet
  facet normal -0.991438 -0.130578 0
    outer loop
      vertex 7.84486 12.1177 0
      vertex 7.82949 12.2344 2.2
      vertex 7.82949 12.2344 0
    endloop
  endfacet
  facet normal -0.991438 -0.130578 0
    outer loop
      vertex 7.82949 12.2344 2.2
      vertex 7.84486 12.1177 0
      vertex 7.84486 12.1177 2.2
    endloop
  endfacet
  facet normal -0.999048 -0.0436288 0
    outer loop
      vertex 7.85 12 0
      vertex 7.84486 12.1177 2.2
      vertex 7.84486 12.1177 0
    endloop
  endfacet
  facet normal -0.999048 -0.0436288 0
    outer loop
      vertex 7.84486 12.1177 2.2
      vertex 7.85 12 0
      vertex 7.85 12 2.2
    endloop
  endfacet
  facet normal -0.976305 -0.2164 0
    outer loop
      vertex 7.82949 12.2344 0
      vertex 7.804 12.3494 2.2
      vertex 7.804 12.3494 0
    endloop
  endfacet
  facet normal -0.976305 -0.2164 0
    outer loop
      vertex 7.804 12.3494 2.2
      vertex 7.82949 12.2344 0
      vertex 7.82949 12.2344 2.2
    endloop
  endfacet
  facet normal -0.216499 0.976283 0
    outer loop
      vertex 6.84941 10.696 0
      vertex 6.73442 10.6705 2.2
      vertex 6.84941 10.696 2.2
    endloop
  endfacet
  facet normal -0.216499 0.976283 0
    outer loop
      vertex 6.73442 10.6705 2.2
      vertex 6.84941 10.696 0
      vertex 6.73442 10.6705 0
    endloop
  endfacet
  facet normal 0.216517 -0.976279 0
    outer loop
      vertex 6.15059 13.304 0
      vertex 6.26557 13.3295 2.2
      vertex 6.15059 13.304 2.2
    endloop
  endfacet
  facet normal 0.216517 -0.976279 0
    outer loop
      vertex 6.26557 13.3295 2.2
      vertex 6.15059 13.304 0
      vertex 6.26557 13.3295 0
    endloop
  endfacet
  facet normal 0.887078 0.46162 0
    outer loop
      vertex 5.33086 11.325 2.2
      vertex 5.27648 11.4295 0
      vertex 5.27648 11.4295 2.2
    endloop
  endfacet
  facet normal 0.887078 0.46162 0
    outer loop
      vertex 5.27648 11.4295 0
      vertex 5.33086 11.325 2.2
      vertex 5.33086 11.325 0
    endloop
  endfacet
  facet normal 0.887078 -0.46162 0
    outer loop
      vertex 5.27648 12.5705 2.2
      vertex 5.33086 12.675 0
      vertex 5.33086 12.675 2.2
    endloop
  endfacet
  facet normal 0.887078 -0.46162 0
    outer loop
      vertex 5.33086 12.675 0
      vertex 5.27648 12.5705 2.2
      vertex 5.27648 12.5705 0
    endloop
  endfacet
  facet normal 0.536815 0.8437 -0
    outer loop
      vertex 5.825 10.8309 0
      vertex 5.72567 10.8941 2.2
      vertex 5.825 10.8309 2.2
    endloop
  endfacet
  facet normal 0.536815 0.8437 0
    outer loop
      vertex 5.72567 10.8941 2.2
      vertex 5.825 10.8309 0
      vertex 5.72567 10.8941 0
    endloop
  endfacet
  facet normal 0.536815 -0.8437 0
    outer loop
      vertex 5.72567 13.1059 0
      vertex 5.825 13.1691 2.2
      vertex 5.72567 13.1059 2.2
    endloop
  endfacet
  facet normal 0.536815 -0.8437 0
    outer loop
      vertex 5.825 13.1691 2.2
      vertex 5.72567 13.1059 0
      vertex 5.825 13.1691 0
    endloop
  endfacet
  facet normal -0.130762 0.991414 0
    outer loop
      vertex 6.73442 10.6705 0
      vertex 6.61766 10.6551 2.2
      vertex 6.73442 10.6705 2.2
    endloop
  endfacet
  facet normal -0.130762 0.991414 0
    outer loop
      vertex 6.61766 10.6551 2.2
      vertex 6.73442 10.6705 0
      vertex 6.61766 10.6551 0
    endloop
  endfacet
  facet normal 0.73714 -0.67574 0
    outer loop
      vertex 5.46584 12.8678 2.2
      vertex 5.54541 12.9546 0
      vertex 5.54541 12.9546 2.2
    endloop
  endfacet
  facet normal 0.73714 -0.67574 0
    outer loop
      vertex 5.54541 12.9546 0
      vertex 5.46584 12.8678 2.2
      vertex 5.46584 12.8678 0
    endloop
  endfacet
  facet normal -0.675752 -0.737129 0
    outer loop
      vertex 7.36776 13.0342 0
      vertex 7.45459 12.9546 2.2
      vertex 7.36776 13.0342 2.2
    endloop
  endfacet
  facet normal -0.675752 -0.737129 -0
    outer loop
      vertex 7.45459 12.9546 2.2
      vertex 7.36776 13.0342 0
      vertex 7.45459 12.9546 0
    endloop
  endfacet
  facet normal 0.923869 0.382709 0
    outer loop
      vertex 5.27648 11.4295 2.2
      vertex 5.23141 11.5383 0
      vertex 5.23141 11.5383 2.2
    endloop
  endfacet
  facet normal 0.923869 0.382709 0
    outer loop
      vertex 5.23141 11.5383 0
      vertex 5.27648 11.4295 2.2
      vertex 5.27648 11.4295 0
    endloop
  endfacet
  facet normal -0.73714 0.67574 0
    outer loop
      vertex 7.45459 11.0454 0
      vertex 7.53416 11.1322 2.2
      vertex 7.53416 11.1322 0
    endloop
  endfacet
  facet normal -0.73714 0.67574 0
    outer loop
      vertex 7.53416 11.1322 2.2
      vertex 7.45459 11.0454 0
      vertex 7.45459 11.0454 2.2
    endloop
  endfacet
  facet normal -0.843319 -0.537414 0
    outer loop
      vertex 7.66913 12.675 0
      vertex 7.60585 12.7743 2.2
      vertex 7.60585 12.7743 0
    endloop
  endfacet
  facet normal -0.843319 -0.537414 0
    outer loop
      vertex 7.60585 12.7743 2.2
      vertex 7.66913 12.675 0
      vertex 7.66913 12.675 2.2
    endloop
  endfacet
  facet normal -0.887043 -0.461687 0
    outer loop
      vertex 7.72352 12.5705 0
      vertex 7.66913 12.675 2.2
      vertex 7.66913 12.675 0
    endloop
  endfacet
  facet normal -0.887043 -0.461687 0
    outer loop
      vertex 7.66913 12.675 2.2
      vertex 7.72352 12.5705 0
      vertex 7.72352 12.5705 2.2
    endloop
  endfacet
  facet normal -0.382927 -0.923779 0
    outer loop
      vertex 6.96173 13.2686 0
      vertex 7.07053 13.2235 2.2
      vertex 6.96173 13.2686 2.2
    endloop
  endfacet
  facet normal -0.382927 -0.923779 -0
    outer loop
      vertex 7.07053 13.2235 2.2
      vertex 6.96173 13.2686 0
      vertex 7.07053 13.2235 0
    endloop
  endfacet
  facet normal -0.793579 0.608467 0
    outer loop
      vertex 7.53416 11.1322 0
      vertex 7.60585 11.2257 2.2
      vertex 7.60585 11.2257 0
    endloop
  endfacet
  facet normal -0.793579 0.608467 0
    outer loop
      vertex 7.60585 11.2257 2.2
      vertex 7.53416 11.1322 0
      vertex 7.53416 11.1322 2.2
    endloop
  endfacet
  facet normal -0.976305 0.2164 0
    outer loop
      vertex 7.804 11.6506 0
      vertex 7.82949 11.7656 2.2
      vertex 7.82949 11.7656 0
    endloop
  endfacet
  facet normal -0.976305 0.2164 0
    outer loop
      vertex 7.82949 11.7656 2.2
      vertex 7.804 11.6506 0
      vertex 7.804 11.6506 2.2
    endloop
  endfacet
  facet normal 0.793538 0.608521 0
    outer loop
      vertex 5.46584 11.1322 2.2
      vertex 5.39414 11.2257 0
      vertex 5.39414 11.2257 2.2
    endloop
  endfacet
  facet normal 0.793538 0.608521 0
    outer loop
      vertex 5.39414 11.2257 0
      vertex 5.46584 11.1322 2.2
      vertex 5.46584 11.1322 0
    endloop
  endfacet
  facet normal -0.536815 -0.8437 0
    outer loop
      vertex 7.175 13.1691 0
      vertex 7.27433 13.1059 2.2
      vertex 7.175 13.1691 2.2
    endloop
  endfacet
  facet normal -0.536815 -0.8437 -0
    outer loop
      vertex 7.27433 13.1059 2.2
      vertex 7.175 13.1691 0
      vertex 7.27433 13.1059 0
    endloop
  endfacet
  facet normal -0.608808 -0.793318 0
    outer loop
      vertex 7.27433 13.1059 0
      vertex 7.36776 13.0342 2.2
      vertex 7.27433 13.1059 2.2
    endloop
  endfacet
  facet normal -0.608808 -0.793318 -0
    outer loop
      vertex 7.36776 13.0342 2.2
      vertex 7.27433 13.1059 0
      vertex 7.36776 13.0342 0
    endloop
  endfacet
  facet normal 0.608808 -0.793318 0
    outer loop
      vertex 5.63224 13.0342 0
      vertex 5.72567 13.1059 2.2
      vertex 5.63224 13.0342 2.2
    endloop
  endfacet
  facet normal 0.608808 -0.793318 0
    outer loop
      vertex 5.72567 13.1059 2.2
      vertex 5.63224 13.0342 0
      vertex 5.72567 13.1059 0
    endloop
  endfacet
  facet normal -0.953688 -0.300798 0
    outer loop
      vertex 7.804 12.3494 0
      vertex 7.76858 12.4617 2.2
      vertex 7.76858 12.4617 0
    endloop
  endfacet
  facet normal -0.953688 -0.300798 0
    outer loop
      vertex 7.76858 12.4617 2.2
      vertex 7.804 12.3494 0
      vertex 7.804 12.3494 2.2
    endloop
  endfacet
  facet normal -0.923899 0.382637 0
    outer loop
      vertex 7.72352 11.4295 0
      vertex 7.76858 11.5383 2.2
      vertex 7.76858 11.5383 0
    endloop
  endfacet
  facet normal -0.923899 0.382637 0
    outer loop
      vertex 7.76858 11.5383 2.2
      vertex 7.72352 11.4295 0
      vertex 7.72352 11.4295 2.2
    endloop
  endfacet
  facet normal -0.461858 -0.886954 0
    outer loop
      vertex 7.07053 13.2235 0
      vertex 7.175 13.1691 2.2
      vertex 7.07053 13.2235 2.2
    endloop
  endfacet
  facet normal -0.461858 -0.886954 -0
    outer loop
      vertex 7.175 13.1691 2.2
      vertex 7.07053 13.2235 0
      vertex 7.175 13.1691 0
    endloop
  endfacet
  facet normal 0.793538 -0.608521 0
    outer loop
      vertex 5.39414 12.7743 2.2
      vertex 5.46584 12.8678 0
      vertex 5.46584 12.8678 2.2
    endloop
  endfacet
  facet normal 0.793538 -0.608521 0
    outer loop
      vertex 5.46584 12.8678 0
      vertex 5.39414 12.7743 2.2
      vertex 5.39414 12.7743 0
    endloop
  endfacet
  facet normal 0.991438 -0.130578 0
    outer loop
      vertex 5.15514 12.1177 2.2
      vertex 5.17051 12.2344 0
      vertex 5.17051 12.2344 2.2
    endloop
  endfacet
  facet normal 0.991438 -0.130578 0
    outer loop
      vertex 5.17051 12.2344 0
      vertex 5.15514 12.1177 2.2
      vertex 5.15514 12.1177 0
    endloop
  endfacet
  facet normal -0.536815 0.8437 0
    outer loop
      vertex 7.27433 10.8941 0
      vertex 7.175 10.8309 2.2
      vertex 7.27433 10.8941 2.2
    endloop
  endfacet
  facet normal -0.536815 0.8437 0
    outer loop
      vertex 7.175 10.8309 2.2
      vertex 7.27433 10.8941 0
      vertex 7.175 10.8309 0
    endloop
  endfacet
  facet normal -0.0433046 -0.999062 0
    outer loop
      vertex 6.5 13.35 0
      vertex 6.61766 13.3449 2.2
      vertex 6.5 13.35 2.2
    endloop
  endfacet
  facet normal -0.0433046 -0.999062 -0
    outer loop
      vertex 6.61766 13.3449 2.2
      vertex 6.5 13.35 0
      vertex 6.61766 13.3449 0
    endloop
  endfacet
  facet normal 0.300595 -0.953752 0
    outer loop
      vertex 6.03827 13.2686 0
      vertex 6.15059 13.304 2.2
      vertex 6.03827 13.2686 2.2
    endloop
  endfacet
  facet normal 0.300595 -0.953752 0
    outer loop
      vertex 6.15059 13.304 2.2
      vertex 6.03827 13.2686 0
      vertex 6.15059 13.304 0
    endloop
  endfacet
  facet normal -0.461858 0.886954 0
    outer loop
      vertex 7.175 10.8309 0
      vertex 7.07053 10.7765 2.2
      vertex 7.175 10.8309 2.2
    endloop
  endfacet
  facet normal -0.461858 0.886954 0
    outer loop
      vertex 7.07053 10.7765 2.2
      vertex 7.175 10.8309 0
      vertex 7.07053 10.7765 0
    endloop
  endfacet
  facet normal 0.216517 0.976279 -0
    outer loop
      vertex 6.26557 10.6705 0
      vertex 6.15059 10.696 2.2
      vertex 6.26557 10.6705 2.2
    endloop
  endfacet
  facet normal 0.216517 0.976279 0
    outer loop
      vertex 6.15059 10.696 2.2
      vertex 6.26557 10.6705 0
      vertex 6.15059 10.696 0
    endloop
  endfacet
  facet normal -0.0433046 0.999062 0
    outer loop
      vertex 6.61766 10.6551 0
      vertex 6.5 10.65 2.2
      vertex 6.61766 10.6551 2.2
    endloop
  endfacet
  facet normal -0.0433046 0.999062 0
    outer loop
      vertex 6.5 10.65 2.2
      vertex 6.61766 10.6551 0
      vertex 6.5 10.65 0
    endloop
  endfacet
  facet normal -0.953688 0.300798 0
    outer loop
      vertex 7.76858 11.5383 0
      vertex 7.804 11.6506 2.2
      vertex 7.804 11.6506 0
    endloop
  endfacet
  facet normal -0.953688 0.300798 0
    outer loop
      vertex 7.804 11.6506 2.2
      vertex 7.76858 11.5383 0
      vertex 7.76858 11.5383 2.2
    endloop
  endfacet
  facet normal 0.999048 -0.0436288 0
    outer loop
      vertex 5.15 12 2.2
      vertex 5.15514 12.1177 0
      vertex 5.15514 12.1177 2.2
    endloop
  endfacet
  facet normal 0.999048 -0.0436288 0
    outer loop
      vertex 5.15514 12.1177 0
      vertex 5.15 12 2.2
      vertex 5.15 12 0
    endloop
  endfacet
  facet normal 0.923869 -0.382709 0
    outer loop
      vertex 5.23141 12.4617 2.2
      vertex 5.27648 12.5705 0
      vertex 5.27648 12.5705 2.2
    endloop
  endfacet
  facet normal 0.923869 -0.382709 0
    outer loop
      vertex 5.27648 12.5705 0
      vertex 5.23141 12.4617 2.2
      vertex 5.23141 12.4617 0
    endloop
  endfacet
  facet normal 0.130751 -0.991415 0
    outer loop
      vertex 6.26557 13.3295 0
      vertex 6.38234 13.3449 2.2
      vertex 6.26557 13.3295 2.2
    endloop
  endfacet
  facet normal 0.130751 -0.991415 0
    outer loop
      vertex 6.38234 13.3449 2.2
      vertex 6.26557 13.3295 0
      vertex 6.38234 13.3449 0
    endloop
  endfacet
  facet normal 0.130751 0.991415 -0
    outer loop
      vertex 6.38234 10.6551 0
      vertex 6.26557 10.6705 2.2
      vertex 6.38234 10.6551 2.2
    endloop
  endfacet
  facet normal 0.130751 0.991415 0
    outer loop
      vertex 6.26557 10.6705 2.2
      vertex 6.38234 10.6551 0
      vertex 6.26557 10.6705 0
    endloop
  endfacet
  facet normal 0.461858 0.886954 -0
    outer loop
      vertex 5.92947 10.7765 0
      vertex 5.825 10.8309 2.2
      vertex 5.92947 10.7765 2.2
    endloop
  endfacet
  facet normal 0.461858 0.886954 0
    outer loop
      vertex 5.825 10.8309 2.2
      vertex 5.92947 10.7765 0
      vertex 5.825 10.8309 0
    endloop
  endfacet
  facet normal 0.953712 0.300721 0
    outer loop
      vertex 5.23141 11.5383 2.2
      vertex 5.196 11.6506 0
      vertex 5.196 11.6506 2.2
    endloop
  endfacet
  facet normal 0.953712 0.300721 0
    outer loop
      vertex 5.196 11.6506 0
      vertex 5.23141 11.5383 2.2
      vertex 5.23141 11.5383 0
    endloop
  endfacet
  facet normal -0.923899 -0.382637 0
    outer loop
      vertex 7.76858 12.4617 0
      vertex 7.72352 12.5705 2.2
      vertex 7.72352 12.5705 0
    endloop
  endfacet
  facet normal -0.923899 -0.382637 0
    outer loop
      vertex 7.72352 12.5705 2.2
      vertex 7.76858 12.4617 0
      vertex 7.76858 12.4617 2.2
    endloop
  endfacet
  facet normal -0.999048 0.0436288 0
    outer loop
      vertex 7.84486 11.8823 0
      vertex 7.85 12 2.2
      vertex 7.85 12 0
    endloop
  endfacet
  facet normal -0.999048 0.0436288 0
    outer loop
      vertex 7.85 12 2.2
      vertex 7.84486 11.8823 0
      vertex 7.84486 11.8823 2.2
    endloop
  endfacet
  facet normal 0.976305 -0.2164 0
    outer loop
      vertex 5.17051 12.2344 2.2
      vertex 5.196 12.3494 0
      vertex 5.196 12.3494 2.2
    endloop
  endfacet
  facet normal 0.976305 -0.2164 0
    outer loop
      vertex 5.196 12.3494 0
      vertex 5.17051 12.2344 2.2
      vertex 5.17051 12.2344 0
    endloop
  endfacet
  facet normal -0.991438 0.130578 0
    outer loop
      vertex 7.82949 11.7656 0
      vertex 7.84486 11.8823 2.2
      vertex 7.84486 11.8823 0
    endloop
  endfacet
  facet normal -0.991438 0.130578 0
    outer loop
      vertex 7.84486 11.8823 2.2
      vertex 7.82949 11.7656 0
      vertex 7.82949 11.7656 2.2
    endloop
  endfacet
  facet normal 0.675752 -0.737129 0
    outer loop
      vertex 5.54541 12.9546 0
      vertex 5.63224 13.0342 2.2
      vertex 5.54541 12.9546 2.2
    endloop
  endfacet
  facet normal 0.675752 -0.737129 0
    outer loop
      vertex 5.63224 13.0342 2.2
      vertex 5.54541 12.9546 0
      vertex 5.63224 13.0342 0
    endloop
  endfacet
  facet normal 0.382927 -0.923779 0
    outer loop
      vertex 5.92947 13.2235 0
      vertex 6.03827 13.2686 2.2
      vertex 5.92947 13.2235 2.2
    endloop
  endfacet
  facet normal 0.382927 -0.923779 0
    outer loop
      vertex 6.03827 13.2686 2.2
      vertex 5.92947 13.2235 0
      vertex 6.03827 13.2686 0
    endloop
  endfacet
  facet normal 0.999048 0.0436288 0
    outer loop
      vertex 5.15514 11.8823 2.2
      vertex 5.15 12 0
      vertex 5.15 12 2.2
    endloop
  endfacet
  facet normal 0.999048 0.0436288 0
    outer loop
      vertex 5.15 12 0
      vertex 5.15514 11.8823 2.2
      vertex 5.15514 11.8823 0
    endloop
  endfacet
  facet normal 0.0433046 -0.999062 0
    outer loop
      vertex 6.38234 13.3449 0
      vertex 6.5 13.35 2.2
      vertex 6.38234 13.3449 2.2
    endloop
  endfacet
  facet normal 0.0433046 -0.999062 0
    outer loop
      vertex 6.5 13.35 2.2
      vertex 6.38234 13.3449 0
      vertex 6.5 13.35 0
    endloop
  endfacet
  facet normal -0.130762 -0.991414 0
    outer loop
      vertex 6.61766 13.3449 0
      vertex 6.73442 13.3295 2.2
      vertex 6.61766 13.3449 2.2
    endloop
  endfacet
  facet normal -0.130762 -0.991414 -0
    outer loop
      vertex 6.73442 13.3295 2.2
      vertex 6.61766 13.3449 0
      vertex 6.73442 13.3295 0
    endloop
  endfacet
  facet normal 0.608808 0.793318 -0
    outer loop
      vertex 5.72567 10.8941 0
      vertex 5.63224 10.9658 2.2
      vertex 5.72567 10.8941 2.2
    endloop
  endfacet
  facet normal 0.608808 0.793318 0
    outer loop
      vertex 5.63224 10.9658 2.2
      vertex 5.72567 10.8941 0
      vertex 5.63224 10.9658 0
    endloop
  endfacet
  facet normal -0.382927 0.923779 0
    outer loop
      vertex 7.07053 10.7765 0
      vertex 6.96173 10.7314 2.2
      vertex 7.07053 10.7765 2.2
    endloop
  endfacet
  facet normal -0.382927 0.923779 0
    outer loop
      vertex 6.96173 10.7314 2.2
      vertex 7.07053 10.7765 0
      vertex 6.96173 10.7314 0
    endloop
  endfacet
  facet normal 0.953712 -0.300721 0
    outer loop
      vertex 5.196 12.3494 2.2
      vertex 5.23141 12.4617 0
      vertex 5.23141 12.4617 2.2
    endloop
  endfacet
  facet normal 0.953712 -0.300721 0
    outer loop
      vertex 5.23141 12.4617 0
      vertex 5.196 12.3494 2.2
      vertex 5.196 12.3494 0
    endloop
  endfacet
  facet normal 0.461858 -0.886954 0
    outer loop
      vertex 5.825 13.1691 0
      vertex 5.92947 13.2235 2.2
      vertex 5.825 13.1691 2.2
    endloop
  endfacet
  facet normal 0.461858 -0.886954 0
    outer loop
      vertex 5.92947 13.2235 2.2
      vertex 5.825 13.1691 0
      vertex 5.92947 13.2235 0
    endloop
  endfacet
  facet normal 0.73714 0.67574 0
    outer loop
      vertex 5.54541 11.0454 2.2
      vertex 5.46584 11.1322 0
      vertex 5.46584 11.1322 2.2
    endloop
  endfacet
  facet normal 0.73714 0.67574 0
    outer loop
      vertex 5.46584 11.1322 0
      vertex 5.54541 11.0454 2.2
      vertex 5.54541 11.0454 0
    endloop
  endfacet
  facet normal -0.73714 -0.67574 0
    outer loop
      vertex 7.53416 12.8678 0
      vertex 7.45459 12.9546 2.2
      vertex 7.45459 12.9546 0
    endloop
  endfacet
  facet normal -0.73714 -0.67574 0
    outer loop
      vertex 7.45459 12.9546 2.2
      vertex 7.53416 12.8678 0
      vertex 7.53416 12.8678 2.2
    endloop
  endfacet
  facet normal 0.991438 0.130578 0
    outer loop
      vertex 5.17051 11.7656 2.2
      vertex 5.15514 11.8823 0
      vertex 5.15514 11.8823 2.2
    endloop
  endfacet
  facet normal 0.991438 0.130578 0
    outer loop
      vertex 5.15514 11.8823 0
      vertex 5.17051 11.7656 2.2
      vertex 5.17051 11.7656 0
    endloop
  endfacet
  facet normal -0.216499 -0.976283 0
    outer loop
      vertex 6.73442 13.3295 0
      vertex 6.84941 13.304 2.2
      vertex 6.73442 13.3295 2.2
    endloop
  endfacet
  facet normal -0.216499 -0.976283 -0
    outer loop
      vertex 6.84941 13.304 2.2
      vertex 6.73442 13.3295 0
      vertex 6.84941 13.304 0
    endloop
  endfacet
  facet normal -0.843319 0.537414 0
    outer loop
      vertex 7.60585 11.2257 0
      vertex 7.66913 11.325 2.2
      vertex 7.66913 11.325 0
    endloop
  endfacet
  facet normal -0.843319 0.537414 0
    outer loop
      vertex 7.66913 11.325 2.2
      vertex 7.60585 11.2257 0
      vertex 7.60585 11.2257 2.2
    endloop
  endfacet
  facet normal -0.887043 0.461687 0
    outer loop
      vertex 7.66913 11.325 0
      vertex 7.72352 11.4295 2.2
      vertex 7.72352 11.4295 0
    endloop
  endfacet
  facet normal -0.887043 0.461687 0
    outer loop
      vertex 7.72352 11.4295 2.2
      vertex 7.66913 11.325 0
      vertex 7.66913 11.325 2.2
    endloop
  endfacet
  facet normal -0.300595 0.953752 0
    outer loop
      vertex 6.96173 10.7314 0
      vertex 6.84941 10.696 2.2
      vertex 6.96173 10.7314 2.2
    endloop
  endfacet
  facet normal -0.300595 0.953752 0
    outer loop
      vertex 6.84941 10.696 2.2
      vertex 6.96173 10.7314 0
      vertex 6.84941 10.696 0
    endloop
  endfacet
  facet normal 0.382927 0.923779 -0
    outer loop
      vertex 6.03827 10.7314 0
      vertex 5.92947 10.7765 2.2
      vertex 6.03827 10.7314 2.2
    endloop
  endfacet
  facet normal 0.382927 0.923779 0
    outer loop
      vertex 5.92947 10.7765 2.2
      vertex 6.03827 10.7314 0
      vertex 5.92947 10.7765 0
    endloop
  endfacet
  facet normal -0.793579 -0.608467 0
    outer loop
      vertex 7.60585 12.7743 0
      vertex 7.53416 12.8678 2.2
      vertex 7.53416 12.8678 0
    endloop
  endfacet
  facet normal -0.793579 -0.608467 0
    outer loop
      vertex 7.53416 12.8678 2.2
      vertex 7.60585 12.7743 0
      vertex 7.60585 12.7743 2.2
    endloop
  endfacet
  facet normal 0.300595 0.953752 -0
    outer loop
      vertex 6.15059 10.696 0
      vertex 6.03827 10.7314 2.2
      vertex 6.15059 10.696 2.2
    endloop
  endfacet
  facet normal 0.300595 0.953752 0
    outer loop
      vertex 6.03827 10.7314 2.2
      vertex 6.15059 10.696 0
      vertex 6.03827 10.7314 0
    endloop
  endfacet
  facet normal 0.843319 0.537414 0
    outer loop
      vertex 5.39414 11.2257 2.2
      vertex 5.33086 11.325 0
      vertex 5.33086 11.325 2.2
    endloop
  endfacet
  facet normal 0.843319 0.537414 0
    outer loop
      vertex 5.33086 11.325 0
      vertex 5.39414 11.2257 2.2
      vertex 5.39414 11.2257 0
    endloop
  endfacet
  facet normal 0.675752 0.737129 -0
    outer loop
      vertex 5.63224 10.9658 0
      vertex 5.54541 11.0454 2.2
      vertex 5.63224 10.9658 2.2
    endloop
  endfacet
  facet normal 0.675752 0.737129 0
    outer loop
      vertex 5.54541 11.0454 2.2
      vertex 5.63224 10.9658 0
      vertex 5.54541 11.0454 0
    endloop
  endfacet
  facet normal 0.0433046 0.999062 -0
    outer loop
      vertex 6.5 10.65 0
      vertex 6.38234 10.6551 2.2
      vertex 6.5 10.65 2.2
    endloop
  endfacet
  facet normal 0.0433046 0.999062 0
    outer loop
      vertex 6.38234 10.6551 2.2
      vertex 6.5 10.65 0
      vertex 6.38234 10.6551 0
    endloop
  endfacet
  facet normal -0.675752 0.737129 0
    outer loop
      vertex 7.45459 11.0454 0
      vertex 7.36776 10.9658 2.2
      vertex 7.45459 11.0454 2.2
    endloop
  endfacet
  facet normal -0.675752 0.737129 0
    outer loop
      vertex 7.36776 10.9658 2.2
      vertex 7.45459 11.0454 0
      vertex 7.36776 10.9658 0
    endloop
  endfacet
  facet normal -0.608808 0.793318 0
    outer loop
      vertex 7.36776 10.9658 0
      vertex 7.27433 10.8941 2.2
      vertex 7.36776 10.9658 2.2
    endloop
  endfacet
  facet normal -0.608808 0.793318 0
    outer loop
      vertex 7.27433 10.8941 2.2
      vertex 7.36776 10.9658 0
      vertex 7.27433 10.8941 0
    endloop
  endfacet
  facet normal 0.976305 0.2164 0
    outer loop
      vertex 5.196 11.6506 2.2
      vertex 5.17051 11.7656 0
      vertex 5.17051 11.7656 2.2
    endloop
  endfacet
  facet normal 0.976305 0.2164 0
    outer loop
      vertex 5.17051 11.7656 0
      vertex 5.196 11.6506 2.2
      vertex 5.196 11.6506 0
    endloop
  endfacet
  facet normal 0.843319 -0.537414 0
    outer loop
      vertex 5.33086 12.675 2.2
      vertex 5.39414 12.7743 0
      vertex 5.39414 12.7743 2.2
    endloop
  endfacet
  facet normal 0.843319 -0.537414 0
    outer loop
      vertex 5.39414 12.7743 0
      vertex 5.33086 12.675 2.2
      vertex 5.33086 12.675 0
    endloop
  endfacet
  facet normal -0.300595 -0.953752 0
    outer loop
      vertex 6.84941 13.304 0
      vertex 6.96173 13.2686 2.2
      vertex 6.84941 13.304 2.2
    endloop
  endfacet
  facet normal -0.300595 -0.953752 -0
    outer loop
      vertex 6.96173 13.2686 2.2
      vertex 6.84941 13.304 0
      vertex 6.96173 13.2686 0
    endloop
  endfacet
  facet normal -0.886998 -0.461773 0
    outer loop
      vertex 18.9689 -1.75 0
      vertex 18.8279 -1.47916 2.2
      vertex 18.8279 -1.47916 0
    endloop
  endfacet
  facet normal -0.886998 -0.461773 0
    outer loop
      vertex 18.8279 -1.47916 2.2
      vertex 18.9689 -1.75 0
      vertex 18.9689 -1.75 2.2
    endloop
  endfacet
  facet normal -0.537333 -0.84337 0
    outer loop
      vertex 19.9925 -2.86703 0
      vertex 20.25 -3.03109 2.2
      vertex 19.9925 -2.86703 2.2
    endloop
  endfacet
  facet normal -0.537333 -0.84337 -0
    outer loop
      vertex 20.25 -3.03109 2.2
      vertex 19.9925 -2.86703 0
      vertex 20.25 -3.03109 0
    endloop
  endfacet
  facet normal -0.608652 0.793438 0
    outer loop
      vertex 19.9925 2.86703 0
      vertex 19.7502 2.68116 2.2
      vertex 19.9925 2.86703 2.2
    endloop
  endfacet
  facet normal -0.608652 0.793438 0
    outer loop
      vertex 19.7502 2.68116 2.2
      vertex 19.9925 2.86703 0
      vertex 19.7502 2.68116 0
    endloop
  endfacet
  facet normal -0.737237 0.675634 0
    outer loop
      vertex 19.3188 2.24976 0
      vertex 19.5251 2.47487 2.2
      vertex 19.5251 2.47487 0
    endloop
  endfacet
  facet normal -0.737237 0.675634 0
    outer loop
      vertex 19.5251 2.47487 2.2
      vertex 19.3188 2.24976 0
      vertex 19.3188 2.24976 2.2
    endloop
  endfacet
  facet normal 0.675633 -0.737238 0
    outer loop
      vertex 34.8862 -2.68116 0
      vertex 35.1113 -2.47487 2.2
      vertex 34.8862 -2.68116 2.2
    endloop
  endfacet
  facet normal 0.675633 -0.737238 0
    outer loop
      vertex 35.1113 -2.47487 2.2
      vertex 34.8862 -2.68116 0
      vertex 35.1113 -2.47487 0
    endloop
  endfacet
  facet normal -0.84333 0.537397 0
    outer loop
      vertex 18.9689 1.75 0
      vertex 19.133 2.00752 2.2
      vertex 19.133 2.00752 0
    endloop
  endfacet
  facet normal -0.84333 0.537397 0
    outer loop
      vertex 19.133 2.00752 2.2
      vertex 18.9689 1.75 0
      vertex 18.9689 1.75 2.2
    endloop
  endfacet
  facet normal -0.976287 -0.21648 0
    outer loop
      vertex 18.6193 -0.905867 0
      vertex 18.5532 -0.607768 2.2
      vertex 18.5532 -0.607768 0
    endloop
  endfacet
  facet normal -0.976287 -0.21648 0
    outer loop
      vertex 18.5532 -0.607768 2.2
      vertex 18.6193 -0.905867 0
      vertex 18.6193 -0.905867 2.2
    endloop
  endfacet
  facet normal 0 1 -0
    outer loop
      vertex 32.6364 3.5 0
      vertex 22 3.5 2.2
      vertex 32.6364 3.5 2.2
    endloop
  endfacet
  facet normal 0 1 0
    outer loop
      vertex 22 3.5 2.2
      vertex 32.6364 3.5 0
      vertex 22 3.5 0
    endloop
  endfacet
  facet normal -0.300721 -0.953712 0
    outer loop
      vertex 20.8029 -3.28892 0
      vertex 21.0941 -3.38074 2.2
      vertex 20.8029 -3.28892 2.2
    endloop
  endfacet
  facet normal -0.300721 -0.953712 -0
    outer loop
      vertex 21.0941 -3.38074 2.2
      vertex 20.8029 -3.28892 0
      vertex 21.0941 -3.38074 0
    endloop
  endfacet
  facet normal 0.923932 -0.382556 0
    outer loop
      vertex 35.8085 -1.47916 2.2
      vertex 35.9253 -1.19707 0
      vertex 35.9253 -1.19707 2.2
    endloop
  endfacet
  facet normal 0.923932 -0.382556 0
    outer loop
      vertex 35.9253 -1.19707 0
      vertex 35.8085 -1.47916 2.2
      vertex 35.8085 -1.47916 0
    endloop
  endfacet
  facet normal 0.300721 0.953712 -0
    outer loop
      vertex 33.8335 3.28892 0
      vertex 33.5423 3.38074 2.2
      vertex 33.8335 3.28892 2.2
    endloop
  endfacet
  facet normal 0.300721 0.953712 0
    outer loop
      vertex 33.5423 3.38074 2.2
      vertex 33.8335 3.28892 0
      vertex 33.5423 3.38074 0
    endloop
  endfacet
  facet normal 0.0436305 0.999048 -0
    outer loop
      vertex 32.9414 3.48668 0
      vertex 32.6364 3.5 2.2
      vertex 32.9414 3.48668 2.2
    endloop
  endfacet
  facet normal 0.0436305 0.999048 0
    outer loop
      vertex 32.6364 3.5 2.2
      vertex 32.9414 3.48668 0
      vertex 32.6364 3.5 0
    endloop
  endfacet
  facet normal 0.608652 0.793438 -0
    outer loop
      vertex 34.8862 2.68116 0
      vertex 34.6439 2.86703 2.2
      vertex 34.8862 2.68116 2.2
    endloop
  endfacet
  facet normal 0.608652 0.793438 0
    outer loop
      vertex 34.6439 2.86703 2.2
      vertex 34.8862 2.68116 0
      vertex 34.6439 2.86703 0
    endloop
  endfacet
  facet normal 0.999051 0.0435589 0
    outer loop
      vertex 36.1364 0 2.2
      vertex 36.1231 0.305044 0
      vertex 36.1231 0.305044 2.2
    endloop
  endfacet
  facet normal 0.999051 0.0435589 0
    outer loop
      vertex 36.1231 0.305044 0
      vertex 36.1364 0 2.2
      vertex 36.1364 0 0
    endloop
  endfacet
  facet normal -0.793476 0.608602 0
    outer loop
      vertex 19.133 2.00752 0
      vertex 19.3188 2.24976 2.2
      vertex 19.3188 2.24976 0
    endloop
  endfacet
  facet normal -0.793476 0.608602 0
    outer loop
      vertex 19.3188 2.24976 2.2
      vertex 19.133 2.00752 0
      vertex 19.133 2.00752 2.2
    endloop
  endfacet
  facet normal 0.737237 0.675634 0
    outer loop
      vertex 35.3176 2.24976 2.2
      vertex 35.1113 2.47487 0
      vertex 35.1113 2.47487 2.2
    endloop
  endfacet
  facet normal 0.737237 0.675634 0
    outer loop
      vertex 35.1113 2.47487 0
      vertex 35.3176 2.24976 2.2
      vertex 35.3176 2.24976 0
    endloop
  endfacet
  facet normal 0.953732 0.300658 0
    outer loop
      vertex 36.0171 0.905867 2.2
      vertex 35.9253 1.19707 0
      vertex 35.9253 1.19707 2.2
    endloop
  endfacet
  facet normal 0.953732 0.300658 0
    outer loop
      vertex 35.9253 1.19707 0
      vertex 36.0171 0.905867 2.2
      vertex 36.0171 0.905867 0
    endloop
  endfacet
  facet normal -0.300721 0.953712 0
    outer loop
      vertex 21.0941 3.38074 0
      vertex 20.8029 3.28892 2.2
      vertex 21.0941 3.38074 2.2
    endloop
  endfacet
  facet normal -0.300721 0.953712 0
    outer loop
      vertex 20.8029 3.28892 2.2
      vertex 21.0941 3.38074 0
      vertex 20.8029 3.28892 0
    endloop
  endfacet
  facet normal -0.991426 0.130673 0
    outer loop
      vertex 18.5133 0.305044 0
      vertex 18.5532 0.607768 2.2
      vertex 18.5532 0.607768 0
    endloop
  endfacet
  facet normal -0.991426 0.130673 0
    outer loop
      vertex 18.5532 0.607768 2.2
      vertex 18.5133 0.305044 0
      vertex 18.5133 0.305044 2.2
    endloop
  endfacet
  facet normal 0.84333 0.537397 0
    outer loop
      vertex 35.6675 1.75 2.2
      vertex 35.5034 2.00752 0
      vertex 35.5034 2.00752 2.2
    endloop
  endfacet
  facet normal 0.84333 0.537397 0
    outer loop
      vertex 35.5034 2.00752 0
      vertex 35.6675 1.75 2.2
      vertex 35.6675 1.75 0
    endloop
  endfacet
  facet normal -0.216448 -0.976294 0
    outer loop
      vertex 21.0941 -3.38074 0
      vertex 21.3922 -3.44683 2.2
      vertex 21.0941 -3.38074 2.2
    endloop
  endfacet
  facet normal -0.216448 -0.976294 -0
    outer loop
      vertex 21.3922 -3.44683 2.2
      vertex 21.0941 -3.38074 0
      vertex 21.3922 -3.44683 0
    endloop
  endfacet
  facet normal 0.608652 -0.793438 0
    outer loop
      vertex 34.6439 -2.86703 0
      vertex 34.8862 -2.68116 2.2
      vertex 34.6439 -2.86703 2.2
    endloop
  endfacet
  facet normal 0.608652 -0.793438 0
    outer loop
      vertex 34.8862 -2.68116 2.2
      vertex 34.6439 -2.86703 0
      vertex 34.8862 -2.68116 0
    endloop
  endfacet
  facet normal 0 0 -1
    outer loop
      vertex 33.9864 0 0
      vertex 36.1364 0 0
      vertex 36.1231 -0.305044 0
    endloop
  endfacet
  facet normal 0 0 -1
    outer loop
      vertex 33.9813 -0.11766 0
      vertex 36.1231 -0.305044 0
      vertex 36.0832 -0.607768 0
    endloop
  endfacet
  facet normal 0 0 -1
    outer loop
      vertex 36.1364 0 0
      vertex 33.9864 0 0
      vertex 36.1231 0.305044 0
    endloop
  endfacet
  facet normal 0 0 -1
    outer loop
      vertex 33.9659 -0.234425 0
      vertex 36.0832 -0.607768 0
      vertex 36.0171 -0.905867 0
    endloop
  endfacet
  facet normal 0 0 -1
    outer loop
      vertex 33.9813 0.11766 0
      vertex 36.1231 0.305044 0
      vertex 33.9864 0 0
    endloop
  endfacet
  facet normal 0 0 -1
    outer loop
      vertex 33.9404 -0.349405 0
      vertex 36.0171 -0.905867 0
      vertex 35.9253 -1.19707 0
    endloop
  endfacet
  facet normal -0 0 -1
    outer loop
      vertex 36.1231 0.305044 0
      vertex 33.9813 0.11766 0
      vertex 36.0832 0.607768 0
    endloop
  endfacet
  facet normal 0 0 -1
    outer loop
      vertex 33.905 -0.461727 0
      vertex 35.9253 -1.19707 0
      vertex 35.8085 -1.47916 0
    endloop
  endfacet
  facet normal 0 0 -1
    outer loop
      vertex 33.9659 0.234425 0
      vertex 36.0832 0.607768 0
      vertex 33.9813 0.11766 0
    endloop
  endfacet
  facet normal 0 0 -1
    outer loop
      vertex 33.8599 -0.570534 0
      vertex 35.8085 -1.47916 0
      vertex 35.6675 -1.75 0
    endloop
  endfacet
  facet normal -0 0 -1
    outer loop
      vertex 36.0832 0.607768 0
      vertex 33.9659 0.234425 0
      vertex 36.0171 0.905867 0
    endloop
  endfacet
  facet normal 0 0 -1
    outer loop
      vertex 33.8055 -0.674999 0
      vertex 35.6675 -1.75 0
      vertex 35.5034 -2.00752 0
    endloop
  endfacet
  facet normal 0 0 -1
    outer loop
      vertex 33.9404 0.349405 0
      vertex 36.0171 0.905867 0
      vertex 33.9659 0.234425 0
    endloop
  endfacet
  facet normal 0 0 -1
    outer loop
      vertex 33.7423 -0.774327 0
      vertex 35.5034 -2.00752 0
      vertex 35.3176 -2.24976 0
    endloop
  endfacet
  facet normal -0 0 -1
    outer loop
      vertex 36.0171 0.905867 0
      vertex 33.9404 0.349405 0
      vertex 35.9253 1.19707 0
    endloop
  endfacet
  facet normal 0 0 -1
    outer loop
      vertex 33.6706 -0.867763 0
      vertex 35.3176 -2.24976 0
      vertex 35.1113 -2.47487 0
    endloop
  endfacet
  facet normal 0 0 -1
    outer loop
      vertex 33.905 0.461727 0
      vertex 35.9253 1.19707 0
      vertex 33.9404 0.349405 0
    endloop
  endfacet
  facet normal 0 0 -1
    outer loop
      vertex 33.591 -0.954594 0
      vertex 35.1113 -2.47487 0
      vertex 34.8862 -2.68116 0
    endloop
  endfacet
  facet normal -0 0 -1
    outer loop
      vertex 35.9253 1.19707 0
      vertex 33.905 0.461727 0
      vertex 35.8085 1.47916 0
    endloop
  endfacet
  facet normal 0 0 -1
    outer loop
      vertex 33.5042 -1.03416 0
      vertex 34.8862 -2.68116 0
      vertex 34.6439 -2.86703 0
    endloop
  endfacet
  facet normal 0 0 -1
    outer loop
      vertex 33.8599 0.570534 0
      vertex 35.8085 1.47916 0
      vertex 33.905 0.461727 0
    endloop
  endfacet
  facet normal 0 0 -1
    outer loop
      vertex 33.4107 -1.10585 0
      vertex 34.6439 -2.86703 0
      vertex 34.3864 -3.03109 0
    endloop
  endfacet
  facet normal -0 0 -1
    outer loop
      vertex 35.8085 1.47916 0
      vertex 33.8599 0.570534 0
      vertex 35.6675 1.75 0
    endloop
  endfacet
  facet normal 0 0 -1
    outer loop
      vertex 33.3114 -1.16913 0
      vertex 34.3864 -3.03109 0
      vertex 34.1156 -3.17208 0
    endloop
  endfacet
  facet normal 0 0 -1
    outer loop
      vertex 33.8055 0.674999 0
      vertex 35.6675 1.75 0
      vertex 33.8599 0.570534 0
    endloop
  endfacet
  facet normal -0 0 -1
    outer loop
      vertex 35.6675 1.75 0
      vertex 33.8055 0.674999 0
      vertex 35.5034 2.00752 0
    endloop
  endfacet
  facet normal 0 0 -1
    outer loop
      vertex 36.1231 -0.305044 0
      vertex 33.9813 -0.11766 0
      vertex 33.9864 0 0
    endloop
  endfacet
  facet normal 0 0 -1
    outer loop
      vertex 36.0832 -0.607768 0
      vertex 33.9659 -0.234425 0
      vertex 33.9813 -0.11766 0
    endloop
  endfacet
  facet normal 0 0 -1
    outer loop
      vertex 36.0171 -0.905867 0
      vertex 33.9404 -0.349405 0
      vertex 33.9659 -0.234425 0
    endloop
  endfacet
  facet normal 0 0 -1
    outer loop
      vertex 35.9253 -1.19707 0
      vertex 33.905 -0.461727 0
      vertex 33.9404 -0.349405 0
    endloop
  endfacet
  facet normal 0 0 -1
    outer loop
      vertex 35.8085 -1.47916 0
      vertex 33.8599 -0.570534 0
      vertex 33.905 -0.461727 0
    endloop
  endfacet
  facet normal 0 0 -1
    outer loop
      vertex 33.2069 -1.22352 0
      vertex 34.1156 -3.17208 0
      vertex 33.8335 -3.28892 0
    endloop
  endfacet
  facet normal 0 0 -1
    outer loop
      vertex 35.6675 -1.75 0
      vertex 33.8055 -0.674999 0
      vertex 33.8599 -0.570534 0
    endloop
  endfacet
  facet normal 0 0 -1
    outer loop
      vertex 35.5034 -2.00752 0
      vertex 33.7423 -0.774327 0
      vertex 33.8055 -0.674999 0
    endloop
  endfacet
  facet normal 0 0 -1
    outer loop
      vertex 35.3176 -2.24976 0
      vertex 33.6706 -0.867763 0
      vertex 33.7423 -0.774327 0
    endloop
  endfacet
  facet normal 0 0 -1
    outer loop
      vertex 35.1113 -2.47487 0
      vertex 33.591 -0.954594 0
      vertex 33.6706 -0.867763 0
    endloop
  endfacet
  facet normal 0 0 -1
    outer loop
      vertex 33.0981 -1.26858 0
      vertex 33.8335 -3.28892 0
      vertex 33.5423 -3.38074 0
    endloop
  endfacet
  facet normal 0 0 -1
    outer loop
      vertex 34.8862 -2.68116 0
      vertex 33.5042 -1.03416 0
      vertex 33.591 -0.954594 0
    endloop
  endfacet
  facet normal 0 0 -1
    outer loop
      vertex 34.6439 -2.86703 0
      vertex 33.4107 -1.10585 0
      vertex 33.5042 -1.03416 0
    endloop
  endfacet
  facet normal 0 0 -1
    outer loop
      vertex 34.3864 -3.03109 0
      vertex 33.3114 -1.16913 0
      vertex 33.4107 -1.10585 0
    endloop
  endfacet
  facet normal 0 0 -1
    outer loop
      vertex 32.9858 -1.304 0
      vertex 33.5423 -3.38074 0
      vertex 33.2442 -3.44683 0
    endloop
  endfacet
  facet normal 0 0 -1
    outer loop
      vertex 34.1156 -3.17208 0
      vertex 33.2069 -1.22352 0
      vertex 33.3114 -1.16913 0
    endloop
  endfacet
  facet normal 0 0 -1
    outer loop
      vertex 33.8335 -3.28892 0
      vertex 33.0981 -1.26858 0
      vertex 33.2069 -1.22352 0
    endloop
  endfacet
  facet normal 0 0 -1
    outer loop
      vertex 33.5423 -3.38074 0
      vertex 32.9858 -1.304 0
      vertex 33.0981 -1.26858 0
    endloop
  endfacet
  facet normal 0 0 -1
    outer loop
      vertex 32.8708 -1.32949 0
      vertex 33.2442 -3.44683 0
      vertex 32.9414 -3.48668 0
    endloop
  endfacet
  facet normal 0 0 -1
    outer loop
      vertex 33.2442 -3.44683 0
      vertex 32.8708 -1.32949 0
      vertex 32.9858 -1.304 0
    endloop
  endfacet
  facet normal 0 0 -1
    outer loop
      vertex 32.9414 -3.48668 0
      vertex 32.7541 -1.34486 0
      vertex 32.8708 -1.32949 0
    endloop
  endfacet
  facet normal 0 0 -1
    outer loop
      vertex 32.6364 -3.5 0
      vertex 32.7541 -1.34486 0
      vertex 32.9414 -3.48668 0
    endloop
  endfacet
  facet normal 0 0 -1
    outer loop
      vertex 32.6364 -3.5 0
      vertex 32.6364 -1.35 0
      vertex 32.7541 -1.34486 0
    endloop
  endfacet
  facet normal 0 0 -1
    outer loop
      vertex 32.6364 -3.5 0
      vertex 32.5187 -1.34486 0
      vertex 32.6364 -1.35 0
    endloop
  endfacet
  facet normal 0 0 -1
    outer loop
      vertex 32.6364 -3.5 0
      vertex 32.402 -1.32949 0
      vertex 32.5187 -1.34486 0
    endloop
  endfacet
  facet normal 0 0 -1
    outer loop
      vertex 32.6364 -3.5 0
      vertex 32.287 -1.304 0
      vertex 32.402 -1.32949 0
    endloop
  endfacet
  facet normal 0 0 -1
    outer loop
      vertex 32.6364 -3.5 0
      vertex 32.1747 -1.26858 0
      vertex 32.287 -1.304 0
    endloop
  endfacet
  facet normal 0 0 -1
    outer loop
      vertex 32.6364 -3.5 0
      vertex 32.0659 -1.22352 0
      vertex 32.1747 -1.26858 0
    endloop
  endfacet
  facet normal 0 0 -1
    outer loop
      vertex 32.6364 -3.5 0
      vertex 31.9614 -1.16913 0
      vertex 32.0659 -1.22352 0
    endloop
  endfacet
  facet normal 0 0 -1
    outer loop
      vertex 32.6364 -3.5 0
      vertex 31.8621 -1.10585 0
      vertex 31.9614 -1.16913 0
    endloop
  endfacet
  facet normal 0 0 -1
    outer loop
      vertex 32.6364 -3.5 0
      vertex 31.7686 -1.03416 0
      vertex 31.8621 -1.10585 0
    endloop
  endfacet
  facet normal 0 0 -1
    outer loop
      vertex 32.6364 -3.5 0
      vertex 31.6818 -0.954594 0
      vertex 31.7686 -1.03416 0
    endloop
  endfacet
  facet normal 0 0 -1
    outer loop
      vertex 32.6364 -3.5 0
      vertex 31.6022 -0.867763 0
      vertex 31.6818 -0.954594 0
    endloop
  endfacet
  facet normal 0 0 -1
    outer loop
      vertex 32.6364 -3.5 0
      vertex 31.5305 -0.774327 0
      vertex 31.6022 -0.867763 0
    endloop
  endfacet
  facet normal 0 0 -1
    outer loop
      vertex 22 -3.5 0
      vertex 31.5305 -0.774327 0
      vertex 32.6364 -3.5 0
    endloop
  endfacet
  facet normal 0 -0 -1
    outer loop
      vertex 22.983 -0.688292 0
      vertex 31.5305 -0.774327 0
      vertex 22 -3.5 0
    endloop
  endfacet
  facet normal 0 0 -1
    outer loop
      vertex 31.2915 -0.11766 0
      vertex 23.2 0 0
      vertex 31.2864 0 0
    endloop
  endfacet
  facet normal 0 0 -1
    outer loop
      vertex 23.1954 -0.104587 0
      vertex 31.2915 -0.11766 0
      vertex 31.3069 -0.234425 0
    endloop
  endfacet
  facet normal 0 0 -1
    outer loop
      vertex 23.1818 -0.208377 0
      vertex 31.3069 -0.234425 0
      vertex 31.3324 -0.349405 0
    endloop
  endfacet
  facet normal 0 0 -1
    outer loop
      vertex 23.1276 -0.410423 0
      vertex 31.3324 -0.349405 0
      vertex 31.3678 -0.461727 0
    endloop
  endfacet
  facet normal 0 0 -1
    outer loop
      vertex 23.0876 -0.507141 0
      vertex 31.3678 -0.461727 0
      vertex 31.4129 -0.570534 0
    endloop
  endfacet
  facet normal 0 0 -1
    outer loop
      vertex 31.5305 -0.774327 0
      vertex 22.983 -0.688292 0
      vertex 31.4673 -0.674999 0
    endloop
  endfacet
  facet normal 0 0 -1
    outer loop
      vertex 31.2915 -0.11766 0
      vertex 23.1954 -0.104587 0
      vertex 23.2 0 0
    endloop
  endfacet
  facet normal 0 0 -1
    outer loop
      vertex 31.3069 -0.234425 0
      vertex 23.1818 -0.208377 0
      vertex 23.1954 -0.104587 0
    endloop
  endfacet
  facet normal 0 0 -1
    outer loop
      vertex 31.3324 -0.349405 0
      vertex 23.1591 -0.310582 0
      vertex 23.1818 -0.208377 0
    endloop
  endfacet
  facet normal -0 0 -1
    outer loop
      vertex 31.3324 -0.349405 0
      vertex 23.1276 -0.410423 0
      vertex 23.1591 -0.310582 0
    endloop
  endfacet
  facet normal -0 0 -1
    outer loop
      vertex 31.3678 -0.461727 0
      vertex 23.0876 -0.507141 0
      vertex 23.1276 -0.410423 0
    endloop
  endfacet
  facet normal -0 0 -1
    outer loop
      vertex 31.4129 -0.570534 0
      vertex 23.0392 -0.599999 0
      vertex 23.0876 -0.507141 0
    endloop
  endfacet
  facet normal 0 0 -1
    outer loop
      vertex 31.4673 -0.674999 0
      vertex 23.0392 -0.599999 0
      vertex 31.4129 -0.570534 0
    endloop
  endfacet
  facet normal 0 -0 -1
    outer loop
      vertex 23.0392 -0.599999 0
      vertex 31.4673 -0.674999 0
      vertex 22.983 -0.688292 0
    endloop
  endfacet
  facet normal 0 0 -1
    outer loop
      vertex 22.983 -0.688292 0
      vertex 22 -3.5 0
      vertex 22.9193 -0.771344 0
    endloop
  endfacet
  facet normal 0 0 -1
    outer loop
      vertex 22.9193 -0.771344 0
      vertex 22 -3.5 0
      vertex 22.8485 -0.848528 0
    endloop
  endfacet
  facet normal 0 0 -1
    outer loop
      vertex 22.8485 -0.848528 0
      vertex 22 -3.5 0
      vertex 22.7713 -0.919252 0
    endloop
  endfacet
  facet normal 0 0 -1
    outer loop
      vertex 22.7713 -0.919252 0
      vertex 22 -3.5 0
      vertex 22.6883 -0.982982 0
    endloop
  endfacet
  facet normal 0 0 -1
    outer loop
      vertex 22.6883 -0.982982 0
      vertex 22 -3.5 0
      vertex 22.6 -1.03923 0
    endloop
  endfacet
  facet normal 0 0 -1
    outer loop
      vertex 22.6 -1.03923 0
      vertex 22 -3.5 0
      vertex 22.5071 -1.08757 0
    endloop
  endfacet
  facet normal 0 0 -1
    outer loop
      vertex 22.5071 -1.08757 0
      vertex 22 -3.5 0
      vertex 22.4104 -1.12763 0
    endloop
  endfacet
  facet normal 0 0 -1
    outer loop
      vertex 22.4104 -1.12763 0
      vertex 22 -3.5 0
      vertex 22.3106 -1.15911 0
    endloop
  endfacet
  facet normal 0 0 -1
    outer loop
      vertex 22.3106 -1.15911 0
      vertex 22 -3.5 0
      vertex 22.2084 -1.18177 0
    endloop
  endfacet
  facet normal 0 0 -1
    outer loop
      vertex 22.2084 -1.18177 0
      vertex 22 -3.5 0
      vertex 22.1046 -1.19543 0
    endloop
  endfacet
  facet normal 0 0 -1
    outer loop
      vertex 22 -3.5 0
      vertex 22 -1.2 0
      vertex 22.1046 -1.19543 0
    endloop
  endfacet
  facet normal 0 0 -1
    outer loop
      vertex 22 -3.5 0
      vertex 21.8954 -1.19543 0
      vertex 22 -1.2 0
    endloop
  endfacet
  facet normal 0 0 -1
    outer loop
      vertex 21.695 -3.48668 0
      vertex 21.8954 -1.19543 0
      vertex 22 -3.5 0
    endloop
  endfacet
  facet normal -0 0 -1
    outer loop
      vertex 21.8954 -1.19543 0
      vertex 21.695 -3.48668 0
      vertex 21.7916 -1.18177 0
    endloop
  endfacet
  facet normal 0 0 -1
    outer loop
      vertex 21.3922 -3.44683 0
      vertex 21.7916 -1.18177 0
      vertex 21.695 -3.48668 0
    endloop
  endfacet
  facet normal -0 0 -1
    outer loop
      vertex 21.7916 -1.18177 0
      vertex 21.3922 -3.44683 0
      vertex 21.6894 -1.15911 0
    endloop
  endfacet
  facet normal 0 0 -1
    outer loop
      vertex 21.0941 -3.38074 0
      vertex 21.6894 -1.15911 0
      vertex 21.3922 -3.44683 0
    endloop
  endfacet
  facet normal -0 0 -1
    outer loop
      vertex 21.6894 -1.15911 0
      vertex 21.0941 -3.38074 0
      vertex 21.5896 -1.12763 0
    endloop
  endfacet
  facet normal 0 0 -1
    outer loop
      vertex 20.8029 -3.28892 0
      vertex 21.5896 -1.12763 0
      vertex 21.0941 -3.38074 0
    endloop
  endfacet
  facet normal -0 0 -1
    outer loop
      vertex 21.5896 -1.12763 0
      vertex 20.8029 -3.28892 0
      vertex 21.4929 -1.08757 0
    endloop
  endfacet
  facet normal 0 0 -1
    outer loop
      vertex 20.5208 -3.17208 0
      vertex 21.4929 -1.08757 0
      vertex 20.8029 -3.28892 0
    endloop
  endfacet
  facet normal -0 0 -1
    outer loop
      vertex 21.4929 -1.08757 0
      vertex 20.5208 -3.17208 0
      vertex 21.4 -1.03923 0
    endloop
  endfacet
  facet normal 0 0 -1
    outer loop
      vertex 20.25 -3.03109 0
      vertex 21.4 -1.03923 0
      vertex 20.5208 -3.17208 0
    endloop
  endfacet
  facet normal -0 0 -1
    outer loop
      vertex 21.4 -1.03923 0
      vertex 20.25 -3.03109 0
      vertex 21.3117 -0.982982 0
    endloop
  endfacet
  facet normal 0 0 -1
    outer loop
      vertex 19.9925 -2.86703 0
      vertex 21.3117 -0.982982 0
      vertex 20.25 -3.03109 0
    endloop
  endfacet
  facet normal -0 0 -1
    outer loop
      vertex 21.3117 -0.982982 0
      vertex 19.9925 -2.86703 0
      vertex 21.2287 -0.919252 0
    endloop
  endfacet
  facet normal 0 0 -1
    outer loop
      vertex 19.7502 -2.68116 0
      vertex 21.2287 -0.919252 0
      vertex 19.9925 -2.86703 0
    endloop
  endfacet
  facet normal -0 0 -1
    outer loop
      vertex 21.2287 -0.919252 0
      vertex 19.7502 -2.68116 0
      vertex 21.1515 -0.848528 0
    endloop
  endfacet
  facet normal 0 0 -1
    outer loop
      vertex 19.5251 -2.47487 0
      vertex 21.1515 -0.848528 0
      vertex 19.7502 -2.68116 0
    endloop
  endfacet
  facet normal -0 0 -1
    outer loop
      vertex 21.1515 -0.848528 0
      vertex 19.5251 -2.47487 0
      vertex 21.0807 -0.771344 0
    endloop
  endfacet
  facet normal 0 0 -1
    outer loop
      vertex 19.3188 -2.24976 0
      vertex 21.0807 -0.771344 0
      vertex 19.5251 -2.47487 0
    endloop
  endfacet
  facet normal -0 0 -1
    outer loop
      vertex 21.0807 -0.771344 0
      vertex 19.3188 -2.24976 0
      vertex 21.017 -0.688292 0
    endloop
  endfacet
  facet normal 0 0 -1
    outer loop
      vertex 19.133 -2.00752 0
      vertex 21.017 -0.688292 0
      vertex 19.3188 -2.24976 0
    endloop
  endfacet
  facet normal -0 0 -1
    outer loop
      vertex 21.017 -0.688292 0
      vertex 19.133 -2.00752 0
      vertex 20.9608 -0.599999 0
    endloop
  endfacet
  facet normal 0 0 -1
    outer loop
      vertex 33.7423 0.774327 0
      vertex 35.5034 2.00752 0
      vertex 33.8055 0.674999 0
    endloop
  endfacet
  facet normal -0 0 -1
    outer loop
      vertex 35.5034 2.00752 0
      vertex 33.7423 0.774327 0
      vertex 35.3176 2.24976 0
    endloop
  endfacet
  facet normal 0 0 -1
    outer loop
      vertex 33.6706 0.867763 0
      vertex 35.3176 2.24976 0
      vertex 33.7423 0.774327 0
    endloop
  endfacet
  facet normal -0 0 -1
    outer loop
      vertex 35.3176 2.24976 0
      vertex 33.6706 0.867763 0
      vertex 35.1113 2.47487 0
    endloop
  endfacet
  facet normal 0 0 -1
    outer loop
      vertex 33.591 0.954594 0
      vertex 35.1113 2.47487 0
      vertex 33.6706 0.867763 0
    endloop
  endfacet
  facet normal -0 0 -1
    outer loop
      vertex 35.1113 2.47487 0
      vertex 33.591 0.954594 0
      vertex 34.8862 2.68116 0
    endloop
  endfacet
  facet normal 0 0 -1
    outer loop
      vertex 33.5042 1.03416 0
      vertex 34.8862 2.68116 0
      vertex 33.591 0.954594 0
    endloop
  endfacet
  facet normal -0 0 -1
    outer loop
      vertex 34.8862 2.68116 0
      vertex 33.5042 1.03416 0
      vertex 34.6439 2.86703 0
    endloop
  endfacet
  facet normal 0 0 -1
    outer loop
      vertex 33.4107 1.10585 0
      vertex 34.6439 2.86703 0
      vertex 33.5042 1.03416 0
    endloop
  endfacet
  facet normal -0 0 -1
    outer loop
      vertex 34.6439 2.86703 0
      vertex 33.4107 1.10585 0
      vertex 34.3864 3.03109 0
    endloop
  endfacet
  facet normal 0 0 -1
    outer loop
      vertex 33.3114 1.16913 0
      vertex 34.3864 3.03109 0
      vertex 33.4107 1.10585 0
    endloop
  endfacet
  facet normal -0 0 -1
    outer loop
      vertex 34.3864 3.03109 0
      vertex 33.3114 1.16913 0
      vertex 34.1156 3.17208 0
    endloop
  endfacet
  facet normal 0 0 -1
    outer loop
      vertex 33.2069 1.22352 0
      vertex 34.1156 3.17208 0
      vertex 33.3114 1.16913 0
    endloop
  endfacet
  facet normal -0 0 -1
    outer loop
      vertex 34.1156 3.17208 0
      vertex 33.2069 1.22352 0
      vertex 33.8335 3.28892 0
    endloop
  endfacet
  facet normal 0 0 -1
    outer loop
      vertex 33.0981 1.26858 0
      vertex 33.8335 3.28892 0
      vertex 33.2069 1.22352 0
    endloop
  endfacet
  facet normal -0 0 -1
    outer loop
      vertex 33.8335 3.28892 0
      vertex 33.0981 1.26858 0
      vertex 33.5423 3.38074 0
    endloop
  endfacet
  facet normal 0 0 -1
    outer loop
      vertex 32.9858 1.304 0
      vertex 33.5423 3.38074 0
      vertex 33.0981 1.26858 0
    endloop
  endfacet
  facet normal -0 0 -1
    outer loop
      vertex 33.5423 3.38074 0
      vertex 32.9858 1.304 0
      vertex 33.2442 3.44683 0
    endloop
  endfacet
  facet normal 0 0 -1
    outer loop
      vertex 32.8708 1.32949 0
      vertex 33.2442 3.44683 0
      vertex 32.9858 1.304 0
    endloop
  endfacet
  facet normal -0 0 -1
    outer loop
      vertex 33.2442 3.44683 0
      vertex 32.8708 1.32949 0
      vertex 32.9414 3.48668 0
    endloop
  endfacet
  facet normal 0 0 -1
    outer loop
      vertex 32.7541 1.34486 0
      vertex 32.9414 3.48668 0
      vertex 32.8708 1.32949 0
    endloop
  endfacet
  facet normal 0 0 -1
    outer loop
      vertex 32.6364 1.35 0
      vertex 32.9414 3.48668 0
      vertex 32.7541 1.34486 0
    endloop
  endfacet
  facet normal 0 0 -1
    outer loop
      vertex 32.6364 1.35 0
      vertex 32.6364 3.5 0
      vertex 32.9414 3.48668 0
    endloop
  endfacet
  facet normal 0 0 -1
    outer loop
      vertex 32.5187 1.34486 0
      vertex 32.6364 3.5 0
      vertex 32.6364 1.35 0
    endloop
  endfacet
  facet normal 0 0 -1
    outer loop
      vertex 32.402 1.32949 0
      vertex 32.6364 3.5 0
      vertex 32.5187 1.34486 0
    endloop
  endfacet
  facet normal 0 0 -1
    outer loop
      vertex 32.287 1.304 0
      vertex 32.6364 3.5 0
      vertex 32.402 1.32949 0
    endloop
  endfacet
  facet normal 0 0 -1
    outer loop
      vertex 32.1747 1.26858 0
      vertex 32.6364 3.5 0
      vertex 32.287 1.304 0
    endloop
  endfacet
  facet normal 0 0 -1
    outer loop
      vertex 32.0659 1.22352 0
      vertex 32.6364 3.5 0
      vertex 32.1747 1.26858 0
    endloop
  endfacet
  facet normal 0 0 -1
    outer loop
      vertex 31.9614 1.16913 0
      vertex 32.6364 3.5 0
      vertex 32.0659 1.22352 0
    endloop
  endfacet
  facet normal 0 0 -1
    outer loop
      vertex 31.8621 1.10585 0
      vertex 32.6364 3.5 0
      vertex 31.9614 1.16913 0
    endloop
  endfacet
  facet normal 0 0 -1
    outer loop
      vertex 31.7686 1.03416 0
      vertex 32.6364 3.5 0
      vertex 31.8621 1.10585 0
    endloop
  endfacet
  facet normal 0 0 -1
    outer loop
      vertex 31.6818 0.954594 0
      vertex 32.6364 3.5 0
      vertex 31.7686 1.03416 0
    endloop
  endfacet
  facet normal 0 0 -1
    outer loop
      vertex 31.6022 0.867763 0
      vertex 32.6364 3.5 0
      vertex 31.6818 0.954594 0
    endloop
  endfacet
  facet normal 0 0 -1
    outer loop
      vertex 31.5305 0.774327 0
      vertex 32.6364 3.5 0
      vertex 31.6022 0.867763 0
    endloop
  endfacet
  facet normal 0 0 -1
    outer loop
      vertex 22.983 0.688292 0
      vertex 31.5305 0.774327 0
      vertex 31.4673 0.674999 0
    endloop
  endfacet
  facet normal 0 0 -1
    outer loop
      vertex 23.0392 0.599999 0
      vertex 31.4673 0.674999 0
      vertex 31.4129 0.570534 0
    endloop
  endfacet
  facet normal 0 0 -1
    outer loop
      vertex 23.2 0 0
      vertex 31.2915 0.11766 0
      vertex 31.2864 0 0
    endloop
  endfacet
  facet normal 0 0 -1
    outer loop
      vertex 23.1954 0.104587 0
      vertex 31.2915 0.11766 0
      vertex 23.2 0 0
    endloop
  endfacet
  facet normal -0 0 -1
    outer loop
      vertex 31.2915 0.11766 0
      vertex 23.1954 0.104587 0
      vertex 31.3069 0.234425 0
    endloop
  endfacet
  facet normal 0 0 -1
    outer loop
      vertex 23.1818 0.208377 0
      vertex 31.3069 0.234425 0
      vertex 23.1954 0.104587 0
    endloop
  endfacet
  facet normal -0 0 -1
    outer loop
      vertex 31.3069 0.234425 0
      vertex 23.1818 0.208377 0
      vertex 31.3324 0.349405 0
    endloop
  endfacet
  facet normal 0 0 -1
    outer loop
      vertex 23.1591 0.310582 0
      vertex 31.3324 0.349405 0
      vertex 23.1818 0.208377 0
    endloop
  endfacet
  facet normal 0 0 -1
    outer loop
      vertex 23.1276 0.410423 0
      vertex 31.3324 0.349405 0
      vertex 23.1591 0.310582 0
    endloop
  endfacet
  facet normal 0 0 -1
    outer loop
      vertex 31.3324 0.349405 0
      vertex 23.1276 0.410423 0
      vertex 31.3678 0.461727 0
    endloop
  endfacet
  facet normal 0 0 -1
    outer loop
      vertex 23.0876 0.507141 0
      vertex 31.3678 0.461727 0
      vertex 23.1276 0.410423 0
    endloop
  endfacet
  facet normal 0 0 -1
    outer loop
      vertex 31.3678 0.461727 0
      vertex 23.0876 0.507141 0
      vertex 31.4129 0.570534 0
    endloop
  endfacet
  facet normal 0 0 -1
    outer loop
      vertex 23.0392 0.599999 0
      vertex 31.4129 0.570534 0
      vertex 23.0876 0.507141 0
    endloop
  endfacet
  facet normal -0 0 -1
    outer loop
      vertex 31.4673 0.674999 0
      vertex 23.0392 0.599999 0
      vertex 22.983 0.688292 0
    endloop
  endfacet
  facet normal -0 0 -1
    outer loop
      vertex 31.5305 0.774327 0
      vertex 22.983 0.688292 0
      vertex 22 3.5 0
    endloop
  endfacet
  facet normal 0 0 -1
    outer loop
      vertex 22 3.5 0
      vertex 22.983 0.688292 0
      vertex 22.9193 0.771344 0
    endloop
  endfacet
  facet normal 0 0 -1
    outer loop
      vertex 22 3.5 0
      vertex 22.9193 0.771344 0
      vertex 22.8485 0.848528 0
    endloop
  endfacet
  facet normal 0 0 -1
    outer loop
      vertex 22 3.5 0
      vertex 22.8485 0.848528 0
      vertex 22.7713 0.919252 0
    endloop
  endfacet
  facet normal 0 0 -1
    outer loop
      vertex 22 3.5 0
      vertex 22.7713 0.919252 0
      vertex 22.6883 0.982982 0
    endloop
  endfacet
  facet normal 0 0 -1
    outer loop
      vertex 22 3.5 0
      vertex 22.6883 0.982982 0
      vertex 22.6 1.03923 0
    endloop
  endfacet
  facet normal 0 0 -1
    outer loop
      vertex 22 3.5 0
      vertex 22.6 1.03923 0
      vertex 22.5071 1.08757 0
    endloop
  endfacet
  facet normal 0 0 -1
    outer loop
      vertex 22 3.5 0
      vertex 22.5071 1.08757 0
      vertex 22.4104 1.12763 0
    endloop
  endfacet
  facet normal 0 0 -1
    outer loop
      vertex 22 3.5 0
      vertex 22.4104 1.12763 0
      vertex 22.3106 1.15911 0
    endloop
  endfacet
  facet normal 0 0 -1
    outer loop
      vertex 22 3.5 0
      vertex 22.3106 1.15911 0
      vertex 22.2084 1.18177 0
    endloop
  endfacet
  facet normal 0 0 -1
    outer loop
      vertex 22 3.5 0
      vertex 22.2084 1.18177 0
      vertex 22.1046 1.19543 0
    endloop
  endfacet
  facet normal 0 0 -1
    outer loop
      vertex 22 3.5 0
      vertex 22.1046 1.19543 0
      vertex 22 1.2 0
    endloop
  endfacet
  facet normal 0 0 -1
    outer loop
      vertex 31.5305 0.774327 0
      vertex 22 3.5 0
      vertex 32.6364 3.5 0
    endloop
  endfacet
  facet normal 0 0 -1
    outer loop
      vertex 21.8954 1.19543 0
      vertex 22 3.5 0
      vertex 22 1.2 0
    endloop
  endfacet
  facet normal 0 0 -1
    outer loop
      vertex 21.695 3.48668 0
      vertex 21.8954 1.19543 0
      vertex 21.7916 1.18177 0
    endloop
  endfacet
  facet normal 0 0 -1
    outer loop
      vertex 21.8954 1.19543 0
      vertex 21.695 3.48668 0
      vertex 22 3.5 0
    endloop
  endfacet
  facet normal 0 0 -1
    outer loop
      vertex 21.3922 3.44683 0
      vertex 21.7916 1.18177 0
      vertex 21.6894 1.15911 0
    endloop
  endfacet
  facet normal 0 0 -1
    outer loop
      vertex 21.0941 3.38074 0
      vertex 21.6894 1.15911 0
      vertex 21.5896 1.12763 0
    endloop
  endfacet
  facet normal 0 0 -1
    outer loop
      vertex 20.8029 3.28892 0
      vertex 21.5896 1.12763 0
      vertex 21.4929 1.08757 0
    endloop
  endfacet
  facet normal 0 0 -1
    outer loop
      vertex 20.5208 3.17208 0
      vertex 21.4929 1.08757 0
      vertex 21.4 1.03923 0
    endloop
  endfacet
  facet normal 0 0 -1
    outer loop
      vertex 21.7916 1.18177 0
      vertex 21.3922 3.44683 0
      vertex 21.695 3.48668 0
    endloop
  endfacet
  facet normal 0 0 -1
    outer loop
      vertex 20.25 3.03109 0
      vertex 21.4 1.03923 0
      vertex 21.3117 0.982982 0
    endloop
  endfacet
  facet normal 0 0 -1
    outer loop
      vertex 19.9925 2.86703 0
      vertex 21.3117 0.982982 0
      vertex 21.2287 0.919252 0
    endloop
  endfacet
  facet normal 0 0 -1
    outer loop
      vertex 19.7502 2.68116 0
      vertex 21.2287 0.919252 0
      vertex 21.1515 0.848528 0
    endloop
  endfacet
  facet normal 0 0 -1
    outer loop
      vertex 21.6894 1.15911 0
      vertex 21.0941 3.38074 0
      vertex 21.3922 3.44683 0
    endloop
  endfacet
  facet normal 0 0 -1
    outer loop
      vertex 19.5251 2.47487 0
      vertex 21.1515 0.848528 0
      vertex 21.0807 0.771344 0
    endloop
  endfacet
  facet normal 0 0 -1
    outer loop
      vertex 19.3188 2.24976 0
      vertex 21.0807 0.771344 0
      vertex 21.017 0.688292 0
    endloop
  endfacet
  facet normal 0 0 -1
    outer loop
      vertex 19.133 2.00752 0
      vertex 21.017 0.688292 0
      vertex 20.9608 0.599999 0
    endloop
  endfacet
  facet normal 0 0 -1
    outer loop
      vertex 18.9689 1.75 0
      vertex 20.9608 0.599999 0
      vertex 20.9124 0.507141 0
    endloop
  endfacet
  facet normal 0 0 -1
    outer loop
      vertex 18.8279 1.47916 0
      vertex 20.9124 0.507141 0
      vertex 20.8724 0.410423 0
    endloop
  endfacet
  facet normal 0 0 -1
    outer loop
      vertex 18.7111 1.19707 0
      vertex 20.8724 0.410423 0
      vertex 20.8409 0.310582 0
    endloop
  endfacet
  facet normal 0 0 -1
    outer loop
      vertex 18.6193 0.905867 0
      vertex 20.8409 0.310582 0
      vertex 20.8182 0.208377 0
    endloop
  endfacet
  facet normal 0 0 -1
    outer loop
      vertex 18.5532 0.607768 0
      vertex 20.8182 0.208377 0
      vertex 20.8046 0.104587 0
    endloop
  endfacet
  facet normal 0 0 -1
    outer loop
      vertex 21.5896 1.12763 0
      vertex 20.8029 3.28892 0
      vertex 21.0941 3.38074 0
    endloop
  endfacet
  facet normal 0 0 -1
    outer loop
      vertex 18.5133 0.305044 0
      vertex 20.8046 0.104587 0
      vertex 20.8 0 0
    endloop
  endfacet
  facet normal 0 0 -1
    outer loop
      vertex 18.9689 -1.75 0
      vertex 20.9608 -0.599999 0
      vertex 19.133 -2.00752 0
    endloop
  endfacet
  facet normal 0 0 -1
    outer loop
      vertex 21.4929 1.08757 0
      vertex 20.5208 3.17208 0
      vertex 20.8029 3.28892 0
    endloop
  endfacet
  facet normal -0 0 -1
    outer loop
      vertex 20.9608 -0.599999 0
      vertex 18.9689 -1.75 0
      vertex 20.9124 -0.507141 0
    endloop
  endfacet
  facet normal 0 0 -1
    outer loop
      vertex 21.4 1.03923 0
      vertex 20.25 3.03109 0
      vertex 20.5208 3.17208 0
    endloop
  endfacet
  facet normal 0 0 -1
    outer loop
      vertex 18.8279 -1.47916 0
      vertex 20.9124 -0.507141 0
      vertex 18.9689 -1.75 0
    endloop
  endfacet
  facet normal 0 0 -1
    outer loop
      vertex 21.3117 0.982982 0
      vertex 19.9925 2.86703 0
      vertex 20.25 3.03109 0
    endloop
  endfacet
  facet normal -0 0 -1
    outer loop
      vertex 20.9124 -0.507141 0
      vertex 18.8279 -1.47916 0
      vertex 20.8724 -0.410423 0
    endloop
  endfacet
  facet normal 0 0 -1
    outer loop
      vertex 21.2287 0.919252 0
      vertex 19.7502 2.68116 0
      vertex 19.9925 2.86703 0
    endloop
  endfacet
  facet normal 0 0 -1
    outer loop
      vertex 18.7111 -1.19707 0
      vertex 20.8724 -0.410423 0
      vertex 18.8279 -1.47916 0
    endloop
  endfacet
  facet normal 0 0 -1
    outer loop
      vertex 21.1515 0.848528 0
      vertex 19.5251 2.47487 0
      vertex 19.7502 2.68116 0
    endloop
  endfacet
  facet normal -0 0 -1
    outer loop
      vertex 20.8724 -0.410423 0
      vertex 18.7111 -1.19707 0
      vertex 20.8409 -0.310582 0
    endloop
  endfacet
  facet normal 0 0 -1
    outer loop
      vertex 21.0807 0.771344 0
      vertex 19.3188 2.24976 0
      vertex 19.5251 2.47487 0
    endloop
  endfacet
  facet normal 0 0 -1
    outer loop
      vertex 18.6193 -0.905867 0
      vertex 20.8409 -0.310582 0
      vertex 18.7111 -1.19707 0
    endloop
  endfacet
  facet normal 0 0 -1
    outer loop
      vertex 21.017 0.688292 0
      vertex 19.133 2.00752 0
      vertex 19.3188 2.24976 0
    endloop
  endfacet
  facet normal -0 0 -1
    outer loop
      vertex 20.8409 -0.310582 0
      vertex 18.6193 -0.905867 0
      vertex 20.8182 -0.208377 0
    endloop
  endfacet
  facet normal 0 0 -1
    outer loop
      vertex 20.9608 0.599999 0
      vertex 18.9689 1.75 0
      vertex 19.133 2.00752 0
    endloop
  endfacet
  facet normal 0 0 -1
    outer loop
      vertex 18.5532 -0.607768 0
      vertex 20.8182 -0.208377 0
      vertex 18.6193 -0.905867 0
    endloop
  endfacet
  facet normal 0 0 -1
    outer loop
      vertex 20.9124 0.507141 0
      vertex 18.8279 1.47916 0
      vertex 18.9689 1.75 0
    endloop
  endfacet
  facet normal -0 0 -1
    outer loop
      vertex 20.8182 -0.208377 0
      vertex 18.5532 -0.607768 0
      vertex 20.8046 -0.104587 0
    endloop
  endfacet
  facet normal 0 0 -1
    outer loop
      vertex 20.8724 0.410423 0
      vertex 18.7111 1.19707 0
      vertex 18.8279 1.47916 0
    endloop
  endfacet
  facet normal 0 0 -1
    outer loop
      vertex 18.5133 -0.305044 0
      vertex 20.8046 -0.104587 0
      vertex 18.5532 -0.607768 0
    endloop
  endfacet
  facet normal 0 0 -1
    outer loop
      vertex 20.8409 0.310582 0
      vertex 18.6193 0.905867 0
      vertex 18.7111 1.19707 0
    endloop
  endfacet
  facet normal -0 0 -1
    outer loop
      vertex 20.8046 -0.104587 0
      vertex 18.5133 -0.305044 0
      vertex 20.8 0 0
    endloop
  endfacet
  facet normal 0 0 -1
    outer loop
      vertex 20.8182 0.208377 0
      vertex 18.5532 0.607768 0
      vertex 18.6193 0.905867 0
    endloop
  endfacet
  facet normal 0 0 -1
    outer loop
      vertex 18.5 0 0
      vertex 20.8 0 0
      vertex 18.5133 -0.305044 0
    endloop
  endfacet
  facet normal 0 0 -1
    outer loop
      vertex 20.8046 0.104587 0
      vertex 18.5133 0.305044 0
      vertex 18.5532 0.607768 0
    endloop
  endfacet
  facet normal 0 0 -1
    outer loop
      vertex 20.8 0 0
      vertex 18.5 0 0
      vertex 18.5133 0.305044 0
    endloop
  endfacet
  facet normal -0.886998 0.461773 0
    outer loop
      vertex 18.8279 1.47916 0
      vertex 18.9689 1.75 2.2
      vertex 18.9689 1.75 0
    endloop
  endfacet
  facet normal -0.886998 0.461773 0
    outer loop
      vertex 18.9689 1.75 2.2
      vertex 18.8279 1.47916 0
      vertex 18.8279 1.47916 2.2
    endloop
  endfacet
  facet normal -0.793476 -0.608602 0
    outer loop
      vertex 19.3188 -2.24976 0
      vertex 19.133 -2.00752 2.2
      vertex 19.133 -2.00752 0
    endloop
  endfacet
  facet normal -0.793476 -0.608602 0
    outer loop
      vertex 19.133 -2.00752 2.2
      vertex 19.3188 -2.24976 0
      vertex 19.3188 -2.24976 2.2
    endloop
  endfacet
  facet normal -0.84333 -0.537397 0
    outer loop
      vertex 19.133 -2.00752 0
      vertex 18.9689 -1.75 2.2
      vertex 18.9689 -1.75 0
    endloop
  endfacet
  facet normal -0.84333 -0.537397 0
    outer loop
      vertex 18.9689 -1.75 2.2
      vertex 19.133 -2.00752 0
      vertex 19.133 -2.00752 2.2
    endloop
  endfacet
  facet normal -0.216448 0.976294 0
    outer loop
      vertex 21.3922 3.44683 0
      vertex 21.0941 3.38074 2.2
      vertex 21.3922 3.44683 2.2
    endloop
  endfacet
  facet normal -0.216448 0.976294 0
    outer loop
      vertex 21.0941 3.38074 2.2
      vertex 21.3922 3.44683 0
      vertex 21.0941 3.38074 0
    endloop
  endfacet
  facet normal -0.976287 0.21648 0
    outer loop
      vertex 18.5532 0.607768 0
      vertex 18.6193 0.905867 2.2
      vertex 18.6193 0.905867 0
    endloop
  endfacet
  facet normal -0.976287 0.21648 0
    outer loop
      vertex 18.6193 0.905867 2.2
      vertex 18.5532 0.607768 0
      vertex 18.5532 0.607768 2.2
    endloop
  endfacet
  facet normal -0.999051 -0.0435589 0
    outer loop
      vertex 18.5133 -0.305044 0
      vertex 18.5 0 2.2
      vertex 18.5 0 0
    endloop
  endfacet
  facet normal -0.999051 -0.0435589 0
    outer loop
      vertex 18.5 0 2.2
      vertex 18.5133 -0.305044 0
      vertex 18.5133 -0.305044 2.2
    endloop
  endfacet
  facet normal -0.991426 -0.130673 0
    outer loop
      vertex 18.5532 -0.607768 0
      vertex 18.5133 -0.305044 2.2
      vertex 18.5133 -0.305044 0
    endloop
  endfacet
  facet normal -0.991426 -0.130673 0
    outer loop
      vertex 18.5133 -0.305044 2.2
      vertex 18.5532 -0.607768 0
      vertex 18.5532 -0.607768 2.2
    endloop
  endfacet
  facet normal -0.0436305 0.999048 0
    outer loop
      vertex 22 3.5 0
      vertex 21.695 3.48668 2.2
      vertex 22 3.5 2.2
    endloop
  endfacet
  facet normal -0.0436305 0.999048 0
    outer loop
      vertex 21.695 3.48668 2.2
      vertex 22 3.5 0
      vertex 21.695 3.48668 0
    endloop
  endfacet
  facet normal 0.537333 -0.84337 0
    outer loop
      vertex 34.3864 -3.03109 0
      vertex 34.6439 -2.86703 2.2
      vertex 34.3864 -3.03109 2.2
    endloop
  endfacet
  facet normal 0.537333 -0.84337 0
    outer loop
      vertex 34.6439 -2.86703 2.2
      vertex 34.3864 -3.03109 0
      vertex 34.6439 -2.86703 0
    endloop
  endfacet
  facet normal 0.537333 0.84337 -0
    outer loop
      vertex 34.6439 2.86703 0
      vertex 34.3864 3.03109 2.2
      vertex 34.6439 2.86703 2.2
    endloop
  endfacet
  facet normal 0.537333 0.84337 0
    outer loop
      vertex 34.3864 3.03109 2.2
      vertex 34.6439 2.86703 0
      vertex 34.3864 3.03109 0
    endloop
  endfacet
  facet normal 0.300721 -0.953712 0
    outer loop
      vertex 33.5423 -3.38074 0
      vertex 33.8335 -3.28892 2.2
      vertex 33.5423 -3.38074 2.2
    endloop
  endfacet
  facet normal 0.300721 -0.953712 0
    outer loop
      vertex 33.8335 -3.28892 2.2
      vertex 33.5423 -3.38074 0
      vertex 33.8335 -3.28892 0
    endloop
  endfacet
  facet normal -0.461801 0.886983 0
    outer loop
      vertex 20.5208 3.17208 0
      vertex 20.25 3.03109 2.2
      vertex 20.5208 3.17208 2.2
    endloop
  endfacet
  facet normal -0.461801 0.886983 0
    outer loop
      vertex 20.25 3.03109 2.2
      vertex 20.5208 3.17208 0
      vertex 20.25 3.03109 0
    endloop
  endfacet
  facet normal 0.675633 0.737238 -0
    outer loop
      vertex 35.1113 2.47487 0
      vertex 34.8862 2.68116 2.2
      vertex 35.1113 2.47487 2.2
    endloop
  endfacet
  facet normal 0.675633 0.737238 0
    outer loop
      vertex 34.8862 2.68116 2.2
      vertex 35.1113 2.47487 0
      vertex 34.8862 2.68116 0
    endloop
  endfacet
  facet normal 0 -1 0
    outer loop
      vertex 22 -3.5 0
      vertex 32.6364 -3.5 2.2
      vertex 22 -3.5 2.2
    endloop
  endfacet
  facet normal 0 -1 -0
    outer loop
      vertex 32.6364 -3.5 2.2
      vertex 22 -3.5 0
      vertex 32.6364 -3.5 0
    endloop
  endfacet
  facet normal 0.953732 -0.300658 0
    outer loop
      vertex 35.9253 -1.19707 2.2
      vertex 36.0171 -0.905867 0
      vertex 36.0171 -0.905867 2.2
    endloop
  endfacet
  facet normal 0.953732 -0.300658 0
    outer loop
      vertex 36.0171 -0.905867 0
      vertex 35.9253 -1.19707 2.2
      vertex 35.9253 -1.19707 0
    endloop
  endfacet
  facet normal -0.953732 0.300658 0
    outer loop
      vertex 18.6193 0.905867 0
      vertex 18.7111 1.19707 2.2
      vertex 18.7111 1.19707 0
    endloop
  endfacet
  facet normal -0.953732 0.300658 0
    outer loop
      vertex 18.7111 1.19707 2.2
      vertex 18.6193 0.905867 0
      vertex 18.6193 0.905867 2.2
    endloop
  endfacet
  facet normal 0.216448 -0.976294 0
    outer loop
      vertex 33.2442 -3.44683 0
      vertex 33.5423 -3.38074 2.2
      vertex 33.2442 -3.44683 2.2
    endloop
  endfacet
  facet normal 0.216448 -0.976294 0
    outer loop
      vertex 33.5423 -3.38074 2.2
      vertex 33.2442 -3.44683 0
      vertex 33.5423 -3.38074 0
    endloop
  endfacet
  facet normal -0.608652 -0.793438 0
    outer loop
      vertex 19.7502 -2.68116 0
      vertex 19.9925 -2.86703 2.2
      vertex 19.7502 -2.68116 2.2
    endloop
  endfacet
  facet normal -0.608652 -0.793438 -0
    outer loop
      vertex 19.9925 -2.86703 2.2
      vertex 19.7502 -2.68116 0
      vertex 19.9925 -2.86703 0
    endloop
  endfacet
  facet normal -0.999051 0.0435589 0
    outer loop
      vertex 18.5 0 0
      vertex 18.5133 0.305044 2.2
      vertex 18.5133 0.305044 0
    endloop
  endfacet
  facet normal -0.999051 0.0435589 0
    outer loop
      vertex 18.5133 0.305044 2.2
      vertex 18.5 0 0
      vertex 18.5 0 2.2
    endloop
  endfacet
  facet normal 0.793476 0.608602 0
    outer loop
      vertex 35.5034 2.00752 2.2
      vertex 35.3176 2.24976 0
      vertex 35.3176 2.24976 2.2
    endloop
  endfacet
  facet normal 0.793476 0.608602 0
    outer loop
      vertex 35.3176 2.24976 0
      vertex 35.5034 2.00752 2.2
      vertex 35.5034 2.00752 0
    endloop
  endfacet
  facet normal 0.923932 0.382556 0
    outer loop
      vertex 35.9253 1.19707 2.2
      vertex 35.8085 1.47916 0
      vertex 35.8085 1.47916 2.2
    endloop
  endfacet
  facet normal 0.923932 0.382556 0
    outer loop
      vertex 35.8085 1.47916 0
      vertex 35.9253 1.19707 2.2
      vertex 35.9253 1.19707 0
    endloop
  endfacet
  facet normal -0.737237 -0.675634 0
    outer loop
      vertex 19.5251 -2.47487 0
      vertex 19.3188 -2.24976 2.2
      vertex 19.3188 -2.24976 0
    endloop
  endfacet
  facet normal -0.737237 -0.675634 0
    outer loop
      vertex 19.3188 -2.24976 2.2
      vertex 19.5251 -2.47487 0
      vertex 19.5251 -2.47487 2.2
    endloop
  endfacet
  facet normal 0.991426 -0.130673 0
    outer loop
      vertex 36.0832 -0.607768 2.2
      vertex 36.1231 -0.305044 0
      vertex 36.1231 -0.305044 2.2
    endloop
  endfacet
  facet normal 0.991426 -0.130673 0
    outer loop
      vertex 36.1231 -0.305044 0
      vertex 36.0832 -0.607768 2.2
      vertex 36.0832 -0.607768 0
    endloop
  endfacet
  facet normal 0.737237 -0.675634 0
    outer loop
      vertex 35.1113 -2.47487 2.2
      vertex 35.3176 -2.24976 0
      vertex 35.3176 -2.24976 2.2
    endloop
  endfacet
  facet normal 0.737237 -0.675634 0
    outer loop
      vertex 35.3176 -2.24976 0
      vertex 35.1113 -2.47487 2.2
      vertex 35.1113 -2.47487 0
    endloop
  endfacet
  facet normal 0.886998 -0.461773 0
    outer loop
      vertex 35.6675 -1.75 2.2
      vertex 35.8085 -1.47916 0
      vertex 35.8085 -1.47916 2.2
    endloop
  endfacet
  facet normal 0.886998 -0.461773 0
    outer loop
      vertex 35.8085 -1.47916 0
      vertex 35.6675 -1.75 2.2
      vertex 35.6675 -1.75 0
    endloop
  endfacet
  facet normal -0.923932 0.382556 0
    outer loop
      vertex 18.7111 1.19707 0
      vertex 18.8279 1.47916 2.2
      vertex 18.8279 1.47916 0
    endloop
  endfacet
  facet normal -0.923932 0.382556 0
    outer loop
      vertex 18.8279 1.47916 2.2
      vertex 18.7111 1.19707 0
      vertex 18.7111 1.19707 2.2
    endloop
  endfacet
  facet normal 0.13048 -0.991451 0
    outer loop
      vertex 32.9414 -3.48668 0
      vertex 33.2442 -3.44683 2.2
      vertex 32.9414 -3.48668 2.2
    endloop
  endfacet
  facet normal 0.13048 -0.991451 0
    outer loop
      vertex 33.2442 -3.44683 2.2
      vertex 32.9414 -3.48668 0
      vertex 33.2442 -3.44683 0
    endloop
  endfacet
  facet normal -0.0436305 -0.999048 0
    outer loop
      vertex 21.695 -3.48668 0
      vertex 22 -3.5 2.2
      vertex 21.695 -3.48668 2.2
    endloop
  endfacet
  facet normal -0.0436305 -0.999048 -0
    outer loop
      vertex 22 -3.5 2.2
      vertex 21.695 -3.48668 0
      vertex 22 -3.5 0
    endloop
  endfacet
  facet normal 0.461801 -0.886983 0
    outer loop
      vertex 34.1156 -3.17208 0
      vertex 34.3864 -3.03109 2.2
      vertex 34.1156 -3.17208 2.2
    endloop
  endfacet
  facet normal 0.461801 -0.886983 0
    outer loop
      vertex 34.3864 -3.03109 2.2
      vertex 34.1156 -3.17208 0
      vertex 34.3864 -3.03109 0
    endloop
  endfacet
  facet normal 0.999051 -0.0435589 0
    outer loop
      vertex 36.1231 -0.305044 2.2
      vertex 36.1364 0 0
      vertex 36.1364 0 2.2
    endloop
  endfacet
  facet normal 0.999051 -0.0435589 0
    outer loop
      vertex 36.1364 0 0
      vertex 36.1231 -0.305044 2.2
      vertex 36.1231 -0.305044 0
    endloop
  endfacet
  facet normal 0.0436305 -0.999048 0
    outer loop
      vertex 32.6364 -3.5 0
      vertex 32.9414 -3.48668 2.2
      vertex 32.6364 -3.5 2.2
    endloop
  endfacet
  facet normal 0.0436305 -0.999048 0
    outer loop
      vertex 32.9414 -3.48668 2.2
      vertex 32.6364 -3.5 0
      vertex 32.9414 -3.48668 0
    endloop
  endfacet
  facet normal -0.382656 0.923891 0
    outer loop
      vertex 20.8029 3.28892 0
      vertex 20.5208 3.17208 2.2
      vertex 20.8029 3.28892 2.2
    endloop
  endfacet
  facet normal -0.382656 0.923891 0
    outer loop
      vertex 20.5208 3.17208 2.2
      vertex 20.8029 3.28892 0
      vertex 20.5208 3.17208 0
    endloop
  endfacet
  facet normal -0.13048 -0.991451 0
    outer loop
      vertex 21.3922 -3.44683 0
      vertex 21.695 -3.48668 2.2
      vertex 21.3922 -3.44683 2.2
    endloop
  endfacet
  facet normal -0.13048 -0.991451 -0
    outer loop
      vertex 21.695 -3.48668 2.2
      vertex 21.3922 -3.44683 0
      vertex 21.695 -3.48668 0
    endloop
  endfacet
  facet normal -0.675633 -0.737238 0
    outer loop
      vertex 19.5251 -2.47487 0
      vertex 19.7502 -2.68116 2.2
      vertex 19.5251 -2.47487 2.2
    endloop
  endfacet
  facet normal -0.675633 -0.737238 -0
    outer loop
      vertex 19.7502 -2.68116 2.2
      vertex 19.5251 -2.47487 0
      vertex 19.7502 -2.68116 0
    endloop
  endfacet
  facet normal 0.793476 -0.608602 0
    outer loop
      vertex 35.3176 -2.24976 2.2
      vertex 35.5034 -2.00752 0
      vertex 35.5034 -2.00752 2.2
    endloop
  endfacet
  facet normal 0.793476 -0.608602 0
    outer loop
      vertex 35.5034 -2.00752 0
      vertex 35.3176 -2.24976 2.2
      vertex 35.3176 -2.24976 0
    endloop
  endfacet
  facet normal 0.886998 0.461773 0
    outer loop
      vertex 35.8085 1.47916 2.2
      vertex 35.6675 1.75 0
      vertex 35.6675 1.75 2.2
    endloop
  endfacet
  facet normal 0.886998 0.461773 0
    outer loop
      vertex 35.6675 1.75 0
      vertex 35.8085 1.47916 2.2
      vertex 35.8085 1.47916 0
    endloop
  endfacet
  facet normal -0.675633 0.737238 0
    outer loop
      vertex 19.7502 2.68116 0
      vertex 19.5251 2.47487 2.2
      vertex 19.7502 2.68116 2.2
    endloop
  endfacet
  facet normal -0.675633 0.737238 0
    outer loop
      vertex 19.5251 2.47487 2.2
      vertex 19.7502 2.68116 0
      vertex 19.5251 2.47487 0
    endloop
  endfacet
  facet normal 0.461801 0.886983 -0
    outer loop
      vertex 34.3864 3.03109 0
      vertex 34.1156 3.17208 2.2
      vertex 34.3864 3.03109 2.2
    endloop
  endfacet
  facet normal 0.461801 0.886983 0
    outer loop
      vertex 34.1156 3.17208 2.2
      vertex 34.3864 3.03109 0
      vertex 34.1156 3.17208 0
    endloop
  endfacet
  facet normal 0.382656 0.923891 -0
    outer loop
      vertex 34.1156 3.17208 0
      vertex 33.8335 3.28892 2.2
      vertex 34.1156 3.17208 2.2
    endloop
  endfacet
  facet normal 0.382656 0.923891 0
    outer loop
      vertex 33.8335 3.28892 2.2
      vertex 34.1156 3.17208 0
      vertex 33.8335 3.28892 0
    endloop
  endfacet
  facet normal 0 0 1
    outer loop
      vertex 33.9864 0 2.2
      vertex 36.1364 0 2.2
      vertex 36.1231 0.305044 2.2
    endloop
  endfacet
  facet normal 0 0 1
    outer loop
      vertex 33.9813 0.11766 2.2
      vertex 36.1231 0.305044 2.2
      vertex 36.0832 0.607768 2.2
    endloop
  endfacet
  facet normal 0 0 1
    outer loop
      vertex 36.1364 0 2.2
      vertex 33.9864 0 2.2
      vertex 36.1231 -0.305044 2.2
    endloop
  endfacet
  facet normal 0 0 1
    outer loop
      vertex 33.9659 0.234425 2.2
      vertex 36.0832 0.607768 2.2
      vertex 36.0171 0.905867 2.2
    endloop
  endfacet
  facet normal -0 0 1
    outer loop
      vertex 33.9813 -0.11766 2.2
      vertex 36.1231 -0.305044 2.2
      vertex 33.9864 0 2.2
    endloop
  endfacet
  facet normal 0 0 1
    outer loop
      vertex 33.9404 0.349405 2.2
      vertex 36.0171 0.905867 2.2
      vertex 35.9253 1.19707 2.2
    endloop
  endfacet
  facet normal 0 0 1
    outer loop
      vertex 36.1231 -0.305044 2.2
      vertex 33.9813 -0.11766 2.2
      vertex 36.0832 -0.607768 2.2
    endloop
  endfacet
  facet normal 0 0 1
    outer loop
      vertex 33.905 0.461727 2.2
      vertex 35.9253 1.19707 2.2
      vertex 35.8085 1.47916 2.2
    endloop
  endfacet
  facet normal -0 0 1
    outer loop
      vertex 33.9659 -0.234425 2.2
      vertex 36.0832 -0.607768 2.2
      vertex 33.9813 -0.11766 2.2
    endloop
  endfacet
  facet normal 0 0 1
    outer loop
      vertex 33.8599 0.570534 2.2
      vertex 35.8085 1.47916 2.2
      vertex 35.6675 1.75 2.2
    endloop
  endfacet
  facet normal 0 0 1
    outer loop
      vertex 36.0832 -0.607768 2.2
      vertex 33.9659 -0.234425 2.2
      vertex 36.0171 -0.905867 2.2
    endloop
  endfacet
  facet normal 0 0 1
    outer loop
      vertex 33.8055 0.674999 2.2
      vertex 35.6675 1.75 2.2
      vertex 35.5034 2.00752 2.2
    endloop
  endfacet
  facet normal -0 0 1
    outer loop
      vertex 33.9404 -0.349405 2.2
      vertex 36.0171 -0.905867 2.2
      vertex 33.9659 -0.234425 2.2
    endloop
  endfacet
  facet normal 0 0 1
    outer loop
      vertex 33.7423 0.774327 2.2
      vertex 35.5034 2.00752 2.2
      vertex 35.3176 2.24976 2.2
    endloop
  endfacet
  facet normal 0 0 1
    outer loop
      vertex 36.0171 -0.905867 2.2
      vertex 33.9404 -0.349405 2.2
      vertex 35.9253 -1.19707 2.2
    endloop
  endfacet
  facet normal 0 0 1
    outer loop
      vertex 33.6706 0.867763 2.2
      vertex 35.3176 2.24976 2.2
      vertex 35.1113 2.47487 2.2
    endloop
  endfacet
  facet normal -0 0 1
    outer loop
      vertex 33.905 -0.461727 2.2
      vertex 35.9253 -1.19707 2.2
      vertex 33.9404 -0.349405 2.2
    endloop
  endfacet
  facet normal 0 0 1
    outer loop
      vertex 33.591 0.954594 2.2
      vertex 35.1113 2.47487 2.2
      vertex 34.8862 2.68116 2.2
    endloop
  endfacet
  facet normal 0 0 1
    outer loop
      vertex 35.9253 -1.19707 2.2
      vertex 33.905 -0.461727 2.2
      vertex 35.8085 -1.47916 2.2
    endloop
  endfacet
  facet normal 0 0 1
    outer loop
      vertex 33.5042 1.03416 2.2
      vertex 34.8862 2.68116 2.2
      vertex 34.6439 2.86703 2.2
    endloop
  endfacet
  facet normal -0 0 1
    outer loop
      vertex 33.8599 -0.570534 2.2
      vertex 35.8085 -1.47916 2.2
      vertex 33.905 -0.461727 2.2
    endloop
  endfacet
  facet normal 0 0 1
    outer loop
      vertex 33.4107 1.10585 2.2
      vertex 34.6439 2.86703 2.2
      vertex 34.3864 3.03109 2.2
    endloop
  endfacet
  facet normal 0 0 1
    outer loop
      vertex 35.8085 -1.47916 2.2
      vertex 33.8599 -0.570534 2.2
      vertex 35.6675 -1.75 2.2
    endloop
  endfacet
  facet normal 0 0 1
    outer loop
      vertex 33.3114 1.16913 2.2
      vertex 34.3864 3.03109 2.2
      vertex 34.1156 3.17208 2.2
    endloop
  endfacet
  facet normal -0 0 1
    outer loop
      vertex 33.8055 -0.674999 2.2
      vertex 35.6675 -1.75 2.2
      vertex 33.8599 -0.570534 2.2
    endloop
  endfacet
  facet normal 0 0 1
    outer loop
      vertex 35.6675 -1.75 2.2
      vertex 33.8055 -0.674999 2.2
      vertex 35.5034 -2.00752 2.2
    endloop
  endfacet
  facet normal 0 0 1
    outer loop
      vertex 36.1231 0.305044 2.2
      vertex 33.9813 0.11766 2.2
      vertex 33.9864 0 2.2
    endloop
  endfacet
  facet normal 0 0 1
    outer loop
      vertex 36.0832 0.607768 2.2
      vertex 33.9659 0.234425 2.2
      vertex 33.9813 0.11766 2.2
    endloop
  endfacet
  facet normal 0 0 1
    outer loop
      vertex 36.0171 0.905867 2.2
      vertex 33.9404 0.349405 2.2
      vertex 33.9659 0.234425 2.2
    endloop
  endfacet
  facet normal 0 0 1
    outer loop
      vertex 35.9253 1.19707 2.2
      vertex 33.905 0.461727 2.2
      vertex 33.9404 0.349405 2.2
    endloop
  endfacet
  facet normal 0 0 1
    outer loop
      vertex 35.8085 1.47916 2.2
      vertex 33.8599 0.570534 2.2
      vertex 33.905 0.461727 2.2
    endloop
  endfacet
  facet normal 0 0 1
    outer loop
      vertex 33.2069 1.22352 2.2
      vertex 34.1156 3.17208 2.2
      vertex 33.8335 3.28892 2.2
    endloop
  endfacet
  facet normal 0 0 1
    outer loop
      vertex 35.6675 1.75 2.2
      vertex 33.8055 0.674999 2.2
      vertex 33.8599 0.570534 2.2
    endloop
  endfacet
  facet normal 0 0 1
    outer loop
      vertex 35.5034 2.00752 2.2
      vertex 33.7423 0.774327 2.2
      vertex 33.8055 0.674999 2.2
    endloop
  endfacet
  facet normal 0 0 1
    outer loop
      vertex 35.3176 2.24976 2.2
      vertex 33.6706 0.867763 2.2
      vertex 33.7423 0.774327 2.2
    endloop
  endfacet
  facet normal 0 0 1
    outer loop
      vertex 35.1113 2.47487 2.2
      vertex 33.591 0.954594 2.2
      vertex 33.6706 0.867763 2.2
    endloop
  endfacet
  facet normal 0 0 1
    outer loop
      vertex 33.0981 1.26858 2.2
      vertex 33.8335 3.28892 2.2
      vertex 33.5423 3.38074 2.2
    endloop
  endfacet
  facet normal 0 0 1
    outer loop
      vertex 34.8862 2.68116 2.2
      vertex 33.5042 1.03416 2.2
      vertex 33.591 0.954594 2.2
    endloop
  endfacet
  facet normal 0 0 1
    outer loop
      vertex 34.6439 2.86703 2.2
      vertex 33.4107 1.10585 2.2
      vertex 33.5042 1.03416 2.2
    endloop
  endfacet
  facet normal 0 0 1
    outer loop
      vertex 34.3864 3.03109 2.2
      vertex 33.3114 1.16913 2.2
      vertex 33.4107 1.10585 2.2
    endloop
  endfacet
  facet normal 0 0 1
    outer loop
      vertex 32.9858 1.304 2.2
      vertex 33.5423 3.38074 2.2
      vertex 33.2442 3.44683 2.2
    endloop
  endfacet
  facet normal 0 0 1
    outer loop
      vertex 34.1156 3.17208 2.2
      vertex 33.2069 1.22352 2.2
      vertex 33.3114 1.16913 2.2
    endloop
  endfacet
  facet normal 0 0 1
    outer loop
      vertex 33.8335 3.28892 2.2
      vertex 33.0981 1.26858 2.2
      vertex 33.2069 1.22352 2.2
    endloop
  endfacet
  facet normal 0 0 1
    outer loop
      vertex 33.5423 3.38074 2.2
      vertex 32.9858 1.304 2.2
      vertex 33.0981 1.26858 2.2
    endloop
  endfacet
  facet normal 0 0 1
    outer loop
      vertex 32.8708 1.32949 2.2
      vertex 33.2442 3.44683 2.2
      vertex 32.9414 3.48668 2.2
    endloop
  endfacet
  facet normal 0 0 1
    outer loop
      vertex 33.2442 3.44683 2.2
      vertex 32.8708 1.32949 2.2
      vertex 32.9858 1.304 2.2
    endloop
  endfacet
  facet normal 0 0 1
    outer loop
      vertex 32.9414 3.48668 2.2
      vertex 32.7541 1.34486 2.2
      vertex 32.8708 1.32949 2.2
    endloop
  endfacet
  facet normal 0 0 1
    outer loop
      vertex 32.6364 3.5 2.2
      vertex 32.7541 1.34486 2.2
      vertex 32.9414 3.48668 2.2
    endloop
  endfacet
  facet normal 0 0 1
    outer loop
      vertex 32.6364 3.5 2.2
      vertex 32.6364 1.35 2.2
      vertex 32.7541 1.34486 2.2
    endloop
  endfacet
  facet normal 0 0 1
    outer loop
      vertex 32.6364 3.5 2.2
      vertex 32.5187 1.34486 2.2
      vertex 32.6364 1.35 2.2
    endloop
  endfacet
  facet normal 0 0 1
    outer loop
      vertex 32.6364 3.5 2.2
      vertex 32.402 1.32949 2.2
      vertex 32.5187 1.34486 2.2
    endloop
  endfacet
  facet normal 0 0 1
    outer loop
      vertex 32.6364 3.5 2.2
      vertex 32.287 1.304 2.2
      vertex 32.402 1.32949 2.2
    endloop
  endfacet
  facet normal 0 0 1
    outer loop
      vertex 32.6364 3.5 2.2
      vertex 32.1747 1.26858 2.2
      vertex 32.287 1.304 2.2
    endloop
  endfacet
  facet normal 0 0 1
    outer loop
      vertex 32.6364 3.5 2.2
      vertex 32.0659 1.22352 2.2
      vertex 32.1747 1.26858 2.2
    endloop
  endfacet
  facet normal 0 0 1
    outer loop
      vertex 32.6364 3.5 2.2
      vertex 31.9614 1.16913 2.2
      vertex 32.0659 1.22352 2.2
    endloop
  endfacet
  facet normal 0 0 1
    outer loop
      vertex 32.6364 3.5 2.2
      vertex 31.8621 1.10585 2.2
      vertex 31.9614 1.16913 2.2
    endloop
  endfacet
  facet normal 0 0 1
    outer loop
      vertex 32.6364 3.5 2.2
      vertex 31.7686 1.03416 2.2
      vertex 31.8621 1.10585 2.2
    endloop
  endfacet
  facet normal 0 0 1
    outer loop
      vertex 32.6364 3.5 2.2
      vertex 31.6818 0.954594 2.2
      vertex 31.7686 1.03416 2.2
    endloop
  endfacet
  facet normal 0 0 1
    outer loop
      vertex 32.6364 3.5 2.2
      vertex 31.6022 0.867763 2.2
      vertex 31.6818 0.954594 2.2
    endloop
  endfacet
  facet normal 0 0 1
    outer loop
      vertex 32.6364 3.5 2.2
      vertex 31.5305 0.774327 2.2
      vertex 31.6022 0.867763 2.2
    endloop
  endfacet
  facet normal -0 0 1
    outer loop
      vertex 22 3.5 2.2
      vertex 31.5305 0.774327 2.2
      vertex 32.6364 3.5 2.2
    endloop
  endfacet
  facet normal 0 -0 1
    outer loop
      vertex 22.983 0.688292 2.2
      vertex 31.5305 0.774327 2.2
      vertex 22 3.5 2.2
    endloop
  endfacet
  facet normal 0 0 1
    outer loop
      vertex 31.2915 0.11766 2.2
      vertex 23.2 0 2.2
      vertex 31.2864 0 2.2
    endloop
  endfacet
  facet normal 0 0 1
    outer loop
      vertex 23.1954 0.104587 2.2
      vertex 31.2915 0.11766 2.2
      vertex 31.3069 0.234425 2.2
    endloop
  endfacet
  facet normal 0 0 1
    outer loop
      vertex 23.1818 0.208377 2.2
      vertex 31.3069 0.234425 2.2
      vertex 31.3324 0.349405 2.2
    endloop
  endfacet
  facet normal -0 0 1
    outer loop
      vertex 23.1276 0.410423 2.2
      vertex 31.3324 0.349405 2.2
      vertex 31.3678 0.461727 2.2
    endloop
  endfacet
  facet normal -0 0 1
    outer loop
      vertex 23.0876 0.507141 2.2
      vertex 31.3678 0.461727 2.2
      vertex 31.4129 0.570534 2.2
    endloop
  endfacet
  facet normal 0 0 1
    outer loop
      vertex 31.5305 0.774327 2.2
      vertex 22.983 0.688292 2.2
      vertex 31.4673 0.674999 2.2
    endloop
  endfacet
  facet normal 0 0 1
    outer loop
      vertex 31.2915 0.11766 2.2
      vertex 23.1954 0.104587 2.2
      vertex 23.2 0 2.2
    endloop
  endfacet
  facet normal 0 0 1
    outer loop
      vertex 31.3069 0.234425 2.2
      vertex 23.1818 0.208377 2.2
      vertex 23.1954 0.104587 2.2
    endloop
  endfacet
  facet normal 0 0 1
    outer loop
      vertex 31.3324 0.349405 2.2
      vertex 23.1591 0.310582 2.2
      vertex 23.1818 0.208377 2.2
    endloop
  endfacet
  facet normal 0 0 1
    outer loop
      vertex 31.3324 0.349405 2.2
      vertex 23.1276 0.410423 2.2
      vertex 23.1591 0.310582 2.2
    endloop
  endfacet
  facet normal 0 0 1
    outer loop
      vertex 31.3678 0.461727 2.2
      vertex 23.0876 0.507141 2.2
      vertex 23.1276 0.410423 2.2
    endloop
  endfacet
  facet normal 0 0 1
    outer loop
      vertex 31.4129 0.570534 2.2
      vertex 23.0392 0.599999 2.2
      vertex 23.0876 0.507141 2.2
    endloop
  endfacet
  facet normal 0 0 1
    outer loop
      vertex 31.4673 0.674999 2.2
      vertex 23.0392 0.599999 2.2
      vertex 31.4129 0.570534 2.2
    endloop
  endfacet
  facet normal 0 -0 1
    outer loop
      vertex 23.0392 0.599999 2.2
      vertex 31.4673 0.674999 2.2
      vertex 22.983 0.688292 2.2
    endloop
  endfacet
  facet normal 0 0 1
    outer loop
      vertex 22.983 0.688292 2.2
      vertex 22 3.5 2.2
      vertex 22.9193 0.771344 2.2
    endloop
  endfacet
  facet normal 0 0 1
    outer loop
      vertex 22.9193 0.771344 2.2
      vertex 22 3.5 2.2
      vertex 22.8485 0.848528 2.2
    endloop
  endfacet
  facet normal 0 0 1
    outer loop
      vertex 22.8485 0.848528 2.2
      vertex 22 3.5 2.2
      vertex 22.7713 0.919252 2.2
    endloop
  endfacet
  facet normal 0 0 1
    outer loop
      vertex 22.7713 0.919252 2.2
      vertex 22 3.5 2.2
      vertex 22.6883 0.982982 2.2
    endloop
  endfacet
  facet normal 0 0 1
    outer loop
      vertex 22.6883 0.982982 2.2
      vertex 22 3.5 2.2
      vertex 22.6 1.03923 2.2
    endloop
  endfacet
  facet normal 0 0 1
    outer loop
      vertex 22.6 1.03923 2.2
      vertex 22 3.5 2.2
      vertex 22.5071 1.08757 2.2
    endloop
  endfacet
  facet normal 0 0 1
    outer loop
      vertex 22.5071 1.08757 2.2
      vertex 22 3.5 2.2
      vertex 22.4104 1.12763 2.2
    endloop
  endfacet
  facet normal 0 0 1
    outer loop
      vertex 22.4104 1.12763 2.2
      vertex 22 3.5 2.2
      vertex 22.3106 1.15911 2.2
    endloop
  endfacet
  facet normal 0 0 1
    outer loop
      vertex 22.3106 1.15911 2.2
      vertex 22 3.5 2.2
      vertex 22.2084 1.18177 2.2
    endloop
  endfacet
  facet normal 0 0 1
    outer loop
      vertex 22.2084 1.18177 2.2
      vertex 22 3.5 2.2
      vertex 22.1046 1.19543 2.2
    endloop
  endfacet
  facet normal 0 0 1
    outer loop
      vertex 22 3.5 2.2
      vertex 22 1.2 2.2
      vertex 22.1046 1.19543 2.2
    endloop
  endfacet
  facet normal 0 0 1
    outer loop
      vertex 22 3.5 2.2
      vertex 21.8954 1.19543 2.2
      vertex 22 1.2 2.2
    endloop
  endfacet
  facet normal -0 0 1
    outer loop
      vertex 21.695 3.48668 2.2
      vertex 21.8954 1.19543 2.2
      vertex 22 3.5 2.2
    endloop
  endfacet
  facet normal 0 0 1
    outer loop
      vertex 21.8954 1.19543 2.2
      vertex 21.695 3.48668 2.2
      vertex 21.7916 1.18177 2.2
    endloop
  endfacet
  facet normal -0 0 1
    outer loop
      vertex 21.3922 3.44683 2.2
      vertex 21.7916 1.18177 2.2
      vertex 21.695 3.48668 2.2
    endloop
  endfacet
  facet normal 0 0 1
    outer loop
      vertex 21.7916 1.18177 2.2
      vertex 21.3922 3.44683 2.2
      vertex 21.6894 1.15911 2.2
    endloop
  endfacet
  facet normal -0 0 1
    outer loop
      vertex 21.0941 3.38074 2.2
      vertex 21.6894 1.15911 2.2
      vertex 21.3922 3.44683 2.2
    endloop
  endfacet
  facet normal 0 0 1
    outer loop
      vertex 21.6894 1.15911 2.2
      vertex 21.0941 3.38074 2.2
      vertex 21.5896 1.12763 2.2
    endloop
  endfacet
  facet normal -0 0 1
    outer loop
      vertex 20.8029 3.28892 2.2
      vertex 21.5896 1.12763 2.2
      vertex 21.0941 3.38074 2.2
    endloop
  endfacet
  facet normal 0 0 1
    outer loop
      vertex 21.5896 1.12763 2.2
      vertex 20.8029 3.28892 2.2
      vertex 21.4929 1.08757 2.2
    endloop
  endfacet
  facet normal -0 0 1
    outer loop
      vertex 20.5208 3.17208 2.2
      vertex 21.4929 1.08757 2.2
      vertex 20.8029 3.28892 2.2
    endloop
  endfacet
  facet normal 0 0 1
    outer loop
      vertex 21.4929 1.08757 2.2
      vertex 20.5208 3.17208 2.2
      vertex 21.4 1.03923 2.2
    endloop
  endfacet
  facet normal -0 0 1
    outer loop
      vertex 20.25 3.03109 2.2
      vertex 21.4 1.03923 2.2
      vertex 20.5208 3.17208 2.2
    endloop
  endfacet
  facet normal 0 0 1
    outer loop
      vertex 21.4 1.03923 2.2
      vertex 20.25 3.03109 2.2
      vertex 21.3117 0.982982 2.2
    endloop
  endfacet
  facet normal -0 0 1
    outer loop
      vertex 19.9925 2.86703 2.2
      vertex 21.3117 0.982982 2.2
      vertex 20.25 3.03109 2.2
    endloop
  endfacet
  facet normal 0 0 1
    outer loop
      vertex 21.3117 0.982982 2.2
      vertex 19.9925 2.86703 2.2
      vertex 21.2287 0.919252 2.2
    endloop
  endfacet
  facet normal -0 0 1
    outer loop
      vertex 19.7502 2.68116 2.2
      vertex 21.2287 0.919252 2.2
      vertex 19.9925 2.86703 2.2
    endloop
  endfacet
  facet normal 0 0 1
    outer loop
      vertex 21.2287 0.919252 2.2
      vertex 19.7502 2.68116 2.2
      vertex 21.1515 0.848528 2.2
    endloop
  endfacet
  facet normal -0 0 1
    outer loop
      vertex 19.5251 2.47487 2.2
      vertex 21.1515 0.848528 2.2
      vertex 19.7502 2.68116 2.2
    endloop
  endfacet
  facet normal 0 0 1
    outer loop
      vertex 21.1515 0.848528 2.2
      vertex 19.5251 2.47487 2.2
      vertex 21.0807 0.771344 2.2
    endloop
  endfacet
  facet normal -0 0 1
    outer loop
      vertex 19.3188 2.24976 2.2
      vertex 21.0807 0.771344 2.2
      vertex 19.5251 2.47487 2.2
    endloop
  endfacet
  facet normal 0 0 1
    outer loop
      vertex 21.0807 0.771344 2.2
      vertex 19.3188 2.24976 2.2
      vertex 21.017 0.688292 2.2
    endloop
  endfacet
  facet normal -0 0 1
    outer loop
      vertex 19.133 2.00752 2.2
      vertex 21.017 0.688292 2.2
      vertex 19.3188 2.24976 2.2
    endloop
  endfacet
  facet normal 0 0 1
    outer loop
      vertex 21.017 0.688292 2.2
      vertex 19.133 2.00752 2.2
      vertex 20.9608 0.599999 2.2
    endloop
  endfacet
  facet normal -0 0 1
    outer loop
      vertex 33.7423 -0.774327 2.2
      vertex 35.5034 -2.00752 2.2
      vertex 33.8055 -0.674999 2.2
    endloop
  endfacet
  facet normal 0 0 1
    outer loop
      vertex 35.5034 -2.00752 2.2
      vertex 33.7423 -0.774327 2.2
      vertex 35.3176 -2.24976 2.2
    endloop
  endfacet
  facet normal -0 0 1
    outer loop
      vertex 33.6706 -0.867763 2.2
      vertex 35.3176 -2.24976 2.2
      vertex 33.7423 -0.774327 2.2
    endloop
  endfacet
  facet normal 0 0 1
    outer loop
      vertex 35.3176 -2.24976 2.2
      vertex 33.6706 -0.867763 2.2
      vertex 35.1113 -2.47487 2.2
    endloop
  endfacet
  facet normal -0 0 1
    outer loop
      vertex 33.591 -0.954594 2.2
      vertex 35.1113 -2.47487 2.2
      vertex 33.6706 -0.867763 2.2
    endloop
  endfacet
  facet normal 0 0 1
    outer loop
      vertex 35.1113 -2.47487 2.2
      vertex 33.591 -0.954594 2.2
      vertex 34.8862 -2.68116 2.2
    endloop
  endfacet
  facet normal -0 0 1
    outer loop
      vertex 33.5042 -1.03416 2.2
      vertex 34.8862 -2.68116 2.2
      vertex 33.591 -0.954594 2.2
    endloop
  endfacet
  facet normal 0 0 1
    outer loop
      vertex 34.8862 -2.68116 2.2
      vertex 33.5042 -1.03416 2.2
      vertex 34.6439 -2.86703 2.2
    endloop
  endfacet
  facet normal -0 0 1
    outer loop
      vertex 33.4107 -1.10585 2.2
      vertex 34.6439 -2.86703 2.2
      vertex 33.5042 -1.03416 2.2
    endloop
  endfacet
  facet normal 0 0 1
    outer loop
      vertex 34.6439 -2.86703 2.2
      vertex 33.4107 -1.10585 2.2
      vertex 34.3864 -3.03109 2.2
    endloop
  endfacet
  facet normal -0 0 1
    outer loop
      vertex 33.3114 -1.16913 2.2
      vertex 34.3864 -3.03109 2.2
      vertex 33.4107 -1.10585 2.2
    endloop
  endfacet
  facet normal 0 0 1
    outer loop
      vertex 34.3864 -3.03109 2.2
      vertex 33.3114 -1.16913 2.2
      vertex 34.1156 -3.17208 2.2
    endloop
  endfacet
  facet normal -0 0 1
    outer loop
      vertex 33.2069 -1.22352 2.2
      vertex 34.1156 -3.17208 2.2
      vertex 33.3114 -1.16913 2.2
    endloop
  endfacet
  facet normal 0 0 1
    outer loop
      vertex 34.1156 -3.17208 2.2
      vertex 33.2069 -1.22352 2.2
      vertex 33.8335 -3.28892 2.2
    endloop
  endfacet
  facet normal -0 0 1
    outer loop
      vertex 33.0981 -1.26858 2.2
      vertex 33.8335 -3.28892 2.2
      vertex 33.2069 -1.22352 2.2
    endloop
  endfacet
  facet normal 0 0 1
    outer loop
      vertex 33.8335 -3.28892 2.2
      vertex 33.0981 -1.26858 2.2
      vertex 33.5423 -3.38074 2.2
    endloop
  endfacet
  facet normal -0 0 1
    outer loop
      vertex 32.9858 -1.304 2.2
      vertex 33.5423 -3.38074 2.2
      vertex 33.0981 -1.26858 2.2
    endloop
  endfacet
  facet normal 0 0 1
    outer loop
      vertex 33.5423 -3.38074 2.2
      vertex 32.9858 -1.304 2.2
      vertex 33.2442 -3.44683 2.2
    endloop
  endfacet
  facet normal -0 0 1
    outer loop
      vertex 32.8708 -1.32949 2.2
      vertex 33.2442 -3.44683 2.2
      vertex 32.9858 -1.304 2.2
    endloop
  endfacet
  facet normal 0 0 1
    outer loop
      vertex 33.2442 -3.44683 2.2
      vertex 32.8708 -1.32949 2.2
      vertex 32.9414 -3.48668 2.2
    endloop
  endfacet
  facet normal -0 0 1
    outer loop
      vertex 32.7541 -1.34486 2.2
      vertex 32.9414 -3.48668 2.2
      vertex 32.8708 -1.32949 2.2
    endloop
  endfacet
  facet normal -0 0 1
    outer loop
      vertex 32.6364 -1.35 2.2
      vertex 32.9414 -3.48668 2.2
      vertex 32.7541 -1.34486 2.2
    endloop
  endfacet
  facet normal 0 0 1
    outer loop
      vertex 32.6364 -1.35 2.2
      vertex 32.6364 -3.5 2.2
      vertex 32.9414 -3.48668 2.2
    endloop
  endfacet
  facet normal 0 0 1
    outer loop
      vertex 32.5187 -1.34486 2.2
      vertex 32.6364 -3.5 2.2
      vertex 32.6364 -1.35 2.2
    endloop
  endfacet
  facet normal 0 0 1
    outer loop
      vertex 32.402 -1.32949 2.2
      vertex 32.6364 -3.5 2.2
      vertex 32.5187 -1.34486 2.2
    endloop
  endfacet
  facet normal 0 0 1
    outer loop
      vertex 32.287 -1.304 2.2
      vertex 32.6364 -3.5 2.2
      vertex 32.402 -1.32949 2.2
    endloop
  endfacet
  facet normal 0 0 1
    outer loop
      vertex 32.1747 -1.26858 2.2
      vertex 32.6364 -3.5 2.2
      vertex 32.287 -1.304 2.2
    endloop
  endfacet
  facet normal 0 0 1
    outer loop
      vertex 32.0659 -1.22352 2.2
      vertex 32.6364 -3.5 2.2
      vertex 32.1747 -1.26858 2.2
    endloop
  endfacet
  facet normal 0 0 1
    outer loop
      vertex 31.9614 -1.16913 2.2
      vertex 32.6364 -3.5 2.2
      vertex 32.0659 -1.22352 2.2
    endloop
  endfacet
  facet normal 0 0 1
    outer loop
      vertex 31.8621 -1.10585 2.2
      vertex 32.6364 -3.5 2.2
      vertex 31.9614 -1.16913 2.2
    endloop
  endfacet
  facet normal 0 0 1
    outer loop
      vertex 31.7686 -1.03416 2.2
      vertex 32.6364 -3.5 2.2
      vertex 31.8621 -1.10585 2.2
    endloop
  endfacet
  facet normal 0 0 1
    outer loop
      vertex 31.6818 -0.954594 2.2
      vertex 32.6364 -3.5 2.2
      vertex 31.7686 -1.03416 2.2
    endloop
  endfacet
  facet normal 0 0 1
    outer loop
      vertex 31.6022 -0.867763 2.2
      vertex 32.6364 -3.5 2.2
      vertex 31.6818 -0.954594 2.2
    endloop
  endfacet
  facet normal 0 0 1
    outer loop
      vertex 31.5305 -0.774327 2.2
      vertex 32.6364 -3.5 2.2
      vertex 31.6022 -0.867763 2.2
    endloop
  endfacet
  facet normal -0 0 1
    outer loop
      vertex 22.983 -0.688292 2.2
      vertex 31.5305 -0.774327 2.2
      vertex 31.4673 -0.674999 2.2
    endloop
  endfacet
  facet normal -0 0 1
    outer loop
      vertex 23.0392 -0.599999 2.2
      vertex 31.4673 -0.674999 2.2
      vertex 31.4129 -0.570534 2.2
    endloop
  endfacet
  facet normal -0 0 1
    outer loop
      vertex 23.2 0 2.2
      vertex 31.2915 -0.11766 2.2
      vertex 31.2864 0 2.2
    endloop
  endfacet
  facet normal -0 0 1
    outer loop
      vertex 23.1954 -0.104587 2.2
      vertex 31.2915 -0.11766 2.2
      vertex 23.2 0 2.2
    endloop
  endfacet
  facet normal 0 0 1
    outer loop
      vertex 31.2915 -0.11766 2.2
      vertex 23.1954 -0.104587 2.2
      vertex 31.3069 -0.234425 2.2
    endloop
  endfacet
  facet normal -0 0 1
    outer loop
      vertex 23.1818 -0.208377 2.2
      vertex 31.3069 -0.234425 2.2
      vertex 23.1954 -0.104587 2.2
    endloop
  endfacet
  facet normal 0 0 1
    outer loop
      vertex 31.3069 -0.234425 2.2
      vertex 23.1818 -0.208377 2.2
      vertex 31.3324 -0.349405 2.2
    endloop
  endfacet
  facet normal -0 0 1
    outer loop
      vertex 23.1591 -0.310582 2.2
      vertex 31.3324 -0.349405 2.2
      vertex 23.1818 -0.208377 2.2
    endloop
  endfacet
  facet normal 0 0 1
    outer loop
      vertex 23.1276 -0.410423 2.2
      vertex 31.3324 -0.349405 2.2
      vertex 23.1591 -0.310582 2.2
    endloop
  endfacet
  facet normal 0 0 1
    outer loop
      vertex 31.3324 -0.349405 2.2
      vertex 23.1276 -0.410423 2.2
      vertex 31.3678 -0.461727 2.2
    endloop
  endfacet
  facet normal 0 0 1
    outer loop
      vertex 23.0876 -0.507141 2.2
      vertex 31.3678 -0.461727 2.2
      vertex 23.1276 -0.410423 2.2
    endloop
  endfacet
  facet normal 0 0 1
    outer loop
      vertex 31.3678 -0.461727 2.2
      vertex 23.0876 -0.507141 2.2
      vertex 31.4129 -0.570534 2.2
    endloop
  endfacet
  facet normal 0 0 1
    outer loop
      vertex 23.0392 -0.599999 2.2
      vertex 31.4129 -0.570534 2.2
      vertex 23.0876 -0.507141 2.2
    endloop
  endfacet
  facet normal 0 0 1
    outer loop
      vertex 31.4673 -0.674999 2.2
      vertex 23.0392 -0.599999 2.2
      vertex 22.983 -0.688292 2.2
    endloop
  endfacet
  facet normal 0 0 1
    outer loop
      vertex 31.5305 -0.774327 2.2
      vertex 22.983 -0.688292 2.2
      vertex 22 -3.5 2.2
    endloop
  endfacet
  facet normal 0 0 1
    outer loop
      vertex 22 -3.5 2.2
      vertex 22.983 -0.688292 2.2
      vertex 22.9193 -0.771344 2.2
    endloop
  endfacet
  facet normal 0 0 1
    outer loop
      vertex 22 -3.5 2.2
      vertex 22.9193 -0.771344 2.2
      vertex 22.8485 -0.848528 2.2
    endloop
  endfacet
  facet normal 0 0 1
    outer loop
      vertex 22 -3.5 2.2
      vertex 22.8485 -0.848528 2.2
      vertex 22.7713 -0.919252 2.2
    endloop
  endfacet
  facet normal 0 0 1
    outer loop
      vertex 22 -3.5 2.2
      vertex 22.7713 -0.919252 2.2
      vertex 22.6883 -0.982982 2.2
    endloop
  endfacet
  facet normal 0 0 1
    outer loop
      vertex 22 -3.5 2.2
      vertex 22.6883 -0.982982 2.2
      vertex 22.6 -1.03923 2.2
    endloop
  endfacet
  facet normal 0 0 1
    outer loop
      vertex 22 -3.5 2.2
      vertex 22.6 -1.03923 2.2
      vertex 22.5071 -1.08757 2.2
    endloop
  endfacet
  facet normal 0 0 1
    outer loop
      vertex 22 -3.5 2.2
      vertex 22.5071 -1.08757 2.2
      vertex 22.4104 -1.12763 2.2
    endloop
  endfacet
  facet normal 0 0 1
    outer loop
      vertex 22 -3.5 2.2
      vertex 22.4104 -1.12763 2.2
      vertex 22.3106 -1.15911 2.2
    endloop
  endfacet
  facet normal 0 0 1
    outer loop
      vertex 22 -3.5 2.2
      vertex 22.3106 -1.15911 2.2
      vertex 22.2084 -1.18177 2.2
    endloop
  endfacet
  facet normal 0 0 1
    outer loop
      vertex 22 -3.5 2.2
      vertex 22.2084 -1.18177 2.2
      vertex 22.1046 -1.19543 2.2
    endloop
  endfacet
  facet normal 0 0 1
    outer loop
      vertex 22 -3.5 2.2
      vertex 22.1046 -1.19543 2.2
      vertex 22 -1.2 2.2
    endloop
  endfacet
  facet normal 0 0 1
    outer loop
      vertex 31.5305 -0.774327 2.2
      vertex 22 -3.5 2.2
      vertex 32.6364 -3.5 2.2
    endloop
  endfacet
  facet normal 0 0 1
    outer loop
      vertex 21.8954 -1.19543 2.2
      vertex 22 -3.5 2.2
      vertex 22 -1.2 2.2
    endloop
  endfacet
  facet normal 0 0 1
    outer loop
      vertex 21.695 -3.48668 2.2
      vertex 21.8954 -1.19543 2.2
      vertex 21.7916 -1.18177 2.2
    endloop
  endfacet
  facet normal 0 0 1
    outer loop
      vertex 21.8954 -1.19543 2.2
      vertex 21.695 -3.48668 2.2
      vertex 22 -3.5 2.2
    endloop
  endfacet
  facet normal 0 0 1
    outer loop
      vertex 21.3922 -3.44683 2.2
      vertex 21.7916 -1.18177 2.2
      vertex 21.6894 -1.15911 2.2
    endloop
  endfacet
  facet normal 0 0 1
    outer loop
      vertex 21.0941 -3.38074 2.2
      vertex 21.6894 -1.15911 2.2
      vertex 21.5896 -1.12763 2.2
    endloop
  endfacet
  facet normal 0 0 1
    outer loop
      vertex 20.8029 -3.28892 2.2
      vertex 21.5896 -1.12763 2.2
      vertex 21.4929 -1.08757 2.2
    endloop
  endfacet
  facet normal 0 0 1
    outer loop
      vertex 20.5208 -3.17208 2.2
      vertex 21.4929 -1.08757 2.2
      vertex 21.4 -1.03923 2.2
    endloop
  endfacet
  facet normal 0 0 1
    outer loop
      vertex 21.7916 -1.18177 2.2
      vertex 21.3922 -3.44683 2.2
      vertex 21.695 -3.48668 2.2
    endloop
  endfacet
  facet normal 0 0 1
    outer loop
      vertex 20.25 -3.03109 2.2
      vertex 21.4 -1.03923 2.2
      vertex 21.3117 -0.982982 2.2
    endloop
  endfacet
  facet normal 0 0 1
    outer loop
      vertex 19.9925 -2.86703 2.2
      vertex 21.3117 -0.982982 2.2
      vertex 21.2287 -0.919252 2.2
    endloop
  endfacet
  facet normal 0 0 1
    outer loop
      vertex 19.7502 -2.68116 2.2
      vertex 21.2287 -0.919252 2.2
      vertex 21.1515 -0.848528 2.2
    endloop
  endfacet
  facet normal 0 0 1
    outer loop
      vertex 21.6894 -1.15911 2.2
      vertex 21.0941 -3.38074 2.2
      vertex 21.3922 -3.44683 2.2
    endloop
  endfacet
  facet normal 0 0 1
    outer loop
      vertex 19.5251 -2.47487 2.2
      vertex 21.1515 -0.848528 2.2
      vertex 21.0807 -0.771344 2.2
    endloop
  endfacet
  facet normal 0 0 1
    outer loop
      vertex 19.3188 -2.24976 2.2
      vertex 21.0807 -0.771344 2.2
      vertex 21.017 -0.688292 2.2
    endloop
  endfacet
  facet normal 0 0 1
    outer loop
      vertex 19.133 -2.00752 2.2
      vertex 21.017 -0.688292 2.2
      vertex 20.9608 -0.599999 2.2
    endloop
  endfacet
  facet normal 0 0 1
    outer loop
      vertex 18.9689 -1.75 2.2
      vertex 20.9608 -0.599999 2.2
      vertex 20.9124 -0.507141 2.2
    endloop
  endfacet
  facet normal 0 0 1
    outer loop
      vertex 18.8279 -1.47916 2.2
      vertex 20.9124 -0.507141 2.2
      vertex 20.8724 -0.410423 2.2
    endloop
  endfacet
  facet normal 0 0 1
    outer loop
      vertex 18.7111 -1.19707 2.2
      vertex 20.8724 -0.410423 2.2
      vertex 20.8409 -0.310582 2.2
    endloop
  endfacet
  facet normal 0 0 1
    outer loop
      vertex 18.6193 -0.905867 2.2
      vertex 20.8409 -0.310582 2.2
      vertex 20.8182 -0.208377 2.2
    endloop
  endfacet
  facet normal 0 0 1
    outer loop
      vertex 18.5532 -0.607768 2.2
      vertex 20.8182 -0.208377 2.2
      vertex 20.8046 -0.104587 2.2
    endloop
  endfacet
  facet normal 0 0 1
    outer loop
      vertex 21.5896 -1.12763 2.2
      vertex 20.8029 -3.28892 2.2
      vertex 21.0941 -3.38074 2.2
    endloop
  endfacet
  facet normal 0 0 1
    outer loop
      vertex 18.5133 -0.305044 2.2
      vertex 20.8046 -0.104587 2.2
      vertex 20.8 0 2.2
    endloop
  endfacet
  facet normal -0 0 1
    outer loop
      vertex 18.9689 1.75 2.2
      vertex 20.9608 0.599999 2.2
      vertex 19.133 2.00752 2.2
    endloop
  endfacet
  facet normal 0 0 1
    outer loop
      vertex 21.4929 -1.08757 2.2
      vertex 20.5208 -3.17208 2.2
      vertex 20.8029 -3.28892 2.2
    endloop
  endfacet
  facet normal 0 0 1
    outer loop
      vertex 20.9608 0.599999 2.2
      vertex 18.9689 1.75 2.2
      vertex 20.9124 0.507141 2.2
    endloop
  endfacet
  facet normal 0 0 1
    outer loop
      vertex 21.4 -1.03923 2.2
      vertex 20.25 -3.03109 2.2
      vertex 20.5208 -3.17208 2.2
    endloop
  endfacet
  facet normal -0 0 1
    outer loop
      vertex 18.8279 1.47916 2.2
      vertex 20.9124 0.507141 2.2
      vertex 18.9689 1.75 2.2
    endloop
  endfacet
  facet normal 0 0 1
    outer loop
      vertex 21.3117 -0.982982 2.2
      vertex 19.9925 -2.86703 2.2
      vertex 20.25 -3.03109 2.2
    endloop
  endfacet
  facet normal 0 0 1
    outer loop
      vertex 20.9124 0.507141 2.2
      vertex 18.8279 1.47916 2.2
      vertex 20.8724 0.410423 2.2
    endloop
  endfacet
  facet normal 0 0 1
    outer loop
      vertex 21.2287 -0.919252 2.2
      vertex 19.7502 -2.68116 2.2
      vertex 19.9925 -2.86703 2.2
    endloop
  endfacet
  facet normal -0 0 1
    outer loop
      vertex 18.7111 1.19707 2.2
      vertex 20.8724 0.410423 2.2
      vertex 18.8279 1.47916 2.2
    endloop
  endfacet
  facet normal 0 0 1
    outer loop
      vertex 21.1515 -0.848528 2.2
      vertex 19.5251 -2.47487 2.2
      vertex 19.7502 -2.68116 2.2
    endloop
  endfacet
  facet normal 0 0 1
    outer loop
      vertex 20.8724 0.410423 2.2
      vertex 18.7111 1.19707 2.2
      vertex 20.8409 0.310582 2.2
    endloop
  endfacet
  facet normal 0 0 1
    outer loop
      vertex 21.0807 -0.771344 2.2
      vertex 19.3188 -2.24976 2.2
      vertex 19.5251 -2.47487 2.2
    endloop
  endfacet
  facet normal -0 0 1
    outer loop
      vertex 18.6193 0.905867 2.2
      vertex 20.8409 0.310582 2.2
      vertex 18.7111 1.19707 2.2
    endloop
  endfacet
  facet normal 0 0 1
    outer loop
      vertex 21.017 -0.688292 2.2
      vertex 19.133 -2.00752 2.2
      vertex 19.3188 -2.24976 2.2
    endloop
  endfacet
  facet normal 0 0 1
    outer loop
      vertex 20.8409 0.310582 2.2
      vertex 18.6193 0.905867 2.2
      vertex 20.8182 0.208377 2.2
    endloop
  endfacet
  facet normal 0 0 1
    outer loop
      vertex 20.9608 -0.599999 2.2
      vertex 18.9689 -1.75 2.2
      vertex 19.133 -2.00752 2.2
    endloop
  endfacet
  facet normal -0 0 1
    outer loop
      vertex 18.5532 0.607768 2.2
      vertex 20.8182 0.208377 2.2
      vertex 18.6193 0.905867 2.2
    endloop
  endfacet
  facet normal 0 0 1
    outer loop
      vertex 20.9124 -0.507141 2.2
      vertex 18.8279 -1.47916 2.2
      vertex 18.9689 -1.75 2.2
    endloop
  endfacet
  facet normal 0 0 1
    outer loop
      vertex 20.8182 0.208377 2.2
      vertex 18.5532 0.607768 2.2
      vertex 20.8046 0.104587 2.2
    endloop
  endfacet
  facet normal 0 0 1
    outer loop
      vertex 20.8724 -0.410423 2.2
      vertex 18.7111 -1.19707 2.2
      vertex 18.8279 -1.47916 2.2
    endloop
  endfacet
  facet normal -0 0 1
    outer loop
      vertex 18.5133 0.305044 2.2
      vertex 20.8046 0.104587 2.2
      vertex 18.5532 0.607768 2.2
    endloop
  endfacet
  facet normal 0 0 1
    outer loop
      vertex 20.8409 -0.310582 2.2
      vertex 18.6193 -0.905867 2.2
      vertex 18.7111 -1.19707 2.2
    endloop
  endfacet
  facet normal 0 0 1
    outer loop
      vertex 20.8046 0.104587 2.2
      vertex 18.5133 0.305044 2.2
      vertex 20.8 0 2.2
    endloop
  endfacet
  facet normal 0 0 1
    outer loop
      vertex 20.8182 -0.208377 2.2
      vertex 18.5532 -0.607768 2.2
      vertex 18.6193 -0.905867 2.2
    endloop
  endfacet
  facet normal 0 0 1
    outer loop
      vertex 18.5 0 2.2
      vertex 20.8 0 2.2
      vertex 18.5133 0.305044 2.2
    endloop
  endfacet
  facet normal 0 0 1
    outer loop
      vertex 20.8046 -0.104587 2.2
      vertex 18.5133 -0.305044 2.2
      vertex 18.5532 -0.607768 2.2
    endloop
  endfacet
  facet normal 0 0 1
    outer loop
      vertex 20.8 0 2.2
      vertex 18.5 0 2.2
      vertex 18.5133 -0.305044 2.2
    endloop
  endfacet
  facet normal -0.537333 0.84337 0
    outer loop
      vertex 20.25 3.03109 0
      vertex 19.9925 2.86703 2.2
      vertex 20.25 3.03109 2.2
    endloop
  endfacet
  facet normal -0.537333 0.84337 0
    outer loop
      vertex 19.9925 2.86703 2.2
      vertex 20.25 3.03109 0
      vertex 19.9925 2.86703 0
    endloop
  endfacet
  facet normal 0.976287 -0.21648 0
    outer loop
      vertex 36.0171 -0.905867 2.2
      vertex 36.0832 -0.607768 0
      vertex 36.0832 -0.607768 2.2
    endloop
  endfacet
  facet normal 0.976287 -0.21648 0
    outer loop
      vertex 36.0832 -0.607768 0
      vertex 36.0171 -0.905867 2.2
      vertex 36.0171 -0.905867 0
    endloop
  endfacet
  facet normal 0.84333 -0.537397 0
    outer loop
      vertex 35.5034 -2.00752 2.2
      vertex 35.6675 -1.75 0
      vertex 35.6675 -1.75 2.2
    endloop
  endfacet
  facet normal 0.84333 -0.537397 0
    outer loop
      vertex 35.6675 -1.75 0
      vertex 35.5034 -2.00752 2.2
      vertex 35.5034 -2.00752 0
    endloop
  endfacet
  facet normal -0.461801 -0.886983 0
    outer loop
      vertex 20.25 -3.03109 0
      vertex 20.5208 -3.17208 2.2
      vertex 20.25 -3.03109 2.2
    endloop
  endfacet
  facet normal -0.461801 -0.886983 -0
    outer loop
      vertex 20.5208 -3.17208 2.2
      vertex 20.25 -3.03109 0
      vertex 20.5208 -3.17208 0
    endloop
  endfacet
  facet normal 0.382656 -0.923891 0
    outer loop
      vertex 33.8335 -3.28892 0
      vertex 34.1156 -3.17208 2.2
      vertex 33.8335 -3.28892 2.2
    endloop
  endfacet
  facet normal 0.382656 -0.923891 0
    outer loop
      vertex 34.1156 -3.17208 2.2
      vertex 33.8335 -3.28892 0
      vertex 34.1156 -3.17208 0
    endloop
  endfacet
  facet normal 0.216448 0.976294 -0
    outer loop
      vertex 33.5423 3.38074 0
      vertex 33.2442 3.44683 2.2
      vertex 33.5423 3.38074 2.2
    endloop
  endfacet
  facet normal 0.216448 0.976294 0
    outer loop
      vertex 33.2442 3.44683 2.2
      vertex 33.5423 3.38074 0
      vertex 33.2442 3.44683 0
    endloop
  endfacet
  facet normal 0.13048 0.991451 -0
    outer loop
      vertex 33.2442 3.44683 0
      vertex 32.9414 3.48668 2.2
      vertex 33.2442 3.44683 2.2
    endloop
  endfacet
  facet normal 0.13048 0.991451 0
    outer loop
      vertex 32.9414 3.48668 2.2
      vertex 33.2442 3.44683 0
      vertex 32.9414 3.48668 0
    endloop
  endfacet
  facet normal 0.991426 0.130673 0
    outer loop
      vertex 36.1231 0.305044 2.2
      vertex 36.0832 0.607768 0
      vertex 36.0832 0.607768 2.2
    endloop
  endfacet
  facet normal 0.991426 0.130673 0
    outer loop
      vertex 36.0832 0.607768 0
      vertex 36.1231 0.305044 2.2
      vertex 36.1231 0.305044 0
    endloop
  endfacet
  facet normal 0.976287 0.21648 0
    outer loop
      vertex 36.0832 0.607768 2.2
      vertex 36.0171 0.905867 0
      vertex 36.0171 0.905867 2.2
    endloop
  endfacet
  facet normal 0.976287 0.21648 0
    outer loop
      vertex 36.0171 0.905867 0
      vertex 36.0832 0.607768 2.2
      vertex 36.0832 0.607768 0
    endloop
  endfacet
  facet normal -0.13048 0.991451 0
    outer loop
      vertex 21.695 3.48668 0
      vertex 21.3922 3.44683 2.2
      vertex 21.695 3.48668 2.2
    endloop
  endfacet
  facet normal -0.13048 0.991451 0
    outer loop
      vertex 21.3922 3.44683 2.2
      vertex 21.695 3.48668 0
      vertex 21.3922 3.44683 0
    endloop
  endfacet
  facet normal -0.953732 -0.300658 0
    outer loop
      vertex 18.7111 -1.19707 0
      vertex 18.6193 -0.905867 2.2
      vertex 18.6193 -0.905867 0
    endloop
  endfacet
  facet normal -0.953732 -0.300658 0
    outer loop
      vertex 18.6193 -0.905867 2.2
      vertex 18.7111 -1.19707 0
      vertex 18.7111 -1.19707 2.2
    endloop
  endfacet
  facet normal -0.923932 -0.382556 0
    outer loop
      vertex 18.8279 -1.47916 0
      vertex 18.7111 -1.19707 2.2
      vertex 18.7111 -1.19707 0
    endloop
  endfacet
  facet normal -0.923932 -0.382556 0
    outer loop
      vertex 18.7111 -1.19707 2.2
      vertex 18.8279 -1.47916 0
      vertex 18.8279 -1.47916 2.2
    endloop
  endfacet
  facet normal -0.382656 -0.923891 0
    outer loop
      vertex 20.5208 -3.17208 0
      vertex 20.8029 -3.28892 2.2
      vertex 20.5208 -3.17208 2.2
    endloop
  endfacet
  facet normal -0.382656 -0.923891 -0
    outer loop
      vertex 20.8029 -3.28892 2.2
      vertex 20.5208 -3.17208 0
      vertex 20.8029 -3.28892 0
    endloop
  endfacet
  facet normal -0.991524 -0.129923 0
    outer loop
      vertex 23.1954 0.104587 0
      vertex 23.1818 0.208377 2.2
      vertex 23.1818 0.208377 0
    endloop
  endfacet
  facet normal -0.991524 -0.129923 0
    outer loop
      vertex 23.1818 0.208377 2.2
      vertex 23.1954 0.104587 0
      vertex 23.1954 0.104587 2.2
    endloop
  endfacet
  facet normal -0.999034 -0.04394 0
    outer loop
      vertex 23.2 0 0
      vertex 23.1954 0.104587 2.2
      vertex 23.1954 0.104587 0
    endloop
  endfacet
  facet normal -0.999034 -0.04394 0
    outer loop
      vertex 23.1954 0.104587 2.2
      vertex 23.2 0 0
      vertex 23.2 0 2.2
    endloop
  endfacet
  facet normal -0.976212 -0.216819 0
    outer loop
      vertex 23.1818 0.208377 0
      vertex 23.1591 0.310582 2.2
      vertex 23.1591 0.310582 0
    endloop
  endfacet
  facet normal -0.976212 -0.216819 0
    outer loop
      vertex 23.1591 0.310582 2.2
      vertex 23.1818 0.208377 0
      vertex 23.1818 0.208377 2.2
    endloop
  endfacet
  facet normal -0.30082 0.953681 0
    outer loop
      vertex 22.4104 -1.12763 0
      vertex 22.3106 -1.15911 2.2
      vertex 22.4104 -1.12763 2.2
    endloop
  endfacet
  facet normal -0.30082 0.953681 0
    outer loop
      vertex 22.3106 -1.15911 2.2
      vertex 22.4104 -1.12763 0
      vertex 22.3106 -1.15911 0
    endloop
  endfacet
  facet normal -0.537264 -0.843414 0
    outer loop
      vertex 22.6 1.03923 0
      vertex 22.6883 0.982982 2.2
      vertex 22.6 1.03923 2.2
    endloop
  endfacet
  facet normal -0.537264 -0.843414 -0
    outer loop
      vertex 22.6883 0.982982 2.2
      vertex 22.6 1.03923 0
      vertex 22.6883 0.982982 0
    endloop
  endfacet
  facet normal -0.0436486 -0.999047 0
    outer loop
      vertex 22 1.2 0
      vertex 22.1046 1.19543 2.2
      vertex 22 1.2 2.2
    endloop
  endfacet
  facet normal -0.0436486 -0.999047 -0
    outer loop
      vertex 22.1046 1.19543 2.2
      vertex 22 1.2 0
      vertex 22.1046 1.19543 0
    endloop
  endfacet
  facet normal 0.130474 0.991452 -0
    outer loop
      vertex 21.8954 -1.19543 0
      vertex 21.7916 -1.18177 2.2
      vertex 21.8954 -1.19543 2.2
    endloop
  endfacet
  facet normal 0.130474 0.991452 0
    outer loop
      vertex 21.7916 -1.18177 2.2
      vertex 21.8954 -1.19543 0
      vertex 21.7916 -1.18177 0
    endloop
  endfacet
  facet normal 0.0436486 0.999047 -0
    outer loop
      vertex 22 -1.2 0
      vertex 21.8954 -1.19543 2.2
      vertex 22 -1.2 2.2
    endloop
  endfacet
  facet normal 0.0436486 0.999047 0
    outer loop
      vertex 21.8954 -1.19543 2.2
      vertex 22 -1.2 0
      vertex 21.8954 -1.19543 0
    endloop
  endfacet
  facet normal -0.843603 0.536968 0
    outer loop
      vertex 22.983 -0.688292 0
      vertex 23.0392 -0.599999 2.2
      vertex 23.0392 -0.599999 0
    endloop
  endfacet
  facet normal -0.843603 0.536968 0
    outer loop
      vertex 23.0392 -0.599999 2.2
      vertex 22.983 -0.688292 0
      vertex 22.983 -0.688292 2.2
    endloop
  endfacet
  facet normal -0.924089 -0.382179 0
    outer loop
      vertex 23.1276 0.410423 0
      vertex 23.0876 0.507141 2.2
      vertex 23.0876 0.507141 0
    endloop
  endfacet
  facet normal -0.924089 -0.382179 0
    outer loop
      vertex 23.0876 0.507141 2.2
      vertex 23.1276 0.410423 0
      vertex 23.1276 0.410423 2.2
    endloop
  endfacet
  facet normal -0.991524 0.129923 0
    outer loop
      vertex 23.1818 -0.208377 0
      vertex 23.1954 -0.104587 2.2
      vertex 23.1954 -0.104587 0
    endloop
  endfacet
  facet normal -0.991524 0.129923 0
    outer loop
      vertex 23.1954 -0.104587 2.2
      vertex 23.1818 -0.208377 0
      vertex 23.1818 -0.208377 2.2
    endloop
  endfacet
  facet normal 0.216465 0.97629 -0
    outer loop
      vertex 21.7916 -1.18177 0
      vertex 21.6894 -1.15911 2.2
      vertex 21.7916 -1.18177 2.2
    endloop
  endfacet
  facet normal 0.216465 0.97629 0
    outer loop
      vertex 21.6894 -1.15911 2.2
      vertex 21.7916 -1.18177 0
      vertex 21.6894 -1.15911 0
    endloop
  endfacet
  facet normal 0.736926 0.675974 0
    outer loop
      vertex 21.1515 -0.848528 2.2
      vertex 21.0807 -0.771344 0
      vertex 21.0807 -0.771344 2.2
    endloop
  endfacet
  facet normal 0.736926 0.675974 0
    outer loop
      vertex 21.0807 -0.771344 0
      vertex 21.1515 -0.848528 2.2
      vertex 21.1515 -0.848528 0
    endloop
  endfacet
  facet normal 0.609013 -0.79316 0
    outer loop
      vertex 21.2287 0.919252 0
      vertex 21.3117 0.982982 2.2
      vertex 21.2287 0.919252 2.2
    endloop
  endfacet
  facet normal 0.609013 -0.79316 0
    outer loop
      vertex 21.3117 0.982982 2.2
      vertex 21.2287 0.919252 0
      vertex 21.3117 0.982982 0
    endloop
  endfacet
  facet normal -0.609013 -0.79316 0
    outer loop
      vertex 22.6883 0.982982 0
      vertex 22.7713 0.919252 2.2
      vertex 22.6883 0.982982 2.2
    endloop
  endfacet
  facet normal -0.609013 -0.79316 -0
    outer loop
      vertex 22.7713 0.919252 2.2
      vertex 22.6883 0.982982 0
      vertex 22.7713 0.919252 0
    endloop
  endfacet
  facet normal 0.999034 -0.04394 0
    outer loop
      vertex 20.8 0 2.2
      vertex 20.8046 0.104587 0
      vertex 20.8046 0.104587 2.2
    endloop
  endfacet
  facet normal 0.999034 -0.04394 0
    outer loop
      vertex 20.8046 0.104587 0
      vertex 20.8 0 2.2
      vertex 20.8 0 0
    endloop
  endfacet
  facet normal 0.0436486 -0.999047 0
    outer loop
      vertex 21.8954 1.19543 0
      vertex 22 1.2 2.2
      vertex 21.8954 1.19543 2.2
    endloop
  endfacet
  facet normal 0.0436486 -0.999047 0
    outer loop
      vertex 22 1.2 2.2
      vertex 21.8954 1.19543 0
      vertex 22 1.2 0
    endloop
  endfacet
  facet normal 0.30082 -0.953681 0
    outer loop
      vertex 21.5896 1.12763 0
      vertex 21.6894 1.15911 2.2
      vertex 21.5896 1.12763 2.2
    endloop
  endfacet
  facet normal 0.30082 -0.953681 0
    outer loop
      vertex 21.6894 1.15911 2.2
      vertex 21.5896 1.12763 0
      vertex 21.6894 1.15911 0
    endloop
  endfacet
  facet normal -0.382729 0.923861 0
    outer loop
      vertex 22.5071 -1.08757 0
      vertex 22.4104 -1.12763 2.2
      vertex 22.5071 -1.08757 2.2
    endloop
  endfacet
  facet normal -0.382729 0.923861 0
    outer loop
      vertex 22.4104 -1.12763 2.2
      vertex 22.5071 -1.08757 0
      vertex 22.4104 -1.12763 0
    endloop
  endfacet
  facet normal -0.0436486 0.999047 0
    outer loop
      vertex 22.1046 -1.19543 0
      vertex 22 -1.2 2.2
      vertex 22.1046 -1.19543 2.2
    endloop
  endfacet
  facet normal -0.0436486 0.999047 0
    outer loop
      vertex 22 -1.2 2.2
      vertex 22.1046 -1.19543 0
      vertex 22 -1.2 0
    endloop
  endfacet
  facet normal -0.461593 -0.887092 0
    outer loop
      vertex 22.5071 1.08757 0
      vertex 22.6 1.03923 2.2
      vertex 22.5071 1.08757 2.2
    endloop
  endfacet
  facet normal -0.461593 -0.887092 -0
    outer loop
      vertex 22.6 1.03923 2.2
      vertex 22.5071 1.08757 0
      vertex 22.6 1.03923 0
    endloop
  endfacet
  facet normal 0.886771 -0.462208 0
    outer loop
      vertex 20.9124 0.507141 2.2
      vertex 20.9608 0.599999 0
      vertex 20.9608 0.599999 2.2
    endloop
  endfacet
  facet normal 0.886771 -0.462208 0
    outer loop
      vertex 20.9608 0.599999 0
      vertex 20.9124 0.507141 2.2
      vertex 20.9124 0.507141 0
    endloop
  endfacet
  facet normal -0.675503 -0.737357 0
    outer loop
      vertex 22.7713 0.919252 0
      vertex 22.8485 0.848528 2.2
      vertex 22.7713 0.919252 2.2
    endloop
  endfacet
  facet normal -0.675503 -0.737357 -0
    outer loop
      vertex 22.8485 0.848528 2.2
      vertex 22.7713 0.919252 0
      vertex 22.8485 0.848528 0
    endloop
  endfacet
  facet normal -0.216465 -0.97629 0
    outer loop
      vertex 22.2084 1.18177 0
      vertex 22.3106 1.15911 2.2
      vertex 22.2084 1.18177 2.2
    endloop
  endfacet
  facet normal -0.216465 -0.97629 -0
    outer loop
      vertex 22.3106 1.15911 2.2
      vertex 22.2084 1.18177 0
      vertex 22.3106 1.15911 0
    endloop
  endfacet
  facet normal 0.924089 -0.382179 0
    outer loop
      vertex 20.8724 0.410423 2.2
      vertex 20.9124 0.507141 0
      vertex 20.9124 0.507141 2.2
    endloop
  endfacet
  facet normal 0.924089 -0.382179 0
    outer loop
      vertex 20.9124 0.507141 0
      vertex 20.8724 0.410423 2.2
      vertex 20.8724 0.410423 0
    endloop
  endfacet
  facet normal 0.793483 -0.608593 0
    outer loop
      vertex 21.017 0.688292 2.2
      vertex 21.0807 0.771344 0
      vertex 21.0807 0.771344 2.2
    endloop
  endfacet
  facet normal 0.793483 -0.608593 0
    outer loop
      vertex 21.0807 0.771344 0
      vertex 21.017 0.688292 2.2
      vertex 21.017 0.688292 0
    endloop
  endfacet
  facet normal 0.382729 -0.923861 0
    outer loop
      vertex 21.4929 1.08757 0
      vertex 21.5896 1.12763 2.2
      vertex 21.4929 1.08757 2.2
    endloop
  endfacet
  facet normal 0.382729 -0.923861 0
    outer loop
      vertex 21.5896 1.12763 2.2
      vertex 21.4929 1.08757 0
      vertex 21.5896 1.12763 0
    endloop
  endfacet
  facet normal -0.953661 0.300882 0
    outer loop
      vertex 23.1276 -0.410423 0
      vertex 23.1591 -0.310582 2.2
      vertex 23.1591 -0.310582 0
    endloop
  endfacet
  facet normal -0.953661 0.300882 0
    outer loop
      vertex 23.1591 -0.310582 2.2
      vertex 23.1276 -0.410423 0
      vertex 23.1276 -0.410423 2.2
    endloop
  endfacet
  facet normal -0.130474 0.991452 0
    outer loop
      vertex 22.2084 -1.18177 0
      vertex 22.1046 -1.19543 2.2
      vertex 22.2084 -1.18177 2.2
    endloop
  endfacet
  facet normal -0.130474 0.991452 0
    outer loop
      vertex 22.1046 -1.19543 2.2
      vertex 22.2084 -1.18177 0
      vertex 22.1046 -1.19543 0
    endloop
  endfacet
  facet normal -0.793483 0.608593 0
    outer loop
      vertex 22.9193 -0.771344 0
      vertex 22.983 -0.688292 2.2
      vertex 22.983 -0.688292 0
    endloop
  endfacet
  facet normal -0.793483 0.608593 0
    outer loop
      vertex 22.983 -0.688292 2.2
      vertex 22.9193 -0.771344 0
      vertex 22.9193 -0.771344 2.2
    endloop
  endfacet
  facet normal -0.793483 -0.608593 0
    outer loop
      vertex 22.983 0.688292 0
      vertex 22.9193 0.771344 2.2
      vertex 22.9193 0.771344 0
    endloop
  endfacet
  facet normal -0.793483 -0.608593 0
    outer loop
      vertex 22.9193 0.771344 2.2
      vertex 22.983 0.688292 0
      vertex 22.983 0.688292 2.2
    endloop
  endfacet
  facet normal 0.675503 -0.737357 0
    outer loop
      vertex 21.1515 0.848528 0
      vertex 21.2287 0.919252 2.2
      vertex 21.1515 0.848528 2.2
    endloop
  endfacet
  facet normal 0.675503 -0.737357 0
    outer loop
      vertex 21.2287 0.919252 2.2
      vertex 21.1515 0.848528 0
      vertex 21.2287 0.919252 0
    endloop
  endfacet
  facet normal -0.999034 0.04394 0
    outer loop
      vertex 23.1954 -0.104587 0
      vertex 23.2 0 2.2
      vertex 23.2 0 0
    endloop
  endfacet
  facet normal -0.999034 0.04394 0
    outer loop
      vertex 23.2 0 2.2
      vertex 23.1954 -0.104587 0
      vertex 23.1954 -0.104587 2.2
    endloop
  endfacet
  facet normal 0.999034 0.04394 0
    outer loop
      vertex 20.8046 -0.104587 2.2
      vertex 20.8 0 0
      vertex 20.8 0 2.2
    endloop
  endfacet
  facet normal 0.999034 0.04394 0
    outer loop
      vertex 20.8 0 0
      vertex 20.8046 -0.104587 2.2
      vertex 20.8046 -0.104587 0
    endloop
  endfacet
  facet normal -0.886771 -0.462208 0
    outer loop
      vertex 23.0876 0.507141 0
      vertex 23.0392 0.599999 2.2
      vertex 23.0392 0.599999 0
    endloop
  endfacet
  facet normal -0.886771 -0.462208 0
    outer loop
      vertex 23.0392 0.599999 2.2
      vertex 23.0876 0.507141 0
      vertex 23.0876 0.507141 2.2
    endloop
  endfacet
  facet normal -0.130474 -0.991452 0
    outer loop
      vertex 22.1046 1.19543 0
      vertex 22.2084 1.18177 2.2
      vertex 22.1046 1.19543 2.2
    endloop
  endfacet
  facet normal -0.130474 -0.991452 -0
    outer loop
      vertex 22.2084 1.18177 2.2
      vertex 22.1046 1.19543 0
      vertex 22.2084 1.18177 0
    endloop
  endfacet
  facet normal -0.382729 -0.923861 0
    outer loop
      vertex 22.4104 1.12763 0
      vertex 22.5071 1.08757 2.2
      vertex 22.4104 1.12763 2.2
    endloop
  endfacet
  facet normal -0.382729 -0.923861 -0
    outer loop
      vertex 22.5071 1.08757 2.2
      vertex 22.4104 1.12763 0
      vertex 22.5071 1.08757 0
    endloop
  endfacet
  facet normal -0.736926 -0.675974 0
    outer loop
      vertex 22.9193 0.771344 0
      vertex 22.8485 0.848528 2.2
      vertex 22.8485 0.848528 0
    endloop
  endfacet
  facet normal -0.736926 -0.675974 0
    outer loop
      vertex 22.8485 0.848528 2.2
      vertex 22.9193 0.771344 0
      vertex 22.9193 0.771344 2.2
    endloop
  endfacet
  facet normal -0.461593 0.887092 0
    outer loop
      vertex 22.6 -1.03923 0
      vertex 22.5071 -1.08757 2.2
      vertex 22.6 -1.03923 2.2
    endloop
  endfacet
  facet normal -0.461593 0.887092 0
    outer loop
      vertex 22.5071 -1.08757 2.2
      vertex 22.6 -1.03923 0
      vertex 22.5071 -1.08757 0
    endloop
  endfacet
  facet normal -0.30082 -0.953681 0
    outer loop
      vertex 22.3106 1.15911 0
      vertex 22.4104 1.12763 2.2
      vertex 22.3106 1.15911 2.2
    endloop
  endfacet
  facet normal -0.30082 -0.953681 -0
    outer loop
      vertex 22.4104 1.12763 2.2
      vertex 22.3106 1.15911 0
      vertex 22.4104 1.12763 0
    endloop
  endfacet
  facet normal 0.991524 0.129923 0
    outer loop
      vertex 20.8182 -0.208377 2.2
      vertex 20.8046 -0.104587 0
      vertex 20.8046 -0.104587 2.2
    endloop
  endfacet
  facet normal 0.991524 0.129923 0
    outer loop
      vertex 20.8046 -0.104587 0
      vertex 20.8182 -0.208377 2.2
      vertex 20.8182 -0.208377 0
    endloop
  endfacet
  facet normal -0.537264 0.843414 0
    outer loop
      vertex 22.6883 -0.982982 0
      vertex 22.6 -1.03923 2.2
      vertex 22.6883 -0.982982 2.2
    endloop
  endfacet
  facet normal -0.537264 0.843414 0
    outer loop
      vertex 22.6 -1.03923 2.2
      vertex 22.6883 -0.982982 0
      vertex 22.6 -1.03923 0
    endloop
  endfacet
  facet normal -0.924089 0.382179 0
    outer loop
      vertex 23.0876 -0.507141 0
      vertex 23.1276 -0.410423 2.2
      vertex 23.1276 -0.410423 0
    endloop
  endfacet
  facet normal -0.924089 0.382179 0
    outer loop
      vertex 23.1276 -0.410423 2.2
      vertex 23.0876 -0.507141 0
      vertex 23.0876 -0.507141 2.2
    endloop
  endfacet
  facet normal 0.843603 0.536968 0
    outer loop
      vertex 21.017 -0.688292 2.2
      vertex 20.9608 -0.599999 0
      vertex 20.9608 -0.599999 2.2
    endloop
  endfacet
  facet normal 0.843603 0.536968 0
    outer loop
      vertex 20.9608 -0.599999 0
      vertex 21.017 -0.688292 2.2
      vertex 21.017 -0.688292 0
    endloop
  endfacet
  facet normal -0.886771 0.462208 0
    outer loop
      vertex 23.0392 -0.599999 0
      vertex 23.0876 -0.507141 2.2
      vertex 23.0876 -0.507141 0
    endloop
  endfacet
  facet normal -0.886771 0.462208 0
    outer loop
      vertex 23.0876 -0.507141 2.2
      vertex 23.0392 -0.599999 0
      vertex 23.0392 -0.599999 2.2
    endloop
  endfacet
  facet normal -0.843603 -0.536968 0
    outer loop
      vertex 23.0392 0.599999 0
      vertex 22.983 0.688292 2.2
      vertex 22.983 0.688292 0
    endloop
  endfacet
  facet normal -0.843603 -0.536968 0
    outer loop
      vertex 22.983 0.688292 2.2
      vertex 23.0392 0.599999 0
      vertex 23.0392 0.599999 2.2
    endloop
  endfacet
  facet normal -0.976212 0.216819 0
    outer loop
      vertex 23.1591 -0.310582 0
      vertex 23.1818 -0.208377 2.2
      vertex 23.1818 -0.208377 0
    endloop
  endfacet
  facet normal -0.976212 0.216819 0
    outer loop
      vertex 23.1818 -0.208377 2.2
      vertex 23.1591 -0.310582 0
      vertex 23.1591 -0.310582 2.2
    endloop
  endfacet
  facet normal 0.382729 0.923861 -0
    outer loop
      vertex 21.5896 -1.12763 0
      vertex 21.4929 -1.08757 2.2
      vertex 21.5896 -1.12763 2.2
    endloop
  endfacet
  facet normal 0.382729 0.923861 0
    outer loop
      vertex 21.4929 -1.08757 2.2
      vertex 21.5896 -1.12763 0
      vertex 21.4929 -1.08757 0
    endloop
  endfacet
  facet normal 0.216465 -0.97629 0
    outer loop
      vertex 21.6894 1.15911 0
      vertex 21.7916 1.18177 2.2
      vertex 21.6894 1.15911 2.2
    endloop
  endfacet
  facet normal 0.216465 -0.97629 0
    outer loop
      vertex 21.7916 1.18177 2.2
      vertex 21.6894 1.15911 0
      vertex 21.7916 1.18177 0
    endloop
  endfacet
  facet normal 0.130474 -0.991452 0
    outer loop
      vertex 21.7916 1.18177 0
      vertex 21.8954 1.19543 2.2
      vertex 21.7916 1.18177 2.2
    endloop
  endfacet
  facet normal 0.130474 -0.991452 0
    outer loop
      vertex 21.8954 1.19543 2.2
      vertex 21.7916 1.18177 0
      vertex 21.8954 1.19543 0
    endloop
  endfacet
  facet normal 0.675503 0.737357 -0
    outer loop
      vertex 21.2287 -0.919252 0
      vertex 21.1515 -0.848528 2.2
      vertex 21.2287 -0.919252 2.2
    endloop
  endfacet
  facet normal 0.675503 0.737357 0
    outer loop
      vertex 21.1515 -0.848528 2.2
      vertex 21.2287 -0.919252 0
      vertex 21.1515 -0.848528 0
    endloop
  endfacet
  facet normal 0.886771 0.462208 0
    outer loop
      vertex 20.9608 -0.599999 2.2
      vertex 20.9124 -0.507141 0
      vertex 20.9124 -0.507141 2.2
    endloop
  endfacet
  facet normal 0.886771 0.462208 0
    outer loop
      vertex 20.9124 -0.507141 0
      vertex 20.9608 -0.599999 2.2
      vertex 20.9608 -0.599999 0
    endloop
  endfacet
  facet normal 0.924089 0.382179 0
    outer loop
      vertex 20.9124 -0.507141 2.2
      vertex 20.8724 -0.410423 0
      vertex 20.8724 -0.410423 2.2
    endloop
  endfacet
  facet normal 0.924089 0.382179 0
    outer loop
      vertex 20.8724 -0.410423 0
      vertex 20.9124 -0.507141 2.2
      vertex 20.9124 -0.507141 0
    endloop
  endfacet
  facet normal -0.736926 0.675974 0
    outer loop
      vertex 22.8485 -0.848528 0
      vertex 22.9193 -0.771344 2.2
      vertex 22.9193 -0.771344 0
    endloop
  endfacet
  facet normal -0.736926 0.675974 0
    outer loop
      vertex 22.9193 -0.771344 2.2
      vertex 22.8485 -0.848528 0
      vertex 22.8485 -0.848528 2.2
    endloop
  endfacet
  facet normal 0.793483 0.608593 0
    outer loop
      vertex 21.0807 -0.771344 2.2
      vertex 21.017 -0.688292 0
      vertex 21.017 -0.688292 2.2
    endloop
  endfacet
  facet normal 0.793483 0.608593 0
    outer loop
      vertex 21.017 -0.688292 0
      vertex 21.0807 -0.771344 2.2
      vertex 21.0807 -0.771344 0
    endloop
  endfacet
  facet normal 0.953661 0.300882 0
    outer loop
      vertex 20.8724 -0.410423 2.2
      vertex 20.8409 -0.310582 0
      vertex 20.8409 -0.310582 2.2
    endloop
  endfacet
  facet normal 0.953661 0.300882 0
    outer loop
      vertex 20.8409 -0.310582 0
      vertex 20.8724 -0.410423 2.2
      vertex 20.8724 -0.410423 0
    endloop
  endfacet
  facet normal -0.953661 -0.300882 0
    outer loop
      vertex 23.1591 0.310582 0
      vertex 23.1276 0.410423 2.2
      vertex 23.1276 0.410423 0
    endloop
  endfacet
  facet normal -0.953661 -0.300882 0
    outer loop
      vertex 23.1276 0.410423 2.2
      vertex 23.1591 0.310582 0
      vertex 23.1591 0.310582 2.2
    endloop
  endfacet
  facet normal 0.30082 0.953681 -0
    outer loop
      vertex 21.6894 -1.15911 0
      vertex 21.5896 -1.12763 2.2
      vertex 21.6894 -1.15911 2.2
    endloop
  endfacet
  facet normal 0.30082 0.953681 0
    outer loop
      vertex 21.5896 -1.12763 2.2
      vertex 21.6894 -1.15911 0
      vertex 21.5896 -1.12763 0
    endloop
  endfacet
  facet normal 0.953661 -0.300882 0
    outer loop
      vertex 20.8409 0.310582 2.2
      vertex 20.8724 0.410423 0
      vertex 20.8724 0.410423 2.2
    endloop
  endfacet
  facet normal 0.953661 -0.300882 0
    outer loop
      vertex 20.8724 0.410423 0
      vertex 20.8409 0.310582 2.2
      vertex 20.8409 0.310582 0
    endloop
  endfacet
  facet normal 0.976212 0.216819 0
    outer loop
      vertex 20.8409 -0.310582 2.2
      vertex 20.8182 -0.208377 0
      vertex 20.8182 -0.208377 2.2
    endloop
  endfacet
  facet normal 0.976212 0.216819 0
    outer loop
      vertex 20.8182 -0.208377 0
      vertex 20.8409 -0.310582 2.2
      vertex 20.8409 -0.310582 0
    endloop
  endfacet
  facet normal 0.843603 -0.536968 0
    outer loop
      vertex 20.9608 0.599999 2.2
      vertex 21.017 0.688292 0
      vertex 21.017 0.688292 2.2
    endloop
  endfacet
  facet normal 0.843603 -0.536968 0
    outer loop
      vertex 21.017 0.688292 0
      vertex 20.9608 0.599999 2.2
      vertex 20.9608 0.599999 0
    endloop
  endfacet
  facet normal 0.736926 -0.675974 0
    outer loop
      vertex 21.0807 0.771344 2.2
      vertex 21.1515 0.848528 0
      vertex 21.1515 0.848528 2.2
    endloop
  endfacet
  facet normal 0.736926 -0.675974 0
    outer loop
      vertex 21.1515 0.848528 0
      vertex 21.0807 0.771344 2.2
      vertex 21.0807 0.771344 0
    endloop
  endfacet
  facet normal 0.461593 -0.887092 0
    outer loop
      vertex 21.4 1.03923 0
      vertex 21.4929 1.08757 2.2
      vertex 21.4 1.03923 2.2
    endloop
  endfacet
  facet normal 0.461593 -0.887092 0
    outer loop
      vertex 21.4929 1.08757 2.2
      vertex 21.4 1.03923 0
      vertex 21.4929 1.08757 0
    endloop
  endfacet
  facet normal -0.609013 0.79316 0
    outer loop
      vertex 22.7713 -0.919252 0
      vertex 22.6883 -0.982982 2.2
      vertex 22.7713 -0.919252 2.2
    endloop
  endfacet
  facet normal -0.609013 0.79316 0
    outer loop
      vertex 22.6883 -0.982982 2.2
      vertex 22.7713 -0.919252 0
      vertex 22.6883 -0.982982 0
    endloop
  endfacet
  facet normal 0.537264 0.843414 -0
    outer loop
      vertex 21.4 -1.03923 0
      vertex 21.3117 -0.982982 2.2
      vertex 21.4 -1.03923 2.2
    endloop
  endfacet
  facet normal 0.537264 0.843414 0
    outer loop
      vertex 21.3117 -0.982982 2.2
      vertex 21.4 -1.03923 0
      vertex 21.3117 -0.982982 0
    endloop
  endfacet
  facet normal 0.976212 -0.216819 0
    outer loop
      vertex 20.8182 0.208377 2.2
      vertex 20.8409 0.310582 0
      vertex 20.8409 0.310582 2.2
    endloop
  endfacet
  facet normal 0.976212 -0.216819 0
    outer loop
      vertex 20.8409 0.310582 0
      vertex 20.8182 0.208377 2.2
      vertex 20.8182 0.208377 0
    endloop
  endfacet
  facet normal -0.216465 0.97629 0
    outer loop
      vertex 22.3106 -1.15911 0
      vertex 22.2084 -1.18177 2.2
      vertex 22.3106 -1.15911 2.2
    endloop
  endfacet
  facet normal -0.216465 0.97629 0
    outer loop
      vertex 22.2084 -1.18177 2.2
      vertex 22.3106 -1.15911 0
      vertex 22.2084 -1.18177 0
    endloop
  endfacet
  facet normal 0.991524 -0.129923 0
    outer loop
      vertex 20.8046 0.104587 2.2
      vertex 20.8182 0.208377 0
      vertex 20.8182 0.208377 2.2
    endloop
  endfacet
  facet normal 0.991524 -0.129923 0
    outer loop
      vertex 20.8182 0.208377 0
      vertex 20.8046 0.104587 2.2
      vertex 20.8046 0.104587 0
    endloop
  endfacet
  facet normal 0.537264 -0.843414 0
    outer loop
      vertex 21.3117 0.982982 0
      vertex 21.4 1.03923 2.2
      vertex 21.3117 0.982982 2.2
    endloop
  endfacet
  facet normal 0.537264 -0.843414 0
    outer loop
      vertex 21.4 1.03923 2.2
      vertex 21.3117 0.982982 0
      vertex 21.4 1.03923 0
    endloop
  endfacet
  facet normal -0.675503 0.737357 0
    outer loop
      vertex 22.8485 -0.848528 0
      vertex 22.7713 -0.919252 2.2
      vertex 22.8485 -0.848528 2.2
    endloop
  endfacet
  facet normal -0.675503 0.737357 0
    outer loop
      vertex 22.7713 -0.919252 2.2
      vertex 22.8485 -0.848528 0
      vertex 22.7713 -0.919252 0
    endloop
  endfacet
  facet normal 0.461593 0.887092 -0
    outer loop
      vertex 21.4929 -1.08757 0
      vertex 21.4 -1.03923 2.2
      vertex 21.4929 -1.08757 2.2
    endloop
  endfacet
  facet normal 0.461593 0.887092 0
    outer loop
      vertex 21.4 -1.03923 2.2
      vertex 21.4929 -1.08757 0
      vertex 21.4 -1.03923 0
    endloop
  endfacet
  facet normal 0.609013 0.79316 -0
    outer loop
      vertex 21.3117 -0.982982 0
      vertex 21.2287 -0.919252 2.2
      vertex 21.3117 -0.982982 2.2
    endloop
  endfacet
  facet normal 0.609013 0.79316 0
    outer loop
      vertex 21.2287 -0.919252 2.2
      vertex 21.3117 -0.982982 0
      vertex 21.2287 -0.919252 0
    endloop
  endfacet
  facet normal -0.999062 -0.0433046 0
    outer loop
      vertex 33.9864 0 0
      vertex 33.9813 0.11766 2.2
      vertex 33.9813 0.11766 0
    endloop
  endfacet
  facet normal -0.999062 -0.0433046 0
    outer loop
      vertex 33.9813 0.11766 2.2
      vertex 33.9864 0 0
      vertex 33.9864 0 2.2
    endloop
  endfacet
  facet normal 0.461687 0.887043 -0
    outer loop
      vertex 32.0659 -1.22352 0
      vertex 31.9614 -1.16913 2.2
      vertex 32.0659 -1.22352 2.2
    endloop
  endfacet
  facet normal 0.461687 0.887043 0
    outer loop
      vertex 31.9614 -1.16913 2.2
      vertex 32.0659 -1.22352 0
      vertex 31.9614 -1.16913 0
    endloop
  endfacet
  facet normal 0.0436288 0.999048 -0
    outer loop
      vertex 32.6364 -1.35 0
      vertex 32.5187 -1.34486 2.2
      vertex 32.6364 -1.35 2.2
    endloop
  endfacet
  facet normal 0.0436288 0.999048 0
    outer loop
      vertex 32.5187 -1.34486 2.2
      vertex 32.6364 -1.35 0
      vertex 32.5187 -1.34486 0
    endloop
  endfacet
  facet normal -0.999062 0.0433046 0
    outer loop
      vertex 33.9813 -0.11766 0
      vertex 33.9864 0 2.2
      vertex 33.9864 0 0
    endloop
  endfacet
  facet normal -0.999062 0.0433046 0
    outer loop
      vertex 33.9864 0 2.2
      vertex 33.9813 -0.11766 0
      vertex 33.9813 -0.11766 2.2
    endloop
  endfacet
  facet normal -0.843695 -0.536823 0
    outer loop
      vertex 33.8055 0.674999 0
      vertex 33.7423 0.774327 2.2
      vertex 33.7423 0.774327 0
    endloop
  endfacet
  facet normal -0.843695 -0.536823 0
    outer loop
      vertex 33.7423 0.774327 2.2
      vertex 33.8055 0.674999 0
      vertex 33.8055 0.674999 2.2
    endloop
  endfacet
  facet normal -0.843695 0.536823 0
    outer loop
      vertex 33.7423 -0.774327 0
      vertex 33.8055 -0.674999 2.2
      vertex 33.8055 -0.674999 0
    endloop
  endfacet
  facet normal -0.843695 0.536823 0
    outer loop
      vertex 33.8055 -0.674999 2.2
      vertex 33.7423 -0.774327 0
      vertex 33.7423 -0.774327 2.2
    endloop
  endfacet
  facet normal 0.991415 0.130757 0
    outer loop
      vertex 31.3069 -0.234425 2.2
      vertex 31.2915 -0.11766 0
      vertex 31.2915 -0.11766 2.2
    endloop
  endfacet
  facet normal 0.991415 0.130757 0
    outer loop
      vertex 31.2915 -0.11766 0
      vertex 31.3069 -0.234425 2.2
      vertex 31.3069 -0.234425 0
    endloop
  endfacet
  facet normal -0.923787 -0.382906 0
    outer loop
      vertex 33.905 0.461727 0
      vertex 33.8599 0.570534 2.2
      vertex 33.8599 0.570534 0
    endloop
  endfacet
  facet normal -0.923787 -0.382906 0
    outer loop
      vertex 33.8599 0.570534 2.2
      vertex 33.905 0.461727 0
      vertex 33.905 0.461727 2.2
    endloop
  endfacet
  facet normal 0.953753 0.30059 0
    outer loop
      vertex 31.3678 -0.461727 2.2
      vertex 31.3324 -0.349405 0
      vertex 31.3324 -0.349405 2.2
    endloop
  endfacet
  facet normal 0.953753 0.30059 0
    outer loop
      vertex 31.3324 -0.349405 0
      vertex 31.3678 -0.461727 2.2
      vertex 31.3678 -0.461727 0
    endloop
  endfacet
  facet normal -0.991415 0.130757 0
    outer loop
      vertex 33.9659 -0.234425 0
      vertex 33.9813 -0.11766 2.2
      vertex 33.9813 -0.11766 0
    endloop
  endfacet
  facet normal -0.991415 0.130757 0
    outer loop
      vertex 33.9813 -0.11766 2.2
      vertex 33.9659 -0.234425 0
      vertex 33.9659 -0.234425 2.2
    endloop
  endfacet
  facet normal 0.2164 0.976305 -0
    outer loop
      vertex 32.402 -1.32949 0
      vertex 32.287 -1.304 2.2
      vertex 32.402 -1.32949 2.2
    endloop
  endfacet
  facet normal 0.2164 0.976305 0
    outer loop
      vertex 32.287 -1.304 2.2
      vertex 32.402 -1.32949 0
      vertex 32.287 -1.304 0
    endloop
  endfacet
  facet normal 0.2164 -0.976305 0
    outer loop
      vertex 32.287 1.304 0
      vertex 32.402 1.32949 2.2
      vertex 32.287 1.304 2.2
    endloop
  endfacet
  facet normal 0.2164 -0.976305 0
    outer loop
      vertex 32.402 1.32949 2.2
      vertex 32.287 1.304 0
      vertex 32.402 1.32949 0
    endloop
  endfacet
  facet normal 0.461687 -0.887043 0
    outer loop
      vertex 31.9614 1.16913 0
      vertex 32.0659 1.22352 2.2
      vertex 31.9614 1.16913 2.2
    endloop
  endfacet
  facet normal 0.461687 -0.887043 0
    outer loop
      vertex 32.0659 1.22352 2.2
      vertex 31.9614 1.16913 0
      vertex 32.0659 1.22352 0
    endloop
  endfacet
  facet normal -0.976279 -0.216517 0
    outer loop
      vertex 33.9659 0.234425 0
      vertex 33.9404 0.349405 2.2
      vertex 33.9404 0.349405 0
    endloop
  endfacet
  facet normal -0.976279 -0.216517 0
    outer loop
      vertex 33.9404 0.349405 2.2
      vertex 33.9659 0.234425 0
      vertex 33.9659 0.234425 2.2
    endloop
  endfacet
  facet normal -0.991415 -0.130757 0
    outer loop
      vertex 33.9813 0.11766 0
      vertex 33.9659 0.234425 2.2
      vertex 33.9659 0.234425 0
    endloop
  endfacet
  facet normal -0.991415 -0.130757 0
    outer loop
      vertex 33.9659 0.234425 2.2
      vertex 33.9813 0.11766 0
      vertex 33.9813 0.11766 2.2
    endloop
  endfacet
  facet normal 0.923787 0.382906 0
    outer loop
      vertex 31.4129 -0.570534 2.2
      vertex 31.3678 -0.461727 0
      vertex 31.3678 -0.461727 2.2
    endloop
  endfacet
  facet normal 0.923787 0.382906 0
    outer loop
      vertex 31.3678 -0.461727 0
      vertex 31.4129 -0.570534 2.2
      vertex 31.4129 -0.570534 0
    endloop
  endfacet
  facet normal -0.382637 -0.923899 0
    outer loop
      vertex 33.0981 1.26858 0
      vertex 33.2069 1.22352 2.2
      vertex 33.0981 1.26858 2.2
    endloop
  endfacet
  facet normal -0.382637 -0.923899 -0
    outer loop
      vertex 33.2069 1.22352 2.2
      vertex 33.0981 1.26858 0
      vertex 33.2069 1.22352 0
    endloop
  endfacet
  facet normal 0.300798 0.953688 -0
    outer loop
      vertex 32.287 -1.304 0
      vertex 32.1747 -1.26858 2.2
      vertex 32.287 -1.304 2.2
    endloop
  endfacet
  facet normal 0.300798 0.953688 0
    outer loop
      vertex 32.1747 -1.26858 2.2
      vertex 32.287 -1.304 0
      vertex 32.1747 -1.26858 0
    endloop
  endfacet
  facet normal -0.0436288 -0.999048 0
    outer loop
      vertex 32.6364 1.35 0
      vertex 32.7541 1.34486 2.2
      vertex 32.6364 1.35 2.2
    endloop
  endfacet
  facet normal -0.0436288 -0.999048 -0
    outer loop
      vertex 32.7541 1.34486 2.2
      vertex 32.6364 1.35 0
      vertex 32.7541 1.34486 0
    endloop
  endfacet
  facet normal -0.461687 0.887043 0
    outer loop
      vertex 33.3114 -1.16913 0
      vertex 33.2069 -1.22352 2.2
      vertex 33.3114 -1.16913 2.2
    endloop
  endfacet
  facet normal -0.461687 0.887043 0
    outer loop
      vertex 33.2069 -1.22352 2.2
      vertex 33.3114 -1.16913 0
      vertex 33.2069 -1.22352 0
    endloop
  endfacet
  facet normal -0.130578 0.991438 0
    outer loop
      vertex 32.8708 -1.32949 0
      vertex 32.7541 -1.34486 2.2
      vertex 32.8708 -1.32949 2.2
    endloop
  endfacet
  facet normal -0.130578 0.991438 0
    outer loop
      vertex 32.7541 -1.34486 2.2
      vertex 32.8708 -1.32949 0
      vertex 32.7541 -1.34486 0
    endloop
  endfacet
  facet normal 0.608467 0.793579 -0
    outer loop
      vertex 31.8621 -1.10585 0
      vertex 31.7686 -1.03416 2.2
      vertex 31.8621 -1.10585 2.2
    endloop
  endfacet
  facet normal 0.608467 0.793579 0
    outer loop
      vertex 31.7686 -1.03416 2.2
      vertex 31.8621 -1.10585 0
      vertex 31.7686 -1.03416 0
    endloop
  endfacet
  facet normal 0.923787 -0.382906 0
    outer loop
      vertex 31.3678 0.461727 2.2
      vertex 31.4129 0.570534 0
      vertex 31.4129 0.570534 2.2
    endloop
  endfacet
  facet normal 0.923787 -0.382906 0
    outer loop
      vertex 31.4129 0.570534 0
      vertex 31.3678 0.461727 2.2
      vertex 31.3678 0.461727 0
    endloop
  endfacet
  facet normal -0.737133 0.675747 0
    outer loop
      vertex 33.591 -0.954594 0
      vertex 33.6706 -0.867763 2.2
      vertex 33.6706 -0.867763 0
    endloop
  endfacet
  facet normal -0.737133 0.675747 0
    outer loop
      vertex 33.6706 -0.867763 2.2
      vertex 33.591 -0.954594 0
      vertex 33.591 -0.954594 2.2
    endloop
  endfacet
  facet normal -0.675722 -0.737157 0
    outer loop
      vertex 33.5042 1.03416 0
      vertex 33.591 0.954594 2.2
      vertex 33.5042 1.03416 2.2
    endloop
  endfacet
  facet normal -0.675722 -0.737157 -0
    outer loop
      vertex 33.591 0.954594 2.2
      vertex 33.5042 1.03416 0
      vertex 33.591 0.954594 0
    endloop
  endfacet
  facet normal -0.886945 -0.461875 0
    outer loop
      vertex 33.8599 0.570534 0
      vertex 33.8055 0.674999 2.2
      vertex 33.8055 0.674999 0
    endloop
  endfacet
  facet normal -0.886945 -0.461875 0
    outer loop
      vertex 33.8055 0.674999 2.2
      vertex 33.8599 0.570534 0
      vertex 33.8599 0.570534 2.2
    endloop
  endfacet
  facet normal 0.976279 -0.216517 0
    outer loop
      vertex 31.3069 0.234425 2.2
      vertex 31.3324 0.349405 0
      vertex 31.3324 0.349405 2.2
    endloop
  endfacet
  facet normal 0.976279 -0.216517 0
    outer loop
      vertex 31.3324 0.349405 0
      vertex 31.3069 0.234425 2.2
      vertex 31.3069 0.234425 0
    endloop
  endfacet
  facet normal -0.461687 -0.887043 0
    outer loop
      vertex 33.2069 1.22352 0
      vertex 33.3114 1.16913 2.2
      vertex 33.2069 1.22352 2.2
    endloop
  endfacet
  facet normal -0.461687 -0.887043 -0
    outer loop
      vertex 33.3114 1.16913 2.2
      vertex 33.2069 1.22352 0
      vertex 33.3114 1.16913 0
    endloop
  endfacet
  facet normal 0.953753 -0.30059 0
    outer loop
      vertex 31.3324 0.349405 2.2
      vertex 31.3678 0.461727 0
      vertex 31.3678 0.461727 2.2
    endloop
  endfacet
  facet normal 0.953753 -0.30059 0
    outer loop
      vertex 31.3678 0.461727 0
      vertex 31.3324 0.349405 2.2
      vertex 31.3324 0.349405 0
    endloop
  endfacet
  facet normal 0.793337 -0.608783 0
    outer loop
      vertex 31.5305 0.774327 2.2
      vertex 31.6022 0.867763 0
      vertex 31.6022 0.867763 2.2
    endloop
  endfacet
  facet normal 0.793337 -0.608783 0
    outer loop
      vertex 31.6022 0.867763 0
      vertex 31.5305 0.774327 2.2
      vertex 31.5305 0.774327 0
    endloop
  endfacet
  facet normal 0.382637 0.923899 -0
    outer loop
      vertex 32.1747 -1.26858 0
      vertex 32.0659 -1.22352 2.2
      vertex 32.1747 -1.26858 2.2
    endloop
  endfacet
  facet normal 0.382637 0.923899 0
    outer loop
      vertex 32.0659 -1.22352 2.2
      vertex 32.1747 -1.26858 0
      vertex 32.0659 -1.22352 0
    endloop
  endfacet
  facet normal -0.0436288 0.999048 0
    outer loop
      vertex 32.7541 -1.34486 0
      vertex 32.6364 -1.35 2.2
      vertex 32.7541 -1.34486 2.2
    endloop
  endfacet
  facet normal -0.0436288 0.999048 0
    outer loop
      vertex 32.6364 -1.35 2.2
      vertex 32.7541 -1.34486 0
      vertex 32.6364 -1.35 0
    endloop
  endfacet
  facet normal -0.953753 -0.30059 0
    outer loop
      vertex 33.9404 0.349405 0
      vertex 33.905 0.461727 2.2
      vertex 33.905 0.461727 0
    endloop
  endfacet
  facet normal -0.953753 -0.30059 0
    outer loop
      vertex 33.905 0.461727 2.2
      vertex 33.9404 0.349405 0
      vertex 33.9404 0.349405 2.2
    endloop
  endfacet
  facet normal -0.130578 -0.991438 0
    outer loop
      vertex 32.7541 1.34486 0
      vertex 32.8708 1.32949 2.2
      vertex 32.7541 1.34486 2.2
    endloop
  endfacet
  facet normal -0.130578 -0.991438 -0
    outer loop
      vertex 32.8708 1.32949 2.2
      vertex 32.7541 1.34486 0
      vertex 32.8708 1.32949 0
    endloop
  endfacet
  facet normal 0.999062 0.0433046 0
    outer loop
      vertex 31.2915 -0.11766 2.2
      vertex 31.2864 0 0
      vertex 31.2864 0 2.2
    endloop
  endfacet
  facet normal 0.999062 0.0433046 0
    outer loop
      vertex 31.2864 0 0
      vertex 31.2915 -0.11766 2.2
      vertex 31.2915 -0.11766 0
    endloop
  endfacet
  facet normal -0.537414 -0.843319 0
    outer loop
      vertex 33.3114 1.16913 0
      vertex 33.4107 1.10585 2.2
      vertex 33.3114 1.16913 2.2
    endloop
  endfacet
  facet normal -0.537414 -0.843319 -0
    outer loop
      vertex 33.4107 1.10585 2.2
      vertex 33.3114 1.16913 0
      vertex 33.4107 1.10585 0
    endloop
  endfacet
  facet normal -0.793337 0.608783 0
    outer loop
      vertex 33.6706 -0.867763 0
      vertex 33.7423 -0.774327 2.2
      vertex 33.7423 -0.774327 0
    endloop
  endfacet
  facet normal -0.793337 0.608783 0
    outer loop
      vertex 33.7423 -0.774327 2.2
      vertex 33.6706 -0.867763 0
      vertex 33.6706 -0.867763 2.2
    endloop
  endfacet
  facet normal 0.843695 0.536823 0
    outer loop
      vertex 31.5305 -0.774327 2.2
      vertex 31.4673 -0.674999 0
      vertex 31.4673 -0.674999 2.2
    endloop
  endfacet
  facet normal 0.843695 0.536823 0
    outer loop
      vertex 31.4673 -0.674999 0
      vertex 31.5305 -0.774327 2.2
      vertex 31.5305 -0.774327 0
    endloop
  endfacet
  facet normal -0.2164 -0.976305 0
    outer loop
      vertex 32.8708 1.32949 0
      vertex 32.9858 1.304 2.2
      vertex 32.8708 1.32949 2.2
    endloop
  endfacet
  facet normal -0.2164 -0.976305 -0
    outer loop
      vertex 32.9858 1.304 2.2
      vertex 32.8708 1.32949 0
      vertex 32.9858 1.304 0
    endloop
  endfacet
  facet normal 0.999062 -0.0433046 0
    outer loop
      vertex 31.2864 0 2.2
      vertex 31.2915 0.11766 0
      vertex 31.2915 0.11766 2.2
    endloop
  endfacet
  facet normal 0.999062 -0.0433046 0
    outer loop
      vertex 31.2915 0.11766 0
      vertex 31.2864 0 2.2
      vertex 31.2864 0 0
    endloop
  endfacet
  facet normal 0.382637 -0.923899 0
    outer loop
      vertex 32.0659 1.22352 0
      vertex 32.1747 1.26858 2.2
      vertex 32.0659 1.22352 2.2
    endloop
  endfacet
  facet normal 0.382637 -0.923899 0
    outer loop
      vertex 32.1747 1.26858 2.2
      vertex 32.0659 1.22352 0
      vertex 32.1747 1.26858 0
    endloop
  endfacet
  facet normal -0.300798 0.953688 0
    outer loop
      vertex 33.0981 -1.26858 0
      vertex 32.9858 -1.304 2.2
      vertex 33.0981 -1.26858 2.2
    endloop
  endfacet
  facet normal -0.300798 0.953688 0
    outer loop
      vertex 32.9858 -1.304 2.2
      vertex 33.0981 -1.26858 0
      vertex 32.9858 -1.304 0
    endloop
  endfacet
  facet normal -0.608467 -0.793579 0
    outer loop
      vertex 33.4107 1.10585 0
      vertex 33.5042 1.03416 2.2
      vertex 33.4107 1.10585 2.2
    endloop
  endfacet
  facet normal -0.608467 -0.793579 -0
    outer loop
      vertex 33.5042 1.03416 2.2
      vertex 33.4107 1.10585 0
      vertex 33.5042 1.03416 0
    endloop
  endfacet
  facet normal 0.886945 -0.461875 0
    outer loop
      vertex 31.4129 0.570534 2.2
      vertex 31.4673 0.674999 0
      vertex 31.4673 0.674999 2.2
    endloop
  endfacet
  facet normal 0.886945 -0.461875 0
    outer loop
      vertex 31.4673 0.674999 0
      vertex 31.4129 0.570534 2.2
      vertex 31.4129 0.570534 0
    endloop
  endfacet
  facet normal 0.537414 -0.843319 0
    outer loop
      vertex 31.8621 1.10585 0
      vertex 31.9614 1.16913 2.2
      vertex 31.8621 1.10585 2.2
    endloop
  endfacet
  facet normal 0.537414 -0.843319 0
    outer loop
      vertex 31.9614 1.16913 2.2
      vertex 31.8621 1.10585 0
      vertex 31.9614 1.16913 0
    endloop
  endfacet
  facet normal -0.953753 0.30059 0
    outer loop
      vertex 33.905 -0.461727 0
      vertex 33.9404 -0.349405 2.2
      vertex 33.9404 -0.349405 0
    endloop
  endfacet
  facet normal -0.953753 0.30059 0
    outer loop
      vertex 33.9404 -0.349405 2.2
      vertex 33.905 -0.461727 0
      vertex 33.905 -0.461727 2.2
    endloop
  endfacet
  facet normal 0.300798 -0.953688 0
    outer loop
      vertex 32.1747 1.26858 0
      vertex 32.287 1.304 2.2
      vertex 32.1747 1.26858 2.2
    endloop
  endfacet
  facet normal 0.300798 -0.953688 0
    outer loop
      vertex 32.287 1.304 2.2
      vertex 32.1747 1.26858 0
      vertex 32.287 1.304 0
    endloop
  endfacet
  facet normal -0.923787 0.382906 0
    outer loop
      vertex 33.8599 -0.570534 0
      vertex 33.905 -0.461727 2.2
      vertex 33.905 -0.461727 0
    endloop
  endfacet
  facet normal -0.923787 0.382906 0
    outer loop
      vertex 33.905 -0.461727 2.2
      vertex 33.8599 -0.570534 0
      vertex 33.8599 -0.570534 2.2
    endloop
  endfacet
  facet normal -0.300798 -0.953688 0
    outer loop
      vertex 32.9858 1.304 0
      vertex 33.0981 1.26858 2.2
      vertex 32.9858 1.304 2.2
    endloop
  endfacet
  facet normal -0.300798 -0.953688 -0
    outer loop
      vertex 33.0981 1.26858 2.2
      vertex 32.9858 1.304 0
      vertex 33.0981 1.26858 0
    endloop
  endfacet
  facet normal -0.2164 0.976305 0
    outer loop
      vertex 32.9858 -1.304 0
      vertex 32.8708 -1.32949 2.2
      vertex 32.9858 -1.304 2.2
    endloop
  endfacet
  facet normal -0.2164 0.976305 0
    outer loop
      vertex 32.8708 -1.32949 2.2
      vertex 32.9858 -1.304 0
      vertex 32.8708 -1.32949 0
    endloop
  endfacet
  facet normal -0.793337 -0.608783 0
    outer loop
      vertex 33.7423 0.774327 0
      vertex 33.6706 0.867763 2.2
      vertex 33.6706 0.867763 0
    endloop
  endfacet
  facet normal -0.793337 -0.608783 0
    outer loop
      vertex 33.6706 0.867763 2.2
      vertex 33.7423 0.774327 0
      vertex 33.7423 0.774327 2.2
    endloop
  endfacet
  facet normal 0.737133 -0.675747 0
    outer loop
      vertex 31.6022 0.867763 2.2
      vertex 31.6818 0.954594 0
      vertex 31.6818 0.954594 2.2
    endloop
  endfacet
  facet normal 0.737133 -0.675747 0
    outer loop
      vertex 31.6818 0.954594 0
      vertex 31.6022 0.867763 2.2
      vertex 31.6022 0.867763 0
    endloop
  endfacet
  facet normal 0.991415 -0.130757 0
    outer loop
      vertex 31.2915 0.11766 2.2
      vertex 31.3069 0.234425 0
      vertex 31.3069 0.234425 2.2
    endloop
  endfacet
  facet normal 0.991415 -0.130757 0
    outer loop
      vertex 31.3069 0.234425 0
      vertex 31.2915 0.11766 2.2
      vertex 31.2915 0.11766 0
    endloop
  endfacet
  facet normal 0.0436288 -0.999048 0
    outer loop
      vertex 32.5187 1.34486 0
      vertex 32.6364 1.35 2.2
      vertex 32.5187 1.34486 2.2
    endloop
  endfacet
  facet normal 0.0436288 -0.999048 0
    outer loop
      vertex 32.6364 1.35 2.2
      vertex 32.5187 1.34486 0
      vertex 32.6364 1.35 0
    endloop
  endfacet
  facet normal 0.886945 0.461875 0
    outer loop
      vertex 31.4673 -0.674999 2.2
      vertex 31.4129 -0.570534 0
      vertex 31.4129 -0.570534 2.2
    endloop
  endfacet
  facet normal 0.886945 0.461875 0
    outer loop
      vertex 31.4129 -0.570534 0
      vertex 31.4673 -0.674999 2.2
      vertex 31.4673 -0.674999 0
    endloop
  endfacet
  facet normal 0.793337 0.608783 0
    outer loop
      vertex 31.6022 -0.867763 2.2
      vertex 31.5305 -0.774327 0
      vertex 31.5305 -0.774327 2.2
    endloop
  endfacet
  facet normal 0.793337 0.608783 0
    outer loop
      vertex 31.5305 -0.774327 0
      vertex 31.6022 -0.867763 2.2
      vertex 31.6022 -0.867763 0
    endloop
  endfacet
  facet normal -0.976279 0.216517 0
    outer loop
      vertex 33.9404 -0.349405 0
      vertex 33.9659 -0.234425 2.2
      vertex 33.9659 -0.234425 0
    endloop
  endfacet
  facet normal -0.976279 0.216517 0
    outer loop
      vertex 33.9659 -0.234425 2.2
      vertex 33.9404 -0.349405 0
      vertex 33.9404 -0.349405 2.2
    endloop
  endfacet
  facet normal 0.130578 -0.991438 0
    outer loop
      vertex 32.402 1.32949 0
      vertex 32.5187 1.34486 2.2
      vertex 32.402 1.32949 2.2
    endloop
  endfacet
  facet normal 0.130578 -0.991438 0
    outer loop
      vertex 32.5187 1.34486 2.2
      vertex 32.402 1.32949 0
      vertex 32.5187 1.34486 0
    endloop
  endfacet
  facet normal -0.382637 0.923899 0
    outer loop
      vertex 33.2069 -1.22352 0
      vertex 33.0981 -1.26858 2.2
      vertex 33.2069 -1.22352 2.2
    endloop
  endfacet
  facet normal -0.382637 0.923899 0
    outer loop
      vertex 33.0981 -1.26858 2.2
      vertex 33.2069 -1.22352 0
      vertex 33.0981 -1.26858 0
    endloop
  endfacet
  facet normal 0.976279 0.216517 0
    outer loop
      vertex 31.3324 -0.349405 2.2
      vertex 31.3069 -0.234425 0
      vertex 31.3069 -0.234425 2.2
    endloop
  endfacet
  facet normal 0.976279 0.216517 0
    outer loop
      vertex 31.3069 -0.234425 0
      vertex 31.3324 -0.349405 2.2
      vertex 31.3324 -0.349405 0
    endloop
  endfacet
  facet normal -0.886945 0.461875 0
    outer loop
      vertex 33.8055 -0.674999 0
      vertex 33.8599 -0.570534 2.2
      vertex 33.8599 -0.570534 0
    endloop
  endfacet
  facet normal -0.886945 0.461875 0
    outer loop
      vertex 33.8599 -0.570534 2.2
      vertex 33.8055 -0.674999 0
      vertex 33.8055 -0.674999 2.2
    endloop
  endfacet
  facet normal 0.675722 0.737157 -0
    outer loop
      vertex 31.7686 -1.03416 0
      vertex 31.6818 -0.954594 2.2
      vertex 31.7686 -1.03416 2.2
    endloop
  endfacet
  facet normal 0.675722 0.737157 0
    outer loop
      vertex 31.6818 -0.954594 2.2
      vertex 31.7686 -1.03416 0
      vertex 31.6818 -0.954594 0
    endloop
  endfacet
  facet normal 0.737133 0.675747 0
    outer loop
      vertex 31.6818 -0.954594 2.2
      vertex 31.6022 -0.867763 0
      vertex 31.6022 -0.867763 2.2
    endloop
  endfacet
  facet normal 0.737133 0.675747 0
    outer loop
      vertex 31.6022 -0.867763 0
      vertex 31.6818 -0.954594 2.2
      vertex 31.6818 -0.954594 0
    endloop
  endfacet
  facet normal 0.675722 -0.737157 0
    outer loop
      vertex 31.6818 0.954594 0
      vertex 31.7686 1.03416 2.2
      vertex 31.6818 0.954594 2.2
    endloop
  endfacet
  facet normal 0.675722 -0.737157 0
    outer loop
      vertex 31.7686 1.03416 2.2
      vertex 31.6818 0.954594 0
      vertex 31.7686 1.03416 0
    endloop
  endfacet
  facet normal -0.608467 0.793579 0
    outer loop
      vertex 33.5042 -1.03416 0
      vertex 33.4107 -1.10585 2.2
      vertex 33.5042 -1.03416 2.2
    endloop
  endfacet
  facet normal -0.608467 0.793579 0
    outer loop
      vertex 33.4107 -1.10585 2.2
      vertex 33.5042 -1.03416 0
      vertex 33.4107 -1.10585 0
    endloop
  endfacet
  facet normal 0.130578 0.991438 -0
    outer loop
      vertex 32.5187 -1.34486 0
      vertex 32.402 -1.32949 2.2
      vertex 32.5187 -1.34486 2.2
    endloop
  endfacet
  facet normal 0.130578 0.991438 0
    outer loop
      vertex 32.402 -1.32949 2.2
      vertex 32.5187 -1.34486 0
      vertex 32.402 -1.32949 0
    endloop
  endfacet
  facet normal -0.675722 0.737157 0
    outer loop
      vertex 33.591 -0.954594 0
      vertex 33.5042 -1.03416 2.2
      vertex 33.591 -0.954594 2.2
    endloop
  endfacet
  facet normal -0.675722 0.737157 0
    outer loop
      vertex 33.5042 -1.03416 2.2
      vertex 33.591 -0.954594 0
      vertex 33.5042 -1.03416 0
    endloop
  endfacet
  facet normal -0.737133 -0.675747 0
    outer loop
      vertex 33.6706 0.867763 0
      vertex 33.591 0.954594 2.2
      vertex 33.591 0.954594 0
    endloop
  endfacet
  facet normal -0.737133 -0.675747 0
    outer loop
      vertex 33.591 0.954594 2.2
      vertex 33.6706 0.867763 0
      vertex 33.6706 0.867763 2.2
    endloop
  endfacet
  facet normal -0.537414 0.843319 0
    outer loop
      vertex 33.4107 -1.10585 0
      vertex 33.3114 -1.16913 2.2
      vertex 33.4107 -1.10585 2.2
    endloop
  endfacet
  facet normal -0.537414 0.843319 0
    outer loop
      vertex 33.3114 -1.16913 2.2
      vertex 33.4107 -1.10585 0
      vertex 33.3114 -1.16913 0
    endloop
  endfacet
  facet normal 0.608467 -0.793579 0
    outer loop
      vertex 31.7686 1.03416 0
      vertex 31.8621 1.10585 2.2
      vertex 31.7686 1.03416 2.2
    endloop
  endfacet
  facet normal 0.608467 -0.793579 0
    outer loop
      vertex 31.8621 1.10585 2.2
      vertex 31.7686 1.03416 0
      vertex 31.8621 1.10585 0
    endloop
  endfacet
  facet normal 0.843695 -0.536823 0
    outer loop
      vertex 31.4673 0.674999 2.2
      vertex 31.5305 0.774327 0
      vertex 31.5305 0.774327 2.2
    endloop
  endfacet
  facet normal 0.843695 -0.536823 0
    outer loop
      vertex 31.5305 0.774327 0
      vertex 31.4673 0.674999 2.2
      vertex 31.4673 0.674999 0
    endloop
  endfacet
  facet normal 0.537414 0.843319 -0
    outer loop
      vertex 31.9614 -1.16913 0
      vertex 31.8621 -1.10585 2.2
      vertex 31.9614 -1.16913 2.2
    endloop
  endfacet
  facet normal 0.537414 0.843319 0
    outer loop
      vertex 31.8621 -1.10585 2.2
      vertex 31.9614 -1.16913 0
      vertex 31.8621 -1.10585 0
    endloop
  endfacet
  facet normal -0.88697 -0.461827 0
    outer loop
      vertex 18.9689 10.25 0
      vertex 18.8279 10.5208 2.2
      vertex 18.8279 10.5208 0
    endloop
  endfacet
  facet normal -0.88697 -0.461827 0
    outer loop
      vertex 18.8279 10.5208 2.2
      vertex 18.9689 10.25 0
      vertex 18.9689 10.25 2.2
    endloop
  endfacet
  facet normal -0.537333 -0.84337 0
    outer loop
      vertex 19.9925 9.13297 0
      vertex 20.25 8.96891 2.2
      vertex 19.9925 9.13297 2.2
    endloop
  endfacet
  facet normal -0.537333 -0.84337 -0
    outer loop
      vertex 20.25 8.96891 2.2
      vertex 19.9925 9.13297 0
      vertex 20.25 8.96891 0
    endloop
  endfacet
  facet normal -0.608507 0.793548 0
    outer loop
      vertex 19.9925 14.867 0
      vertex 19.7502 14.6812 2.2
      vertex 19.9925 14.867 2.2
    endloop
  endfacet
  facet normal -0.608507 0.793548 0
    outer loop
      vertex 19.7502 14.6812 2.2
      vertex 19.9925 14.867 0
      vertex 19.7502 14.6812 0
    endloop
  endfacet
  facet normal -0.737222 0.67565 0
    outer loop
      vertex 19.3188 14.2498 0
      vertex 19.5251 14.4749 2.2
      vertex 19.5251 14.4749 0
    endloop
  endfacet
  facet normal -0.737222 0.67565 0
    outer loop
      vertex 19.5251 14.4749 2.2
      vertex 19.3188 14.2498 0
      vertex 19.3188 14.2498 2.2
    endloop
  endfacet
  facet normal 0.675633 -0.737238 0
    outer loop
      vertex 34.8862 9.31884 0
      vertex 35.1113 9.52513 2.2
      vertex 34.8862 9.31884 2.2
    endloop
  endfacet
  facet normal 0.675633 -0.737238 0
    outer loop
      vertex 35.1113 9.52513 2.2
      vertex 34.8862 9.31884 0
      vertex 35.1113 9.52513 0
    endloop
  endfacet
  facet normal -0.843311 0.537426 0
    outer loop
      vertex 18.9689 13.75 0
      vertex 19.133 14.0075 2.2
      vertex 19.133 14.0075 0
    endloop
  endfacet
  facet normal -0.843311 0.537426 0
    outer loop
      vertex 19.133 14.0075 2.2
      vertex 18.9689 13.75 0
      vertex 18.9689 13.75 2.2
    endloop
  endfacet
  facet normal -0.976287 -0.21648 0
    outer loop
      vertex 18.6193 11.0941 0
      vertex 18.5532 11.3922 2.2
      vertex 18.5532 11.3922 0
    endloop
  endfacet
  facet normal -0.976287 -0.21648 0
    outer loop
      vertex 18.5532 11.3922 2.2
      vertex 18.6193 11.0941 0
      vertex 18.6193 11.0941 2.2
    endloop
  endfacet
  facet normal 0 1 -0
    outer loop
      vertex 32.6364 15.5 0
      vertex 22 15.5 2.2
      vertex 32.6364 15.5 2.2
    endloop
  endfacet
  facet normal 0 1 0
    outer loop
      vertex 22 15.5 2.2
      vertex 32.6364 15.5 0
      vertex 22 15.5 0
    endloop
  endfacet
  facet normal -0.300721 -0.953712 0
    outer loop
      vertex 20.8029 8.71108 0
      vertex 21.0941 8.61926 2.2
      vertex 20.8029 8.71108 2.2
    endloop
  endfacet
  facet normal -0.300721 -0.953712 -0
    outer loop
      vertex 21.0941 8.61926 2.2
      vertex 20.8029 8.71108 0
      vertex 21.0941 8.61926 0
    endloop
  endfacet
  facet normal 0.923937 -0.382545 0
    outer loop
      vertex 35.8085 10.5208 2.2
      vertex 35.9253 10.8029 0
      vertex 35.9253 10.8029 2.2
    endloop
  endfacet
  facet normal 0.923937 -0.382545 0
    outer loop
      vertex 35.9253 10.8029 0
      vertex 35.8085 10.5208 2.2
      vertex 35.8085 10.5208 0
    endloop
  endfacet
  facet normal 0.300661 0.953731 -0
    outer loop
      vertex 33.8335 15.2889 0
      vertex 33.5423 15.3807 2.2
      vertex 33.8335 15.2889 2.2
    endloop
  endfacet
  facet normal 0.300661 0.953731 0
    outer loop
      vertex 33.5423 15.3807 2.2
      vertex 33.8335 15.2889 0
      vertex 33.5423 15.3807 0
    endloop
  endfacet
  facet normal 0.0435652 0.999051 -0
    outer loop
      vertex 32.9414 15.4867 0
      vertex 32.6364 15.5 2.2
      vertex 32.9414 15.4867 2.2
    endloop
  endfacet
  facet normal 0.0435652 0.999051 0
    outer loop
      vertex 32.6364 15.5 2.2
      vertex 32.9414 15.4867 0
      vertex 32.6364 15.5 0
    endloop
  endfacet
  facet normal 0.608507 0.793548 -0
    outer loop
      vertex 34.8862 14.6812 0
      vertex 34.6439 14.867 2.2
      vertex 34.8862 14.6812 2.2
    endloop
  endfacet
  facet normal 0.608507 0.793548 0
    outer loop
      vertex 34.6439 14.867 2.2
      vertex 34.8862 14.6812 0
      vertex 34.6439 14.867 0
    endloop
  endfacet
  facet normal 0.999051 0.0435652 0
    outer loop
      vertex 36.1364 12 2.2
      vertex 36.1231 12.305 0
      vertex 36.1231 12.305 2.2
    endloop
  endfacet
  facet normal 0.999051 0.0435652 0
    outer loop
      vertex 36.1231 12.305 0
      vertex 36.1364 12 2.2
      vertex 36.1364 12 0
    endloop
  endfacet
  facet normal -0.793548 0.608507 0
    outer loop
      vertex 19.133 14.0075 0
      vertex 19.3188 14.2498 2.2
      vertex 19.3188 14.2498 0
    endloop
  endfacet
  facet normal -0.793548 0.608507 0
    outer loop
      vertex 19.3188 14.2498 2.2
      vertex 19.133 14.0075 0
      vertex 19.133 14.0075 2.2
    endloop
  endfacet
  facet normal 0.737222 0.67565 0
    outer loop
      vertex 35.3176 14.2498 2.2
      vertex 35.1113 14.4749 0
      vertex 35.1113 14.4749 2.2
    endloop
  endfacet
  facet normal 0.737222 0.67565 0
    outer loop
      vertex 35.1113 14.4749 0
      vertex 35.3176 14.2498 2.2
      vertex 35.3176 14.2498 0
    endloop
  endfacet
  facet normal 0.953731 0.300661 0
    outer loop
      vertex 36.0171 12.9059 2.2
      vertex 35.9253 13.1971 0
      vertex 35.9253 13.1971 2.2
    endloop
  endfacet
  facet normal 0.953731 0.300661 0
    outer loop
      vertex 35.9253 13.1971 0
      vertex 36.0171 12.9059 2.2
      vertex 36.0171 12.9059 0
    endloop
  endfacet
  facet normal -0.300661 0.953731 0
    outer loop
      vertex 21.0941 15.3807 0
      vertex 20.8029 15.2889 2.2
      vertex 21.0941 15.3807 2.2
    endloop
  endfacet
  facet normal -0.300661 0.953731 0
    outer loop
      vertex 20.8029 15.2889 2.2
      vertex 21.0941 15.3807 0
      vertex 20.8029 15.2889 0
    endloop
  endfacet
  facet normal -0.99143 0.130641 0
    outer loop
      vertex 18.5133 12.305 0
      vertex 18.5532 12.6078 2.2
      vertex 18.5532 12.6078 0
    endloop
  endfacet
  facet normal -0.99143 0.130641 0
    outer loop
      vertex 18.5532 12.6078 2.2
      vertex 18.5133 12.305 0
      vertex 18.5133 12.305 2.2
    endloop
  endfacet
  facet normal 0.843311 0.537426 0
    outer loop
      vertex 35.6675 13.75 2.2
      vertex 35.5034 14.0075 0
      vertex 35.5034 14.0075 2.2
    endloop
  endfacet
  facet normal 0.843311 0.537426 0
    outer loop
      vertex 35.5034 14.0075 0
      vertex 35.6675 13.75 2.2
      vertex 35.6675 13.75 0
    endloop
  endfacet
  facet normal -0.216448 -0.976294 0
    outer loop
      vertex 21.0941 8.61926 0
      vertex 21.3922 8.55317 2.2
      vertex 21.0941 8.61926 2.2
    endloop
  endfacet
  facet normal -0.216448 -0.976294 -0
    outer loop
      vertex 21.3922 8.55317 2.2
      vertex 21.0941 8.61926 0
      vertex 21.3922 8.55317 0
    endloop
  endfacet
  facet normal 0.608652 -0.793438 0
    outer loop
      vertex 34.6439 9.13297 0
      vertex 34.8862 9.31884 2.2
      vertex 34.6439 9.13297 2.2
    endloop
  endfacet
  facet normal 0.608652 -0.793438 0
    outer loop
      vertex 34.8862 9.31884 2.2
      vertex 34.6439 9.13297 0
      vertex 34.8862 9.31884 0
    endloop
  endfacet
  facet normal 0 0 -1
    outer loop
      vertex 33.9864 12 0
      vertex 36.1364 12 0
      vertex 36.1231 11.695 0
    endloop
  endfacet
  facet normal 0 0 -1
    outer loop
      vertex 33.9813 11.8823 0
      vertex 36.1231 11.695 0
      vertex 36.0832 11.3922 0
    endloop
  endfacet
  facet normal 0 0 -1
    outer loop
      vertex 36.1364 12 0
      vertex 33.9864 12 0
      vertex 36.1231 12.305 0
    endloop
  endfacet
  facet normal 0 0 -1
    outer loop
      vertex 33.9659 11.7656 0
      vertex 36.0832 11.3922 0
      vertex 36.0171 11.0941 0
    endloop
  endfacet
  facet normal 0 0 -1
    outer loop
      vertex 33.9813 12.1177 0
      vertex 36.1231 12.305 0
      vertex 33.9864 12 0
    endloop
  endfacet
  facet normal 0 0 -1
    outer loop
      vertex 33.9404 11.6506 0
      vertex 36.0171 11.0941 0
      vertex 35.9253 10.8029 0
    endloop
  endfacet
  facet normal -0 0 -1
    outer loop
      vertex 36.1231 12.305 0
      vertex 33.9813 12.1177 0
      vertex 36.0832 12.6078 0
    endloop
  endfacet
  facet normal 0 0 -1
    outer loop
      vertex 33.905 11.5383 0
      vertex 35.9253 10.8029 0
      vertex 35.8085 10.5208 0
    endloop
  endfacet
  facet normal 0 0 -1
    outer loop
      vertex 33.9659 12.2344 0
      vertex 36.0832 12.6078 0
      vertex 33.9813 12.1177 0
    endloop
  endfacet
  facet normal 0 0 -1
    outer loop
      vertex 33.8599 11.4295 0
      vertex 35.8085 10.5208 0
      vertex 35.6675 10.25 0
    endloop
  endfacet
  facet normal -0 0 -1
    outer loop
      vertex 36.0832 12.6078 0
      vertex 33.9659 12.2344 0
      vertex 36.0171 12.9059 0
    endloop
  endfacet
  facet normal 0 0 -1
    outer loop
      vertex 33.8055 11.325 0
      vertex 35.6675 10.25 0
      vertex 35.5034 9.99248 0
    endloop
  endfacet
  facet normal 0 0 -1
    outer loop
      vertex 33.9404 12.3494 0
      vertex 36.0171 12.9059 0
      vertex 33.9659 12.2344 0
    endloop
  endfacet
  facet normal 0 0 -1
    outer loop
      vertex 33.7423 11.2257 0
      vertex 35.5034 9.99248 0
      vertex 35.3176 9.75024 0
    endloop
  endfacet
  facet normal -0 0 -1
    outer loop
      vertex 36.0171 12.9059 0
      vertex 33.9404 12.3494 0
      vertex 35.9253 13.1971 0
    endloop
  endfacet
  facet normal 0 0 -1
    outer loop
      vertex 33.6706 11.1322 0
      vertex 35.3176 9.75024 0
      vertex 35.1113 9.52513 0
    endloop
  endfacet
  facet normal 0 0 -1
    outer loop
      vertex 33.905 12.4617 0
      vertex 35.9253 13.1971 0
      vertex 33.9404 12.3494 0
    endloop
  endfacet
  facet normal 0 0 -1
    outer loop
      vertex 33.591 11.0454 0
      vertex 35.1113 9.52513 0
      vertex 34.8862 9.31884 0
    endloop
  endfacet
  facet normal -0 0 -1
    outer loop
      vertex 35.9253 13.1971 0
      vertex 33.905 12.4617 0
      vertex 35.8085 13.4792 0
    endloop
  endfacet
  facet normal 0 0 -1
    outer loop
      vertex 33.5042 10.9658 0
      vertex 34.8862 9.31884 0
      vertex 34.6439 9.13297 0
    endloop
  endfacet
  facet normal 0 0 -1
    outer loop
      vertex 33.8599 12.5705 0
      vertex 35.8085 13.4792 0
      vertex 33.905 12.4617 0
    endloop
  endfacet
  facet normal 0 0 -1
    outer loop
      vertex 33.4107 10.8941 0
      vertex 34.6439 9.13297 0
      vertex 34.3864 8.96891 0
    endloop
  endfacet
  facet normal -0 0 -1
    outer loop
      vertex 35.8085 13.4792 0
      vertex 33.8599 12.5705 0
      vertex 35.6675 13.75 0
    endloop
  endfacet
  facet normal 0 0 -1
    outer loop
      vertex 33.3114 10.8309 0
      vertex 34.3864 8.96891 0
      vertex 34.1156 8.82792 0
    endloop
  endfacet
  facet normal 0 0 -1
    outer loop
      vertex 33.8055 12.675 0
      vertex 35.6675 13.75 0
      vertex 33.8599 12.5705 0
    endloop
  endfacet
  facet normal -0 0 -1
    outer loop
      vertex 35.6675 13.75 0
      vertex 33.8055 12.675 0
      vertex 35.5034 14.0075 0
    endloop
  endfacet
  facet normal 0 0 -1
    outer loop
      vertex 36.1231 11.695 0
      vertex 33.9813 11.8823 0
      vertex 33.9864 12 0
    endloop
  endfacet
  facet normal 0 0 -1
    outer loop
      vertex 36.0832 11.3922 0
      vertex 33.9659 11.7656 0
      vertex 33.9813 11.8823 0
    endloop
  endfacet
  facet normal 0 0 -1
    outer loop
      vertex 36.0171 11.0941 0
      vertex 33.9404 11.6506 0
      vertex 33.9659 11.7656 0
    endloop
  endfacet
  facet normal 0 0 -1
    outer loop
      vertex 35.9253 10.8029 0
      vertex 33.905 11.5383 0
      vertex 33.9404 11.6506 0
    endloop
  endfacet
  facet normal 0 0 -1
    outer loop
      vertex 35.8085 10.5208 0
      vertex 33.8599 11.4295 0
      vertex 33.905 11.5383 0
    endloop
  endfacet
  facet normal 0 0 -1
    outer loop
      vertex 33.2069 10.7765 0
      vertex 34.1156 8.82792 0
      vertex 33.8335 8.71108 0
    endloop
  endfacet
  facet normal 0 0 -1
    outer loop
      vertex 35.6675 10.25 0
      vertex 33.8055 11.325 0
      vertex 33.8599 11.4295 0
    endloop
  endfacet
  facet normal 0 0 -1
    outer loop
      vertex 35.5034 9.99248 0
      vertex 33.7423 11.2257 0
      vertex 33.8055 11.325 0
    endloop
  endfacet
  facet normal 0 0 -1
    outer loop
      vertex 35.3176 9.75024 0
      vertex 33.6706 11.1322 0
      vertex 33.7423 11.2257 0
    endloop
  endfacet
  facet normal 0 0 -1
    outer loop
      vertex 35.1113 9.52513 0
      vertex 33.591 11.0454 0
      vertex 33.6706 11.1322 0
    endloop
  endfacet
  facet normal 0 0 -1
    outer loop
      vertex 33.0981 10.7314 0
      vertex 33.8335 8.71108 0
      vertex 33.5423 8.61926 0
    endloop
  endfacet
  facet normal 0 0 -1
    outer loop
      vertex 34.8862 9.31884 0
      vertex 33.5042 10.9658 0
      vertex 33.591 11.0454 0
    endloop
  endfacet
  facet normal 0 0 -1
    outer loop
      vertex 34.6439 9.13297 0
      vertex 33.4107 10.8941 0
      vertex 33.5042 10.9658 0
    endloop
  endfacet
  facet normal 0 0 -1
    outer loop
      vertex 34.3864 8.96891 0
      vertex 33.3114 10.8309 0
      vertex 33.4107 10.8941 0
    endloop
  endfacet
  facet normal 0 0 -1
    outer loop
      vertex 32.9858 10.696 0
      vertex 33.5423 8.61926 0
      vertex 33.2442 8.55317 0
    endloop
  endfacet
  facet normal 0 0 -1
    outer loop
      vertex 34.1156 8.82792 0
      vertex 33.2069 10.7765 0
      vertex 33.3114 10.8309 0
    endloop
  endfacet
  facet normal 0 0 -1
    outer loop
      vertex 33.8335 8.71108 0
      vertex 33.0981 10.7314 0
      vertex 33.2069 10.7765 0
    endloop
  endfacet
  facet normal 0 0 -1
    outer loop
      vertex 33.5423 8.61926 0
      vertex 32.9858 10.696 0
      vertex 33.0981 10.7314 0
    endloop
  endfacet
  facet normal 0 0 -1
    outer loop
      vertex 32.8708 10.6705 0
      vertex 33.2442 8.55317 0
      vertex 32.9414 8.51332 0
    endloop
  endfacet
  facet normal 0 0 -1
    outer loop
      vertex 33.2442 8.55317 0
      vertex 32.8708 10.6705 0
      vertex 32.9858 10.696 0
    endloop
  endfacet
  facet normal 0 0 -1
    outer loop
      vertex 32.9414 8.51332 0
      vertex 32.7541 10.6551 0
      vertex 32.8708 10.6705 0
    endloop
  endfacet
  facet normal 0 0 -1
    outer loop
      vertex 32.6364 8.5 0
      vertex 32.7541 10.6551 0
      vertex 32.9414 8.51332 0
    endloop
  endfacet
  facet normal 0 0 -1
    outer loop
      vertex 32.6364 8.5 0
      vertex 32.6364 10.65 0
      vertex 32.7541 10.6551 0
    endloop
  endfacet
  facet normal 0 0 -1
    outer loop
      vertex 32.6364 8.5 0
      vertex 32.5187 10.6551 0
      vertex 32.6364 10.65 0
    endloop
  endfacet
  facet normal 0 0 -1
    outer loop
      vertex 32.6364 8.5 0
      vertex 32.402 10.6705 0
      vertex 32.5187 10.6551 0
    endloop
  endfacet
  facet normal 0 0 -1
    outer loop
      vertex 32.6364 8.5 0
      vertex 32.287 10.696 0
      vertex 32.402 10.6705 0
    endloop
  endfacet
  facet normal 0 0 -1
    outer loop
      vertex 32.6364 8.5 0
      vertex 32.1747 10.7314 0
      vertex 32.287 10.696 0
    endloop
  endfacet
  facet normal 0 0 -1
    outer loop
      vertex 32.6364 8.5 0
      vertex 32.0659 10.7765 0
      vertex 32.1747 10.7314 0
    endloop
  endfacet
  facet normal 0 0 -1
    outer loop
      vertex 32.6364 8.5 0
      vertex 31.9614 10.8309 0
      vertex 32.0659 10.7765 0
    endloop
  endfacet
  facet normal 0 0 -1
    outer loop
      vertex 32.6364 8.5 0
      vertex 31.8621 10.8941 0
      vertex 31.9614 10.8309 0
    endloop
  endfacet
  facet normal 0 0 -1
    outer loop
      vertex 32.6364 8.5 0
      vertex 31.7686 10.9658 0
      vertex 31.8621 10.8941 0
    endloop
  endfacet
  facet normal 0 0 -1
    outer loop
      vertex 32.6364 8.5 0
      vertex 31.6818 11.0454 0
      vertex 31.7686 10.9658 0
    endloop
  endfacet
  facet normal 0 0 -1
    outer loop
      vertex 32.6364 8.5 0
      vertex 31.6022 11.1322 0
      vertex 31.6818 11.0454 0
    endloop
  endfacet
  facet normal 0 0 -1
    outer loop
      vertex 32.6364 8.5 0
      vertex 31.5305 11.2257 0
      vertex 31.6022 11.1322 0
    endloop
  endfacet
  facet normal 0 0 -1
    outer loop
      vertex 22 8.5 0
      vertex 31.5305 11.2257 0
      vertex 32.6364 8.5 0
    endloop
  endfacet
  facet normal 0 -0 -1
    outer loop
      vertex 22.983 11.3117 0
      vertex 31.5305 11.2257 0
      vertex 22 8.5 0
    endloop
  endfacet
  facet normal 0 0 -1
    outer loop
      vertex 31.2915 11.8823 0
      vertex 23.2 12 0
      vertex 31.2864 12 0
    endloop
  endfacet
  facet normal 0 0 -1
    outer loop
      vertex 23.1954 11.8954 0
      vertex 31.2915 11.8823 0
      vertex 31.3069 11.7656 0
    endloop
  endfacet
  facet normal 0 0 -1
    outer loop
      vertex 23.1818 11.7916 0
      vertex 31.3069 11.7656 0
      vertex 31.3324 11.6506 0
    endloop
  endfacet
  facet normal 0 0 -1
    outer loop
      vertex 23.1276 11.5896 0
      vertex 31.3324 11.6506 0
      vertex 31.3678 11.5383 0
    endloop
  endfacet
  facet normal 0 0 -1
    outer loop
      vertex 23.0876 11.4929 0
      vertex 31.3678 11.5383 0
      vertex 31.4129 11.4295 0
    endloop
  endfacet
  facet normal 0 0 -1
    outer loop
      vertex 31.5305 11.2257 0
      vertex 22.983 11.3117 0
      vertex 31.4673 11.325 0
    endloop
  endfacet
  facet normal 0 0 -1
    outer loop
      vertex 31.2915 11.8823 0
      vertex 23.1954 11.8954 0
      vertex 23.2 12 0
    endloop
  endfacet
  facet normal 0 0 -1
    outer loop
      vertex 31.3069 11.7656 0
      vertex 23.1818 11.7916 0
      vertex 23.1954 11.8954 0
    endloop
  endfacet
  facet normal 0 0 -1
    outer loop
      vertex 31.3324 11.6506 0
      vertex 23.1591 11.6894 0
      vertex 23.1818 11.7916 0
    endloop
  endfacet
  facet normal -0 0 -1
    outer loop
      vertex 31.3324 11.6506 0
      vertex 23.1276 11.5896 0
      vertex 23.1591 11.6894 0
    endloop
  endfacet
  facet normal -0 0 -1
    outer loop
      vertex 31.3678 11.5383 0
      vertex 23.0876 11.4929 0
      vertex 23.1276 11.5896 0
    endloop
  endfacet
  facet normal -0 0 -1
    outer loop
      vertex 31.4129 11.4295 0
      vertex 23.0392 11.4 0
      vertex 23.0876 11.4929 0
    endloop
  endfacet
  facet normal 0 0 -1
    outer loop
      vertex 31.4673 11.325 0
      vertex 23.0392 11.4 0
      vertex 31.4129 11.4295 0
    endloop
  endfacet
  facet normal 0 -0 -1
    outer loop
      vertex 23.0392 11.4 0
      vertex 31.4673 11.325 0
      vertex 22.983 11.3117 0
    endloop
  endfacet
  facet normal 0 0 -1
    outer loop
      vertex 22.983 11.3117 0
      vertex 22 8.5 0
      vertex 22.9193 11.2287 0
    endloop
  endfacet
  facet normal 0 0 -1
    outer loop
      vertex 22.9193 11.2287 0
      vertex 22 8.5 0
      vertex 22.8485 11.1515 0
    endloop
  endfacet
  facet normal 0 0 -1
    outer loop
      vertex 22.8485 11.1515 0
      vertex 22 8.5 0
      vertex 22.7713 11.0807 0
    endloop
  endfacet
  facet normal 0 0 -1
    outer loop
      vertex 22.7713 11.0807 0
      vertex 22 8.5 0
      vertex 22.6883 11.017 0
    endloop
  endfacet
  facet normal 0 0 -1
    outer loop
      vertex 22.6883 11.017 0
      vertex 22 8.5 0
      vertex 22.6 10.9608 0
    endloop
  endfacet
  facet normal 0 0 -1
    outer loop
      vertex 22.6 10.9608 0
      vertex 22 8.5 0
      vertex 22.5071 10.9124 0
    endloop
  endfacet
  facet normal 0 0 -1
    outer loop
      vertex 22.5071 10.9124 0
      vertex 22 8.5 0
      vertex 22.4104 10.8724 0
    endloop
  endfacet
  facet normal 0 0 -1
    outer loop
      vertex 22.4104 10.8724 0
      vertex 22 8.5 0
      vertex 22.3106 10.8409 0
    endloop
  endfacet
  facet normal 0 0 -1
    outer loop
      vertex 22.3106 10.8409 0
      vertex 22 8.5 0
      vertex 22.2084 10.8182 0
    endloop
  endfacet
  facet normal 0 0 -1
    outer loop
      vertex 22.2084 10.8182 0
      vertex 22 8.5 0
      vertex 22.1046 10.8046 0
    endloop
  endfacet
  facet normal 0 0 -1
    outer loop
      vertex 22 8.5 0
      vertex 22 10.8 0
      vertex 22.1046 10.8046 0
    endloop
  endfacet
  facet normal 0 0 -1
    outer loop
      vertex 22 8.5 0
      vertex 21.8954 10.8046 0
      vertex 22 10.8 0
    endloop
  endfacet
  facet normal 0 0 -1
    outer loop
      vertex 21.695 8.51332 0
      vertex 21.8954 10.8046 0
      vertex 22 8.5 0
    endloop
  endfacet
  facet normal -0 0 -1
    outer loop
      vertex 21.8954 10.8046 0
      vertex 21.695 8.51332 0
      vertex 21.7916 10.8182 0
    endloop
  endfacet
  facet normal 0 0 -1
    outer loop
      vertex 21.3922 8.55317 0
      vertex 21.7916 10.8182 0
      vertex 21.695 8.51332 0
    endloop
  endfacet
  facet normal -0 0 -1
    outer loop
      vertex 21.7916 10.8182 0
      vertex 21.3922 8.55317 0
      vertex 21.6894 10.8409 0
    endloop
  endfacet
  facet normal 0 0 -1
    outer loop
      vertex 21.0941 8.61926 0
      vertex 21.6894 10.8409 0
      vertex 21.3922 8.55317 0
    endloop
  endfacet
  facet normal -0 0 -1
    outer loop
      vertex 21.6894 10.8409 0
      vertex 21.0941 8.61926 0
      vertex 21.5896 10.8724 0
    endloop
  endfacet
  facet normal 0 0 -1
    outer loop
      vertex 20.8029 8.71108 0
      vertex 21.5896 10.8724 0
      vertex 21.0941 8.61926 0
    endloop
  endfacet
  facet normal -0 0 -1
    outer loop
      vertex 21.5896 10.8724 0
      vertex 20.8029 8.71108 0
      vertex 21.4929 10.9124 0
    endloop
  endfacet
  facet normal 0 0 -1
    outer loop
      vertex 20.5208 8.82792 0
      vertex 21.4929 10.9124 0
      vertex 20.8029 8.71108 0
    endloop
  endfacet
  facet normal -0 0 -1
    outer loop
      vertex 21.4929 10.9124 0
      vertex 20.5208 8.82792 0
      vertex 21.4 10.9608 0
    endloop
  endfacet
  facet normal 0 0 -1
    outer loop
      vertex 20.25 8.96891 0
      vertex 21.4 10.9608 0
      vertex 20.5208 8.82792 0
    endloop
  endfacet
  facet normal -0 0 -1
    outer loop
      vertex 21.4 10.9608 0
      vertex 20.25 8.96891 0
      vertex 21.3117 11.017 0
    endloop
  endfacet
  facet normal 0 0 -1
    outer loop
      vertex 19.9925 9.13297 0
      vertex 21.3117 11.017 0
      vertex 20.25 8.96891 0
    endloop
  endfacet
  facet normal -0 0 -1
    outer loop
      vertex 21.3117 11.017 0
      vertex 19.9925 9.13297 0
      vertex 21.2287 11.0807 0
    endloop
  endfacet
  facet normal 0 0 -1
    outer loop
      vertex 19.7502 9.31884 0
      vertex 21.2287 11.0807 0
      vertex 19.9925 9.13297 0
    endloop
  endfacet
  facet normal -0 0 -1
    outer loop
      vertex 21.2287 11.0807 0
      vertex 19.7502 9.31884 0
      vertex 21.1515 11.1515 0
    endloop
  endfacet
  facet normal 0 0 -1
    outer loop
      vertex 19.5251 9.52513 0
      vertex 21.1515 11.1515 0
      vertex 19.7502 9.31884 0
    endloop
  endfacet
  facet normal -0 0 -1
    outer loop
      vertex 21.1515 11.1515 0
      vertex 19.5251 9.52513 0
      vertex 21.0807 11.2287 0
    endloop
  endfacet
  facet normal 0 0 -1
    outer loop
      vertex 19.3188 9.75024 0
      vertex 21.0807 11.2287 0
      vertex 19.5251 9.52513 0
    endloop
  endfacet
  facet normal -0 0 -1
    outer loop
      vertex 21.0807 11.2287 0
      vertex 19.3188 9.75024 0
      vertex 21.017 11.3117 0
    endloop
  endfacet
  facet normal 0 0 -1
    outer loop
      vertex 19.133 9.99248 0
      vertex 21.017 11.3117 0
      vertex 19.3188 9.75024 0
    endloop
  endfacet
  facet normal -0 0 -1
    outer loop
      vertex 21.017 11.3117 0
      vertex 19.133 9.99248 0
      vertex 20.9608 11.4 0
    endloop
  endfacet
  facet normal 0 0 -1
    outer loop
      vertex 33.7423 12.7743 0
      vertex 35.5034 14.0075 0
      vertex 33.8055 12.675 0
    endloop
  endfacet
  facet normal -0 0 -1
    outer loop
      vertex 35.5034 14.0075 0
      vertex 33.7423 12.7743 0
      vertex 35.3176 14.2498 0
    endloop
  endfacet
  facet normal 0 0 -1
    outer loop
      vertex 33.6706 12.8678 0
      vertex 35.3176 14.2498 0
      vertex 33.7423 12.7743 0
    endloop
  endfacet
  facet normal -0 0 -1
    outer loop
      vertex 35.3176 14.2498 0
      vertex 33.6706 12.8678 0
      vertex 35.1113 14.4749 0
    endloop
  endfacet
  facet normal 0 0 -1
    outer loop
      vertex 33.591 12.9546 0
      vertex 35.1113 14.4749 0
      vertex 33.6706 12.8678 0
    endloop
  endfacet
  facet normal -0 0 -1
    outer loop
      vertex 35.1113 14.4749 0
      vertex 33.591 12.9546 0
      vertex 34.8862 14.6812 0
    endloop
  endfacet
  facet normal 0 0 -1
    outer loop
      vertex 33.5042 13.0342 0
      vertex 34.8862 14.6812 0
      vertex 33.591 12.9546 0
    endloop
  endfacet
  facet normal -0 0 -1
    outer loop
      vertex 34.8862 14.6812 0
      vertex 33.5042 13.0342 0
      vertex 34.6439 14.867 0
    endloop
  endfacet
  facet normal 0 0 -1
    outer loop
      vertex 33.4107 13.1059 0
      vertex 34.6439 14.867 0
      vertex 33.5042 13.0342 0
    endloop
  endfacet
  facet normal -0 0 -1
    outer loop
      vertex 34.6439 14.867 0
      vertex 33.4107 13.1059 0
      vertex 34.3864 15.0311 0
    endloop
  endfacet
  facet normal 0 0 -1
    outer loop
      vertex 33.3114 13.1691 0
      vertex 34.3864 15.0311 0
      vertex 33.4107 13.1059 0
    endloop
  endfacet
  facet normal -0 0 -1
    outer loop
      vertex 34.3864 15.0311 0
      vertex 33.3114 13.1691 0
      vertex 34.1156 15.1721 0
    endloop
  endfacet
  facet normal 0 0 -1
    outer loop
      vertex 33.2069 13.2235 0
      vertex 34.1156 15.1721 0
      vertex 33.3114 13.1691 0
    endloop
  endfacet
  facet normal -0 0 -1
    outer loop
      vertex 34.1156 15.1721 0
      vertex 33.2069 13.2235 0
      vertex 33.8335 15.2889 0
    endloop
  endfacet
  facet normal 0 0 -1
    outer loop
      vertex 33.0981 13.2686 0
      vertex 33.8335 15.2889 0
      vertex 33.2069 13.2235 0
    endloop
  endfacet
  facet normal -0 0 -1
    outer loop
      vertex 33.8335 15.2889 0
      vertex 33.0981 13.2686 0
      vertex 33.5423 15.3807 0
    endloop
  endfacet
  facet normal 0 0 -1
    outer loop
      vertex 32.9858 13.304 0
      vertex 33.5423 15.3807 0
      vertex 33.0981 13.2686 0
    endloop
  endfacet
  facet normal -0 0 -1
    outer loop
      vertex 33.5423 15.3807 0
      vertex 32.9858 13.304 0
      vertex 33.2442 15.4468 0
    endloop
  endfacet
  facet normal 0 0 -1
    outer loop
      vertex 32.8708 13.3295 0
      vertex 33.2442 15.4468 0
      vertex 32.9858 13.304 0
    endloop
  endfacet
  facet normal -0 0 -1
    outer loop
      vertex 33.2442 15.4468 0
      vertex 32.8708 13.3295 0
      vertex 32.9414 15.4867 0
    endloop
  endfacet
  facet normal 0 0 -1
    outer loop
      vertex 32.7541 13.3449 0
      vertex 32.9414 15.4867 0
      vertex 32.8708 13.3295 0
    endloop
  endfacet
  facet normal 0 0 -1
    outer loop
      vertex 32.6364 13.35 0
      vertex 32.9414 15.4867 0
      vertex 32.7541 13.3449 0
    endloop
  endfacet
  facet normal 0 0 -1
    outer loop
      vertex 32.6364 13.35 0
      vertex 32.6364 15.5 0
      vertex 32.9414 15.4867 0
    endloop
  endfacet
  facet normal 0 0 -1
    outer loop
      vertex 32.5187 13.3449 0
      vertex 32.6364 15.5 0
      vertex 32.6364 13.35 0
    endloop
  endfacet
  facet normal 0 0 -1
    outer loop
      vertex 32.402 13.3295 0
      vertex 32.6364 15.5 0
      vertex 32.5187 13.3449 0
    endloop
  endfacet
  facet normal 0 0 -1
    outer loop
      vertex 32.287 13.304 0
      vertex 32.6364 15.5 0
      vertex 32.402 13.3295 0
    endloop
  endfacet
  facet normal 0 0 -1
    outer loop
      vertex 32.1747 13.2686 0
      vertex 32.6364 15.5 0
      vertex 32.287 13.304 0
    endloop
  endfacet
  facet normal 0 0 -1
    outer loop
      vertex 32.0659 13.2235 0
      vertex 32.6364 15.5 0
      vertex 32.1747 13.2686 0
    endloop
  endfacet
  facet normal 0 0 -1
    outer loop
      vertex 31.9614 13.1691 0
      vertex 32.6364 15.5 0
      vertex 32.0659 13.2235 0
    endloop
  endfacet
  facet normal 0 0 -1
    outer loop
      vertex 31.8621 13.1059 0
      vertex 32.6364 15.5 0
      vertex 31.9614 13.1691 0
    endloop
  endfacet
  facet normal 0 0 -1
    outer loop
      vertex 31.7686 13.0342 0
      vertex 32.6364 15.5 0
      vertex 31.8621 13.1059 0
    endloop
  endfacet
  facet normal 0 0 -1
    outer loop
      vertex 31.6818 12.9546 0
      vertex 32.6364 15.5 0
      vertex 31.7686 13.0342 0
    endloop
  endfacet
  facet normal 0 0 -1
    outer loop
      vertex 31.6022 12.8678 0
      vertex 32.6364 15.5 0
      vertex 31.6818 12.9546 0
    endloop
  endfacet
  facet normal 0 0 -1
    outer loop
      vertex 31.5305 12.7743 0
      vertex 32.6364 15.5 0
      vertex 31.6022 12.8678 0
    endloop
  endfacet
  facet normal 0 0 -1
    outer loop
      vertex 22.983 12.6883 0
      vertex 31.5305 12.7743 0
      vertex 31.4673 12.675 0
    endloop
  endfacet
  facet normal 0 0 -1
    outer loop
      vertex 23.0392 12.6 0
      vertex 31.4673 12.675 0
      vertex 31.4129 12.5705 0
    endloop
  endfacet
  facet normal 0 0 -1
    outer loop
      vertex 23.2 12 0
      vertex 31.2915 12.1177 0
      vertex 31.2864 12 0
    endloop
  endfacet
  facet normal 0 0 -1
    outer loop
      vertex 23.1954 12.1046 0
      vertex 31.2915 12.1177 0
      vertex 23.2 12 0
    endloop
  endfacet
  facet normal -0 0 -1
    outer loop
      vertex 31.2915 12.1177 0
      vertex 23.1954 12.1046 0
      vertex 31.3069 12.2344 0
    endloop
  endfacet
  facet normal 0 0 -1
    outer loop
      vertex 23.1818 12.2084 0
      vertex 31.3069 12.2344 0
      vertex 23.1954 12.1046 0
    endloop
  endfacet
  facet normal -0 0 -1
    outer loop
      vertex 31.3069 12.2344 0
      vertex 23.1818 12.2084 0
      vertex 31.3324 12.3494 0
    endloop
  endfacet
  facet normal 0 0 -1
    outer loop
      vertex 23.1591 12.3106 0
      vertex 31.3324 12.3494 0
      vertex 23.1818 12.2084 0
    endloop
  endfacet
  facet normal 0 0 -1
    outer loop
      vertex 23.1276 12.4104 0
      vertex 31.3324 12.3494 0
      vertex 23.1591 12.3106 0
    endloop
  endfacet
  facet normal 0 0 -1
    outer loop
      vertex 31.3324 12.3494 0
      vertex 23.1276 12.4104 0
      vertex 31.3678 12.4617 0
    endloop
  endfacet
  facet normal 0 0 -1
    outer loop
      vertex 23.0876 12.5071 0
      vertex 31.3678 12.4617 0
      vertex 23.1276 12.4104 0
    endloop
  endfacet
  facet normal 0 0 -1
    outer loop
      vertex 31.3678 12.4617 0
      vertex 23.0876 12.5071 0
      vertex 31.4129 12.5705 0
    endloop
  endfacet
  facet normal 0 0 -1
    outer loop
      vertex 23.0392 12.6 0
      vertex 31.4129 12.5705 0
      vertex 23.0876 12.5071 0
    endloop
  endfacet
  facet normal -0 0 -1
    outer loop
      vertex 31.4673 12.675 0
      vertex 23.0392 12.6 0
      vertex 22.983 12.6883 0
    endloop
  endfacet
  facet normal -0 0 -1
    outer loop
      vertex 31.5305 12.7743 0
      vertex 22.983 12.6883 0
      vertex 22 15.5 0
    endloop
  endfacet
  facet normal 0 0 -1
    outer loop
      vertex 22 15.5 0
      vertex 22.983 12.6883 0
      vertex 22.9193 12.7713 0
    endloop
  endfacet
  facet normal 0 0 -1
    outer loop
      vertex 22 15.5 0
      vertex 22.9193 12.7713 0
      vertex 22.8485 12.8485 0
    endloop
  endfacet
  facet normal 0 0 -1
    outer loop
      vertex 22 15.5 0
      vertex 22.8485 12.8485 0
      vertex 22.7713 12.9193 0
    endloop
  endfacet
  facet normal 0 0 -1
    outer loop
      vertex 22 15.5 0
      vertex 22.7713 12.9193 0
      vertex 22.6883 12.983 0
    endloop
  endfacet
  facet normal 0 0 -1
    outer loop
      vertex 22 15.5 0
      vertex 22.6883 12.983 0
      vertex 22.6 13.0392 0
    endloop
  endfacet
  facet normal 0 0 -1
    outer loop
      vertex 22 15.5 0
      vertex 22.6 13.0392 0
      vertex 22.5071 13.0876 0
    endloop
  endfacet
  facet normal 0 0 -1
    outer loop
      vertex 22 15.5 0
      vertex 22.5071 13.0876 0
      vertex 22.4104 13.1276 0
    endloop
  endfacet
  facet normal 0 0 -1
    outer loop
      vertex 22 15.5 0
      vertex 22.4104 13.1276 0
      vertex 22.3106 13.1591 0
    endloop
  endfacet
  facet normal 0 0 -1
    outer loop
      vertex 22 15.5 0
      vertex 22.3106 13.1591 0
      vertex 22.2084 13.1818 0
    endloop
  endfacet
  facet normal 0 0 -1
    outer loop
      vertex 22 15.5 0
      vertex 22.2084 13.1818 0
      vertex 22.1046 13.1954 0
    endloop
  endfacet
  facet normal 0 0 -1
    outer loop
      vertex 22 15.5 0
      vertex 22.1046 13.1954 0
      vertex 22 13.2 0
    endloop
  endfacet
  facet normal 0 0 -1
    outer loop
      vertex 31.5305 12.7743 0
      vertex 22 15.5 0
      vertex 32.6364 15.5 0
    endloop
  endfacet
  facet normal 0 0 -1
    outer loop
      vertex 21.8954 13.1954 0
      vertex 22 15.5 0
      vertex 22 13.2 0
    endloop
  endfacet
  facet normal 0 0 -1
    outer loop
      vertex 21.695 15.4867 0
      vertex 21.8954 13.1954 0
      vertex 21.7916 13.1818 0
    endloop
  endfacet
  facet normal 0 0 -1
    outer loop
      vertex 21.8954 13.1954 0
      vertex 21.695 15.4867 0
      vertex 22 15.5 0
    endloop
  endfacet
  facet normal 0 0 -1
    outer loop
      vertex 21.3922 15.4468 0
      vertex 21.7916 13.1818 0
      vertex 21.6894 13.1591 0
    endloop
  endfacet
  facet normal 0 0 -1
    outer loop
      vertex 21.0941 15.3807 0
      vertex 21.6894 13.1591 0
      vertex 21.5896 13.1276 0
    endloop
  endfacet
  facet normal 0 0 -1
    outer loop
      vertex 20.8029 15.2889 0
      vertex 21.5896 13.1276 0
      vertex 21.4929 13.0876 0
    endloop
  endfacet
  facet normal 0 0 -1
    outer loop
      vertex 20.5208 15.1721 0
      vertex 21.4929 13.0876 0
      vertex 21.4 13.0392 0
    endloop
  endfacet
  facet normal 0 0 -1
    outer loop
      vertex 21.7916 13.1818 0
      vertex 21.3922 15.4468 0
      vertex 21.695 15.4867 0
    endloop
  endfacet
  facet normal 0 0 -1
    outer loop
      vertex 20.25 15.0311 0
      vertex 21.4 13.0392 0
      vertex 21.3117 12.983 0
    endloop
  endfacet
  facet normal 0 0 -1
    outer loop
      vertex 19.9925 14.867 0
      vertex 21.3117 12.983 0
      vertex 21.2287 12.9193 0
    endloop
  endfacet
  facet normal 0 0 -1
    outer loop
      vertex 19.7502 14.6812 0
      vertex 21.2287 12.9193 0
      vertex 21.1515 12.8485 0
    endloop
  endfacet
  facet normal 0 0 -1
    outer loop
      vertex 21.6894 13.1591 0
      vertex 21.0941 15.3807 0
      vertex 21.3922 15.4468 0
    endloop
  endfacet
  facet normal 0 0 -1
    outer loop
      vertex 19.5251 14.4749 0
      vertex 21.1515 12.8485 0
      vertex 21.0807 12.7713 0
    endloop
  endfacet
  facet normal 0 0 -1
    outer loop
      vertex 19.3188 14.2498 0
      vertex 21.0807 12.7713 0
      vertex 21.017 12.6883 0
    endloop
  endfacet
  facet normal 0 0 -1
    outer loop
      vertex 19.133 14.0075 0
      vertex 21.017 12.6883 0
      vertex 20.9608 12.6 0
    endloop
  endfacet
  facet normal 0 0 -1
    outer loop
      vertex 18.9689 13.75 0
      vertex 20.9608 12.6 0
      vertex 20.9124 12.5071 0
    endloop
  endfacet
  facet normal 0 0 -1
    outer loop
      vertex 18.8279 13.4792 0
      vertex 20.9124 12.5071 0
      vertex 20.8724 12.4104 0
    endloop
  endfacet
  facet normal 0 0 -1
    outer loop
      vertex 18.7111 13.1971 0
      vertex 20.8724 12.4104 0
      vertex 20.8409 12.3106 0
    endloop
  endfacet
  facet normal 0 0 -1
    outer loop
      vertex 18.6193 12.9059 0
      vertex 20.8409 12.3106 0
      vertex 20.8182 12.2084 0
    endloop
  endfacet
  facet normal 0 0 -1
    outer loop
      vertex 18.5532 12.6078 0
      vertex 20.8182 12.2084 0
      vertex 20.8046 12.1046 0
    endloop
  endfacet
  facet normal 0 0 -1
    outer loop
      vertex 21.5896 13.1276 0
      vertex 20.8029 15.2889 0
      vertex 21.0941 15.3807 0
    endloop
  endfacet
  facet normal 0 0 -1
    outer loop
      vertex 18.5133 12.305 0
      vertex 20.8046 12.1046 0
      vertex 20.8 12 0
    endloop
  endfacet
  facet normal 0 0 -1
    outer loop
      vertex 18.9689 10.25 0
      vertex 20.9608 11.4 0
      vertex 19.133 9.99248 0
    endloop
  endfacet
  facet normal 0 0 -1
    outer loop
      vertex 21.4929 13.0876 0
      vertex 20.5208 15.1721 0
      vertex 20.8029 15.2889 0
    endloop
  endfacet
  facet normal -0 0 -1
    outer loop
      vertex 20.9608 11.4 0
      vertex 18.9689 10.25 0
      vertex 20.9124 11.4929 0
    endloop
  endfacet
  facet normal 0 0 -1
    outer loop
      vertex 21.4 13.0392 0
      vertex 20.25 15.0311 0
      vertex 20.5208 15.1721 0
    endloop
  endfacet
  facet normal 0 0 -1
    outer loop
      vertex 18.8279 10.5208 0
      vertex 20.9124 11.4929 0
      vertex 18.9689 10.25 0
    endloop
  endfacet
  facet normal 0 0 -1
    outer loop
      vertex 21.3117 12.983 0
      vertex 19.9925 14.867 0
      vertex 20.25 15.0311 0
    endloop
  endfacet
  facet normal -0 0 -1
    outer loop
      vertex 20.9124 11.4929 0
      vertex 18.8279 10.5208 0
      vertex 20.8724 11.5896 0
    endloop
  endfacet
  facet normal 0 0 -1
    outer loop
      vertex 21.2287 12.9193 0
      vertex 19.7502 14.6812 0
      vertex 19.9925 14.867 0
    endloop
  endfacet
  facet normal 0 0 -1
    outer loop
      vertex 18.7111 10.8029 0
      vertex 20.8724 11.5896 0
      vertex 18.8279 10.5208 0
    endloop
  endfacet
  facet normal 0 0 -1
    outer loop
      vertex 21.1515 12.8485 0
      vertex 19.5251 14.4749 0
      vertex 19.7502 14.6812 0
    endloop
  endfacet
  facet normal -0 0 -1
    outer loop
      vertex 20.8724 11.5896 0
      vertex 18.7111 10.8029 0
      vertex 20.8409 11.6894 0
    endloop
  endfacet
  facet normal 0 0 -1
    outer loop
      vertex 21.0807 12.7713 0
      vertex 19.3188 14.2498 0
      vertex 19.5251 14.4749 0
    endloop
  endfacet
  facet normal 0 0 -1
    outer loop
      vertex 18.6193 11.0941 0
      vertex 20.8409 11.6894 0
      vertex 18.7111 10.8029 0
    endloop
  endfacet
  facet normal 0 0 -1
    outer loop
      vertex 21.017 12.6883 0
      vertex 19.133 14.0075 0
      vertex 19.3188 14.2498 0
    endloop
  endfacet
  facet normal -0 0 -1
    outer loop
      vertex 20.8409 11.6894 0
      vertex 18.6193 11.0941 0
      vertex 20.8182 11.7916 0
    endloop
  endfacet
  facet normal 0 0 -1
    outer loop
      vertex 20.9608 12.6 0
      vertex 18.9689 13.75 0
      vertex 19.133 14.0075 0
    endloop
  endfacet
  facet normal 0 0 -1
    outer loop
      vertex 18.5532 11.3922 0
      vertex 20.8182 11.7916 0
      vertex 18.6193 11.0941 0
    endloop
  endfacet
  facet normal 0 0 -1
    outer loop
      vertex 20.9124 12.5071 0
      vertex 18.8279 13.4792 0
      vertex 18.9689 13.75 0
    endloop
  endfacet
  facet normal -0 0 -1
    outer loop
      vertex 20.8182 11.7916 0
      vertex 18.5532 11.3922 0
      vertex 20.8046 11.8954 0
    endloop
  endfacet
  facet normal 0 0 -1
    outer loop
      vertex 20.8724 12.4104 0
      vertex 18.7111 13.1971 0
      vertex 18.8279 13.4792 0
    endloop
  endfacet
  facet normal 0 0 -1
    outer loop
      vertex 18.5133 11.695 0
      vertex 20.8046 11.8954 0
      vertex 18.5532 11.3922 0
    endloop
  endfacet
  facet normal 0 0 -1
    outer loop
      vertex 20.8409 12.3106 0
      vertex 18.6193 12.9059 0
      vertex 18.7111 13.1971 0
    endloop
  endfacet
  facet normal -0 0 -1
    outer loop
      vertex 20.8046 11.8954 0
      vertex 18.5133 11.695 0
      vertex 20.8 12 0
    endloop
  endfacet
  facet normal 0 0 -1
    outer loop
      vertex 20.8182 12.2084 0
      vertex 18.5532 12.6078 0
      vertex 18.6193 12.9059 0
    endloop
  endfacet
  facet normal 0 0 -1
    outer loop
      vertex 18.5 12 0
      vertex 20.8 12 0
      vertex 18.5133 11.695 0
    endloop
  endfacet
  facet normal 0 0 -1
    outer loop
      vertex 20.8046 12.1046 0
      vertex 18.5133 12.305 0
      vertex 18.5532 12.6078 0
    endloop
  endfacet
  facet normal 0 0 -1
    outer loop
      vertex 20.8 12 0
      vertex 18.5 12 0
      vertex 18.5133 12.305 0
    endloop
  endfacet
  facet normal -0.88697 0.461827 0
    outer loop
      vertex 18.8279 13.4792 0
      vertex 18.9689 13.75 2.2
      vertex 18.9689 13.75 0
    endloop
  endfacet
  facet normal -0.88697 0.461827 0
    outer loop
      vertex 18.9689 13.75 2.2
      vertex 18.8279 13.4792 0
      vertex 18.8279 13.4792 2.2
    endloop
  endfacet
  facet normal -0.793476 -0.608602 0
    outer loop
      vertex 19.3188 9.75024 0
      vertex 19.133 9.99248 2.2
      vertex 19.133 9.99248 0
    endloop
  endfacet
  facet normal -0.793476 -0.608602 0
    outer loop
      vertex 19.133 9.99248 2.2
      vertex 19.3188 9.75024 0
      vertex 19.3188 9.75024 2.2
    endloop
  endfacet
  facet normal -0.84333 -0.537397 0
    outer loop
      vertex 19.133 9.99248 0
      vertex 18.9689 10.25 2.2
      vertex 18.9689 10.25 0
    endloop
  endfacet
  facet normal -0.84333 -0.537397 0
    outer loop
      vertex 18.9689 10.25 2.2
      vertex 19.133 9.99248 0
      vertex 19.133 9.99248 2.2
    endloop
  endfacet
  facet normal -0.21648 0.976287 0
    outer loop
      vertex 21.3922 15.4468 0
      vertex 21.0941 15.3807 2.2
      vertex 21.3922 15.4468 2.2
    endloop
  endfacet
  facet normal -0.21648 0.976287 0
    outer loop
      vertex 21.0941 15.3807 2.2
      vertex 21.3922 15.4468 0
      vertex 21.0941 15.3807 0
    endloop
  endfacet
  facet normal -0.976287 0.21648 0
    outer loop
      vertex 18.5532 12.6078 0
      vertex 18.6193 12.9059 2.2
      vertex 18.6193 12.9059 0
    endloop
  endfacet
  facet normal -0.976287 0.21648 0
    outer loop
      vertex 18.6193 12.9059 2.2
      vertex 18.5532 12.6078 0
      vertex 18.5532 12.6078 2.2
    endloop
  endfacet
  facet normal -0.999051 -0.0435652 0
    outer loop
      vertex 18.5133 11.695 0
      vertex 18.5 12 2.2
      vertex 18.5 12 0
    endloop
  endfacet
  facet normal -0.999051 -0.0435652 0
    outer loop
      vertex 18.5 12 2.2
      vertex 18.5133 11.695 0
      vertex 18.5133 11.695 2.2
    endloop
  endfacet
  facet normal -0.99143 -0.130641 0
    outer loop
      vertex 18.5532 11.3922 0
      vertex 18.5133 11.695 2.2
      vertex 18.5133 11.695 0
    endloop
  endfacet
  facet normal -0.99143 -0.130641 0
    outer loop
      vertex 18.5133 11.695 2.2
      vertex 18.5532 11.3922 0
      vertex 18.5532 11.3922 2.2
    endloop
  endfacet
  facet normal -0.0435652 0.999051 0
    outer loop
      vertex 22 15.5 0
      vertex 21.695 15.4867 2.2
      vertex 22 15.5 2.2
    endloop
  endfacet
  facet normal -0.0435652 0.999051 0
    outer loop
      vertex 21.695 15.4867 2.2
      vertex 22 15.5 0
      vertex 21.695 15.4867 0
    endloop
  endfacet
  facet normal 0.537333 -0.84337 0
    outer loop
      vertex 34.3864 8.96891 0
      vertex 34.6439 9.13297 2.2
      vertex 34.3864 8.96891 2.2
    endloop
  endfacet
  facet normal 0.537333 -0.84337 0
    outer loop
      vertex 34.6439 9.13297 2.2
      vertex 34.3864 8.96891 0
      vertex 34.6439 9.13297 0
    endloop
  endfacet
  facet normal 0.537426 0.843311 -0
    outer loop
      vertex 34.6439 14.867 0
      vertex 34.3864 15.0311 2.2
      vertex 34.6439 14.867 2.2
    endloop
  endfacet
  facet normal 0.537426 0.843311 0
    outer loop
      vertex 34.3864 15.0311 2.2
      vertex 34.6439 14.867 0
      vertex 34.3864 15.0311 0
    endloop
  endfacet
  facet normal 0.300721 -0.953712 0
    outer loop
      vertex 33.5423 8.61926 0
      vertex 33.8335 8.71108 2.2
      vertex 33.5423 8.61926 2.2
    endloop
  endfacet
  facet normal 0.300721 -0.953712 0
    outer loop
      vertex 33.8335 8.71108 2.2
      vertex 33.5423 8.61926 0
      vertex 33.8335 8.71108 0
    endloop
  endfacet
  facet normal -0.461827 0.88697 0
    outer loop
      vertex 20.5208 15.1721 0
      vertex 20.25 15.0311 2.2
      vertex 20.5208 15.1721 2.2
    endloop
  endfacet
  facet normal -0.461827 0.88697 0
    outer loop
      vertex 20.25 15.0311 2.2
      vertex 20.5208 15.1721 0
      vertex 20.25 15.0311 0
    endloop
  endfacet
  facet normal 0.67565 0.737222 -0
    outer loop
      vertex 35.1113 14.4749 0
      vertex 34.8862 14.6812 2.2
      vertex 35.1113 14.4749 2.2
    endloop
  endfacet
  facet normal 0.67565 0.737222 0
    outer loop
      vertex 34.8862 14.6812 2.2
      vertex 35.1113 14.4749 0
      vertex 34.8862 14.6812 0
    endloop
  endfacet
  facet normal 0 -1 0
    outer loop
      vertex 22 8.5 0
      vertex 32.6364 8.5 2.2
      vertex 22 8.5 2.2
    endloop
  endfacet
  facet normal 0 -1 -0
    outer loop
      vertex 32.6364 8.5 2.2
      vertex 22 8.5 0
      vertex 32.6364 8.5 0
    endloop
  endfacet
  facet normal 0.953731 -0.300661 0
    outer loop
      vertex 35.9253 10.8029 2.2
      vertex 36.0171 11.0941 0
      vertex 36.0171 11.0941 2.2
    endloop
  endfacet
  facet normal 0.953731 -0.300661 0
    outer loop
      vertex 36.0171 11.0941 0
      vertex 35.9253 10.8029 2.2
      vertex 35.9253 10.8029 0
    endloop
  endfacet
  facet normal -0.953731 0.300661 0
    outer loop
      vertex 18.6193 12.9059 0
      vertex 18.7111 13.1971 2.2
      vertex 18.7111 13.1971 0
    endloop
  endfacet
  facet normal -0.953731 0.300661 0
    outer loop
      vertex 18.7111 13.1971 2.2
      vertex 18.6193 12.9059 0
      vertex 18.6193 12.9059 2.2
    endloop
  endfacet
  facet normal 0.216448 -0.976294 0
    outer loop
      vertex 33.2442 8.55317 0
      vertex 33.5423 8.61926 2.2
      vertex 33.2442 8.55317 2.2
    endloop
  endfacet
  facet normal 0.216448 -0.976294 0
    outer loop
      vertex 33.5423 8.61926 2.2
      vertex 33.2442 8.55317 0
      vertex 33.5423 8.61926 0
    endloop
  endfacet
  facet normal -0.608652 -0.793438 0
    outer loop
      vertex 19.7502 9.31884 0
      vertex 19.9925 9.13297 2.2
      vertex 19.7502 9.31884 2.2
    endloop
  endfacet
  facet normal -0.608652 -0.793438 -0
    outer loop
      vertex 19.9925 9.13297 2.2
      vertex 19.7502 9.31884 0
      vertex 19.9925 9.13297 0
    endloop
  endfacet
  facet normal -0.999051 0.0435652 0
    outer loop
      vertex 18.5 12 0
      vertex 18.5133 12.305 2.2
      vertex 18.5133 12.305 0
    endloop
  endfacet
  facet normal -0.999051 0.0435652 0
    outer loop
      vertex 18.5133 12.305 2.2
      vertex 18.5 12 0
      vertex 18.5 12 2.2
    endloop
  endfacet
  facet normal 0.793548 0.608507 0
    outer loop
      vertex 35.5034 14.0075 2.2
      vertex 35.3176 14.2498 0
      vertex 35.3176 14.2498 2.2
    endloop
  endfacet
  facet normal 0.793548 0.608507 0
    outer loop
      vertex 35.3176 14.2498 0
      vertex 35.5034 14.0075 2.2
      vertex 35.5034 14.0075 0
    endloop
  endfacet
  facet normal 0.923937 0.382545 0
    outer loop
      vertex 35.9253 13.1971 2.2
      vertex 35.8085 13.4792 0
      vertex 35.8085 13.4792 2.2
    endloop
  endfacet
  facet normal 0.923937 0.382545 0
    outer loop
      vertex 35.8085 13.4792 0
      vertex 35.9253 13.1971 2.2
      vertex 35.9253 13.1971 0
    endloop
  endfacet
  facet normal -0.737237 -0.675634 0
    outer loop
      vertex 19.5251 9.52513 0
      vertex 19.3188 9.75024 2.2
      vertex 19.3188 9.75024 0
    endloop
  endfacet
  facet normal -0.737237 -0.675634 0
    outer loop
      vertex 19.3188 9.75024 2.2
      vertex 19.5251 9.52513 0
      vertex 19.5251 9.52513 2.2
    endloop
  endfacet
  facet normal 0.99143 -0.130641 0
    outer loop
      vertex 36.0832 11.3922 2.2
      vertex 36.1231 11.695 0
      vertex 36.1231 11.695 2.2
    endloop
  endfacet
  facet normal 0.99143 -0.130641 0
    outer loop
      vertex 36.1231 11.695 0
      vertex 36.0832 11.3922 2.2
      vertex 36.0832 11.3922 0
    endloop
  endfacet
  facet normal 0.737237 -0.675634 0
    outer loop
      vertex 35.1113 9.52513 2.2
      vertex 35.3176 9.75024 0
      vertex 35.3176 9.75024 2.2
    endloop
  endfacet
  facet normal 0.737237 -0.675634 0
    outer loop
      vertex 35.3176 9.75024 0
      vertex 35.1113 9.52513 2.2
      vertex 35.1113 9.52513 0
    endloop
  endfacet
  facet normal 0.88697 -0.461827 0
    outer loop
      vertex 35.6675 10.25 2.2
      vertex 35.8085 10.5208 0
      vertex 35.8085 10.5208 2.2
    endloop
  endfacet
  facet normal 0.88697 -0.461827 0
    outer loop
      vertex 35.8085 10.5208 0
      vertex 35.6675 10.25 2.2
      vertex 35.6675 10.25 0
    endloop
  endfacet
  facet normal -0.923937 0.382545 0
    outer loop
      vertex 18.7111 13.1971 0
      vertex 18.8279 13.4792 2.2
      vertex 18.8279 13.4792 0
    endloop
  endfacet
  facet normal -0.923937 0.382545 0
    outer loop
      vertex 18.8279 13.4792 2.2
      vertex 18.7111 13.1971 0
      vertex 18.7111 13.1971 2.2
    endloop
  endfacet
  facet normal 0.13048 -0.991451 0
    outer loop
      vertex 32.9414 8.51332 0
      vertex 33.2442 8.55317 2.2
      vertex 32.9414 8.51332 2.2
    endloop
  endfacet
  facet normal 0.13048 -0.991451 0
    outer loop
      vertex 33.2442 8.55317 2.2
      vertex 32.9414 8.51332 0
      vertex 33.2442 8.55317 0
    endloop
  endfacet
  facet normal -0.0436305 -0.999048 0
    outer loop
      vertex 21.695 8.51332 0
      vertex 22 8.5 2.2
      vertex 21.695 8.51332 2.2
    endloop
  endfacet
  facet normal -0.0436305 -0.999048 -0
    outer loop
      vertex 22 8.5 2.2
      vertex 21.695 8.51332 0
      vertex 22 8.5 0
    endloop
  endfacet
  facet normal 0.461801 -0.886983 0
    outer loop
      vertex 34.1156 8.82792 0
      vertex 34.3864 8.96891 2.2
      vertex 34.1156 8.82792 2.2
    endloop
  endfacet
  facet normal 0.461801 -0.886983 0
    outer loop
      vertex 34.3864 8.96891 2.2
      vertex 34.1156 8.82792 0
      vertex 34.3864 8.96891 0
    endloop
  endfacet
  facet normal 0.999051 -0.0435652 0
    outer loop
      vertex 36.1231 11.695 2.2
      vertex 36.1364 12 0
      vertex 36.1364 12 2.2
    endloop
  endfacet
  facet normal 0.999051 -0.0435652 0
    outer loop
      vertex 36.1364 12 0
      vertex 36.1231 11.695 2.2
      vertex 36.1231 11.695 0
    endloop
  endfacet
  facet normal 0.0436305 -0.999048 0
    outer loop
      vertex 32.6364 8.5 0
      vertex 32.9414 8.51332 2.2
      vertex 32.6364 8.5 2.2
    endloop
  endfacet
  facet normal 0.0436305 -0.999048 0
    outer loop
      vertex 32.9414 8.51332 2.2
      vertex 32.6364 8.5 0
      vertex 32.9414 8.51332 0
    endloop
  endfacet
  facet normal -0.382545 0.923937 0
    outer loop
      vertex 20.8029 15.2889 0
      vertex 20.5208 15.1721 2.2
      vertex 20.8029 15.2889 2.2
    endloop
  endfacet
  facet normal -0.382545 0.923937 0
    outer loop
      vertex 20.5208 15.1721 2.2
      vertex 20.8029 15.2889 0
      vertex 20.5208 15.1721 0
    endloop
  endfacet
  facet normal -0.13048 -0.991451 0
    outer loop
      vertex 21.3922 8.55317 0
      vertex 21.695 8.51332 2.2
      vertex 21.3922 8.55317 2.2
    endloop
  endfacet
  facet normal -0.13048 -0.991451 -0
    outer loop
      vertex 21.695 8.51332 2.2
      vertex 21.3922 8.55317 0
      vertex 21.695 8.51332 0
    endloop
  endfacet
  facet normal -0.675633 -0.737238 0
    outer loop
      vertex 19.5251 9.52513 0
      vertex 19.7502 9.31884 2.2
      vertex 19.5251 9.52513 2.2
    endloop
  endfacet
  facet normal -0.675633 -0.737238 -0
    outer loop
      vertex 19.7502 9.31884 2.2
      vertex 19.5251 9.52513 0
      vertex 19.7502 9.31884 0
    endloop
  endfacet
  facet normal 0.793476 -0.608602 0
    outer loop
      vertex 35.3176 9.75024 2.2
      vertex 35.5034 9.99248 0
      vertex 35.5034 9.99248 2.2
    endloop
  endfacet
  facet normal 0.793476 -0.608602 0
    outer loop
      vertex 35.5034 9.99248 0
      vertex 35.3176 9.75024 2.2
      vertex 35.3176 9.75024 0
    endloop
  endfacet
  facet normal 0.88697 0.461827 0
    outer loop
      vertex 35.8085 13.4792 2.2
      vertex 35.6675 13.75 0
      vertex 35.6675 13.75 2.2
    endloop
  endfacet
  facet normal 0.88697 0.461827 0
    outer loop
      vertex 35.6675 13.75 0
      vertex 35.8085 13.4792 2.2
      vertex 35.8085 13.4792 0
    endloop
  endfacet
  facet normal -0.67565 0.737222 0
    outer loop
      vertex 19.7502 14.6812 0
      vertex 19.5251 14.4749 2.2
      vertex 19.7502 14.6812 2.2
    endloop
  endfacet
  facet normal -0.67565 0.737222 0
    outer loop
      vertex 19.5251 14.4749 2.2
      vertex 19.7502 14.6812 0
      vertex 19.5251 14.4749 0
    endloop
  endfacet
  facet normal 0.461827 0.88697 -0
    outer loop
      vertex 34.3864 15.0311 0
      vertex 34.1156 15.1721 2.2
      vertex 34.3864 15.0311 2.2
    endloop
  endfacet
  facet normal 0.461827 0.88697 0
    outer loop
      vertex 34.1156 15.1721 2.2
      vertex 34.3864 15.0311 0
      vertex 34.1156 15.1721 0
    endloop
  endfacet
  facet normal 0.382545 0.923937 -0
    outer loop
      vertex 34.1156 15.1721 0
      vertex 33.8335 15.2889 2.2
      vertex 34.1156 15.1721 2.2
    endloop
  endfacet
  facet normal 0.382545 0.923937 0
    outer loop
      vertex 33.8335 15.2889 2.2
      vertex 34.1156 15.1721 0
      vertex 33.8335 15.2889 0
    endloop
  endfacet
  facet normal 0 0 1
    outer loop
      vertex 33.9864 12 2.2
      vertex 36.1364 12 2.2
      vertex 36.1231 12.305 2.2
    endloop
  endfacet
  facet normal 0 0 1
    outer loop
      vertex 33.9813 12.1177 2.2
      vertex 36.1231 12.305 2.2
      vertex 36.0832 12.6078 2.2
    endloop
  endfacet
  facet normal 0 0 1
    outer loop
      vertex 36.1364 12 2.2
      vertex 33.9864 12 2.2
      vertex 36.1231 11.695 2.2
    endloop
  endfacet
  facet normal 0 0 1
    outer loop
      vertex 33.9659 12.2344 2.2
      vertex 36.0832 12.6078 2.2
      vertex 36.0171 12.9059 2.2
    endloop
  endfacet
  facet normal -0 0 1
    outer loop
      vertex 33.9813 11.8823 2.2
      vertex 36.1231 11.695 2.2
      vertex 33.9864 12 2.2
    endloop
  endfacet
  facet normal 0 0 1
    outer loop
      vertex 33.9404 12.3494 2.2
      vertex 36.0171 12.9059 2.2
      vertex 35.9253 13.1971 2.2
    endloop
  endfacet
  facet normal 0 0 1
    outer loop
      vertex 36.1231 11.695 2.2
      vertex 33.9813 11.8823 2.2
      vertex 36.0832 11.3922 2.2
    endloop
  endfacet
  facet normal 0 0 1
    outer loop
      vertex 33.905 12.4617 2.2
      vertex 35.9253 13.1971 2.2
      vertex 35.8085 13.4792 2.2
    endloop
  endfacet
  facet normal -0 0 1
    outer loop
      vertex 33.9659 11.7656 2.2
      vertex 36.0832 11.3922 2.2
      vertex 33.9813 11.8823 2.2
    endloop
  endfacet
  facet normal 0 0 1
    outer loop
      vertex 33.8599 12.5705 2.2
      vertex 35.8085 13.4792 2.2
      vertex 35.6675 13.75 2.2
    endloop
  endfacet
  facet normal 0 0 1
    outer loop
      vertex 36.0832 11.3922 2.2
      vertex 33.9659 11.7656 2.2
      vertex 36.0171 11.0941 2.2
    endloop
  endfacet
  facet normal 0 0 1
    outer loop
      vertex 33.8055 12.675 2.2
      vertex 35.6675 13.75 2.2
      vertex 35.5034 14.0075 2.2
    endloop
  endfacet
  facet normal -0 0 1
    outer loop
      vertex 33.9404 11.6506 2.2
      vertex 36.0171 11.0941 2.2
      vertex 33.9659 11.7656 2.2
    endloop
  endfacet
  facet normal 0 0 1
    outer loop
      vertex 33.7423 12.7743 2.2
      vertex 35.5034 14.0075 2.2
      vertex 35.3176 14.2498 2.2
    endloop
  endfacet
  facet normal 0 0 1
    outer loop
      vertex 36.0171 11.0941 2.2
      vertex 33.9404 11.6506 2.2
      vertex 35.9253 10.8029 2.2
    endloop
  endfacet
  facet normal 0 0 1
    outer loop
      vertex 33.6706 12.8678 2.2
      vertex 35.3176 14.2498 2.2
      vertex 35.1113 14.4749 2.2
    endloop
  endfacet
  facet normal -0 0 1
    outer loop
      vertex 33.905 11.5383 2.2
      vertex 35.9253 10.8029 2.2
      vertex 33.9404 11.6506 2.2
    endloop
  endfacet
  facet normal 0 0 1
    outer loop
      vertex 33.591 12.9546 2.2
      vertex 35.1113 14.4749 2.2
      vertex 34.8862 14.6812 2.2
    endloop
  endfacet
  facet normal 0 0 1
    outer loop
      vertex 35.9253 10.8029 2.2
      vertex 33.905 11.5383 2.2
      vertex 35.8085 10.5208 2.2
    endloop
  endfacet
  facet normal 0 0 1
    outer loop
      vertex 33.5042 13.0342 2.2
      vertex 34.8862 14.6812 2.2
      vertex 34.6439 14.867 2.2
    endloop
  endfacet
  facet normal -0 0 1
    outer loop
      vertex 33.8599 11.4295 2.2
      vertex 35.8085 10.5208 2.2
      vertex 33.905 11.5383 2.2
    endloop
  endfacet
  facet normal 0 0 1
    outer loop
      vertex 33.4107 13.1059 2.2
      vertex 34.6439 14.867 2.2
      vertex 34.3864 15.0311 2.2
    endloop
  endfacet
  facet normal 0 0 1
    outer loop
      vertex 35.8085 10.5208 2.2
      vertex 33.8599 11.4295 2.2
      vertex 35.6675 10.25 2.2
    endloop
  endfacet
  facet normal 0 0 1
    outer loop
      vertex 33.3114 13.1691 2.2
      vertex 34.3864 15.0311 2.2
      vertex 34.1156 15.1721 2.2
    endloop
  endfacet
  facet normal -0 0 1
    outer loop
      vertex 33.8055 11.325 2.2
      vertex 35.6675 10.25 2.2
      vertex 33.8599 11.4295 2.2
    endloop
  endfacet
  facet normal 0 0 1
    outer loop
      vertex 35.6675 10.25 2.2
      vertex 33.8055 11.325 2.2
      vertex 35.5034 9.99248 2.2
    endloop
  endfacet
  facet normal 0 0 1
    outer loop
      vertex 36.1231 12.305 2.2
      vertex 33.9813 12.1177 2.2
      vertex 33.9864 12 2.2
    endloop
  endfacet
  facet normal 0 0 1
    outer loop
      vertex 36.0832 12.6078 2.2
      vertex 33.9659 12.2344 2.2
      vertex 33.9813 12.1177 2.2
    endloop
  endfacet
  facet normal 0 0 1
    outer loop
      vertex 36.0171 12.9059 2.2
      vertex 33.9404 12.3494 2.2
      vertex 33.9659 12.2344 2.2
    endloop
  endfacet
  facet normal 0 0 1
    outer loop
      vertex 35.9253 13.1971 2.2
      vertex 33.905 12.4617 2.2
      vertex 33.9404 12.3494 2.2
    endloop
  endfacet
  facet normal 0 0 1
    outer loop
      vertex 35.8085 13.4792 2.2
      vertex 33.8599 12.5705 2.2
      vertex 33.905 12.4617 2.2
    endloop
  endfacet
  facet normal 0 0 1
    outer loop
      vertex 33.2069 13.2235 2.2
      vertex 34.1156 15.1721 2.2
      vertex 33.8335 15.2889 2.2
    endloop
  endfacet
  facet normal 0 0 1
    outer loop
      vertex 35.6675 13.75 2.2
      vertex 33.8055 12.675 2.2
      vertex 33.8599 12.5705 2.2
    endloop
  endfacet
  facet normal 0 0 1
    outer loop
      vertex 35.5034 14.0075 2.2
      vertex 33.7423 12.7743 2.2
      vertex 33.8055 12.675 2.2
    endloop
  endfacet
  facet normal 0 0 1
    outer loop
      vertex 35.3176 14.2498 2.2
      vertex 33.6706 12.8678 2.2
      vertex 33.7423 12.7743 2.2
    endloop
  endfacet
  facet normal 0 0 1
    outer loop
      vertex 35.1113 14.4749 2.2
      vertex 33.591 12.9546 2.2
      vertex 33.6706 12.8678 2.2
    endloop
  endfacet
  facet normal 0 0 1
    outer loop
      vertex 33.0981 13.2686 2.2
      vertex 33.8335 15.2889 2.2
      vertex 33.5423 15.3807 2.2
    endloop
  endfacet
  facet normal 0 0 1
    outer loop
      vertex 34.8862 14.6812 2.2
      vertex 33.5042 13.0342 2.2
      vertex 33.591 12.9546 2.2
    endloop
  endfacet
  facet normal 0 0 1
    outer loop
      vertex 34.6439 14.867 2.2
      vertex 33.4107 13.1059 2.2
      vertex 33.5042 13.0342 2.2
    endloop
  endfacet
  facet normal 0 0 1
    outer loop
      vertex 34.3864 15.0311 2.2
      vertex 33.3114 13.1691 2.2
      vertex 33.4107 13.1059 2.2
    endloop
  endfacet
  facet normal 0 0 1
    outer loop
      vertex 32.9858 13.304 2.2
      vertex 33.5423 15.3807 2.2
      vertex 33.2442 15.4468 2.2
    endloop
  endfacet
  facet normal 0 0 1
    outer loop
      vertex 34.1156 15.1721 2.2
      vertex 33.2069 13.2235 2.2
      vertex 33.3114 13.1691 2.2
    endloop
  endfacet
  facet normal 0 0 1
    outer loop
      vertex 33.8335 15.2889 2.2
      vertex 33.0981 13.2686 2.2
      vertex 33.2069 13.2235 2.2
    endloop
  endfacet
  facet normal 0 0 1
    outer loop
      vertex 33.5423 15.3807 2.2
      vertex 32.9858 13.304 2.2
      vertex 33.0981 13.2686 2.2
    endloop
  endfacet
  facet normal 0 0 1
    outer loop
      vertex 32.8708 13.3295 2.2
      vertex 33.2442 15.4468 2.2
      vertex 32.9414 15.4867 2.2
    endloop
  endfacet
  facet normal 0 0 1
    outer loop
      vertex 33.2442 15.4468 2.2
      vertex 32.8708 13.3295 2.2
      vertex 32.9858 13.304 2.2
    endloop
  endfacet
  facet normal 0 0 1
    outer loop
      vertex 32.9414 15.4867 2.2
      vertex 32.7541 13.3449 2.2
      vertex 32.8708 13.3295 2.2
    endloop
  endfacet
  facet normal 0 0 1
    outer loop
      vertex 32.6364 15.5 2.2
      vertex 32.7541 13.3449 2.2
      vertex 32.9414 15.4867 2.2
    endloop
  endfacet
  facet normal 0 0 1
    outer loop
      vertex 32.6364 15.5 2.2
      vertex 32.6364 13.35 2.2
      vertex 32.7541 13.3449 2.2
    endloop
  endfacet
  facet normal 0 0 1
    outer loop
      vertex 32.6364 15.5 2.2
      vertex 32.5187 13.3449 2.2
      vertex 32.6364 13.35 2.2
    endloop
  endfacet
  facet normal 0 0 1
    outer loop
      vertex 32.6364 15.5 2.2
      vertex 32.402 13.3295 2.2
      vertex 32.5187 13.3449 2.2
    endloop
  endfacet
  facet normal 0 0 1
    outer loop
      vertex 32.6364 15.5 2.2
      vertex 32.287 13.304 2.2
      vertex 32.402 13.3295 2.2
    endloop
  endfacet
  facet normal 0 0 1
    outer loop
      vertex 32.6364 15.5 2.2
      vertex 32.1747 13.2686 2.2
      vertex 32.287 13.304 2.2
    endloop
  endfacet
  facet normal 0 0 1
    outer loop
      vertex 32.6364 15.5 2.2
      vertex 32.0659 13.2235 2.2
      vertex 32.1747 13.2686 2.2
    endloop
  endfacet
  facet normal 0 0 1
    outer loop
      vertex 32.6364 15.5 2.2
      vertex 31.9614 13.1691 2.2
      vertex 32.0659 13.2235 2.2
    endloop
  endfacet
  facet normal 0 0 1
    outer loop
      vertex 32.6364 15.5 2.2
      vertex 31.8621 13.1059 2.2
      vertex 31.9614 13.1691 2.2
    endloop
  endfacet
  facet normal 0 0 1
    outer loop
      vertex 32.6364 15.5 2.2
      vertex 31.7686 13.0342 2.2
      vertex 31.8621 13.1059 2.2
    endloop
  endfacet
  facet normal 0 0 1
    outer loop
      vertex 32.6364 15.5 2.2
      vertex 31.6818 12.9546 2.2
      vertex 31.7686 13.0342 2.2
    endloop
  endfacet
  facet normal 0 0 1
    outer loop
      vertex 32.6364 15.5 2.2
      vertex 31.6022 12.8678 2.2
      vertex 31.6818 12.9546 2.2
    endloop
  endfacet
  facet normal 0 0 1
    outer loop
      vertex 32.6364 15.5 2.2
      vertex 31.5305 12.7743 2.2
      vertex 31.6022 12.8678 2.2
    endloop
  endfacet
  facet normal -0 0 1
    outer loop
      vertex 22 15.5 2.2
      vertex 31.5305 12.7743 2.2
      vertex 32.6364 15.5 2.2
    endloop
  endfacet
  facet normal 0 -0 1
    outer loop
      vertex 22.983 12.6883 2.2
      vertex 31.5305 12.7743 2.2
      vertex 22 15.5 2.2
    endloop
  endfacet
  facet normal 0 0 1
    outer loop
      vertex 31.2915 12.1177 2.2
      vertex 23.2 12 2.2
      vertex 31.2864 12 2.2
    endloop
  endfacet
  facet normal 0 0 1
    outer loop
      vertex 23.1954 12.1046 2.2
      vertex 31.2915 12.1177 2.2
      vertex 31.3069 12.2344 2.2
    endloop
  endfacet
  facet normal 0 0 1
    outer loop
      vertex 23.1818 12.2084 2.2
      vertex 31.3069 12.2344 2.2
      vertex 31.3324 12.3494 2.2
    endloop
  endfacet
  facet normal -0 0 1
    outer loop
      vertex 23.1276 12.4104 2.2
      vertex 31.3324 12.3494 2.2
      vertex 31.3678 12.4617 2.2
    endloop
  endfacet
  facet normal -0 0 1
    outer loop
      vertex 23.0876 12.5071 2.2
      vertex 31.3678 12.4617 2.2
      vertex 31.4129 12.5705 2.2
    endloop
  endfacet
  facet normal 0 0 1
    outer loop
      vertex 31.5305 12.7743 2.2
      vertex 22.983 12.6883 2.2
      vertex 31.4673 12.675 2.2
    endloop
  endfacet
  facet normal 0 0 1
    outer loop
      vertex 31.2915 12.1177 2.2
      vertex 23.1954 12.1046 2.2
      vertex 23.2 12 2.2
    endloop
  endfacet
  facet normal 0 0 1
    outer loop
      vertex 31.3069 12.2344 2.2
      vertex 23.1818 12.2084 2.2
      vertex 23.1954 12.1046 2.2
    endloop
  endfacet
  facet normal 0 0 1
    outer loop
      vertex 31.3324 12.3494 2.2
      vertex 23.1591 12.3106 2.2
      vertex 23.1818 12.2084 2.2
    endloop
  endfacet
  facet normal 0 0 1
    outer loop
      vertex 31.3324 12.3494 2.2
      vertex 23.1276 12.4104 2.2
      vertex 23.1591 12.3106 2.2
    endloop
  endfacet
  facet normal 0 0 1
    outer loop
      vertex 31.3678 12.4617 2.2
      vertex 23.0876 12.5071 2.2
      vertex 23.1276 12.4104 2.2
    endloop
  endfacet
  facet normal 0 0 1
    outer loop
      vertex 31.4129 12.5705 2.2
      vertex 23.0392 12.6 2.2
      vertex 23.0876 12.5071 2.2
    endloop
  endfacet
  facet normal 0 0 1
    outer loop
      vertex 31.4673 12.675 2.2
      vertex 23.0392 12.6 2.2
      vertex 31.4129 12.5705 2.2
    endloop
  endfacet
  facet normal 0 -0 1
    outer loop
      vertex 23.0392 12.6 2.2
      vertex 31.4673 12.675 2.2
      vertex 22.983 12.6883 2.2
    endloop
  endfacet
  facet normal 0 0 1
    outer loop
      vertex 22.983 12.6883 2.2
      vertex 22 15.5 2.2
      vertex 22.9193 12.7713 2.2
    endloop
  endfacet
  facet normal 0 0 1
    outer loop
      vertex 22.9193 12.7713 2.2
      vertex 22 15.5 2.2
      vertex 22.8485 12.8485 2.2
    endloop
  endfacet
  facet normal 0 0 1
    outer loop
      vertex 22.8485 12.8485 2.2
      vertex 22 15.5 2.2
      vertex 22.7713 12.9193 2.2
    endloop
  endfacet
  facet normal 0 0 1
    outer loop
      vertex 22.7713 12.9193 2.2
      vertex 22 15.5 2.2
      vertex 22.6883 12.983 2.2
    endloop
  endfacet
  facet normal 0 0 1
    outer loop
      vertex 22.6883 12.983 2.2
      vertex 22 15.5 2.2
      vertex 22.6 13.0392 2.2
    endloop
  endfacet
  facet normal 0 0 1
    outer loop
      vertex 22.6 13.0392 2.2
      vertex 22 15.5 2.2
      vertex 22.5071 13.0876 2.2
    endloop
  endfacet
  facet normal 0 0 1
    outer loop
      vertex 22.5071 13.0876 2.2
      vertex 22 15.5 2.2
      vertex 22.4104 13.1276 2.2
    endloop
  endfacet
  facet normal 0 0 1
    outer loop
      vertex 22.4104 13.1276 2.2
      vertex 22 15.5 2.2
      vertex 22.3106 13.1591 2.2
    endloop
  endfacet
  facet normal 0 0 1
    outer loop
      vertex 22.3106 13.1591 2.2
      vertex 22 15.5 2.2
      vertex 22.2084 13.1818 2.2
    endloop
  endfacet
  facet normal 0 0 1
    outer loop
      vertex 22.2084 13.1818 2.2
      vertex 22 15.5 2.2
      vertex 22.1046 13.1954 2.2
    endloop
  endfacet
  facet normal 0 0 1
    outer loop
      vertex 22 15.5 2.2
      vertex 22 13.2 2.2
      vertex 22.1046 13.1954 2.2
    endloop
  endfacet
  facet normal 0 0 1
    outer loop
      vertex 22 15.5 2.2
      vertex 21.8954 13.1954 2.2
      vertex 22 13.2 2.2
    endloop
  endfacet
  facet normal -0 0 1
    outer loop
      vertex 21.695 15.4867 2.2
      vertex 21.8954 13.1954 2.2
      vertex 22 15.5 2.2
    endloop
  endfacet
  facet normal 0 0 1
    outer loop
      vertex 21.8954 13.1954 2.2
      vertex 21.695 15.4867 2.2
      vertex 21.7916 13.1818 2.2
    endloop
  endfacet
  facet normal -0 0 1
    outer loop
      vertex 21.3922 15.4468 2.2
      vertex 21.7916 13.1818 2.2
      vertex 21.695 15.4867 2.2
    endloop
  endfacet
  facet normal 0 0 1
    outer loop
      vertex 21.7916 13.1818 2.2
      vertex 21.3922 15.4468 2.2
      vertex 21.6894 13.1591 2.2
    endloop
  endfacet
  facet normal -0 0 1
    outer loop
      vertex 21.0941 15.3807 2.2
      vertex 21.6894 13.1591 2.2
      vertex 21.3922 15.4468 2.2
    endloop
  endfacet
  facet normal 0 0 1
    outer loop
      vertex 21.6894 13.1591 2.2
      vertex 21.0941 15.3807 2.2
      vertex 21.5896 13.1276 2.2
    endloop
  endfacet
  facet normal -0 0 1
    outer loop
      vertex 20.8029 15.2889 2.2
      vertex 21.5896 13.1276 2.2
      vertex 21.0941 15.3807 2.2
    endloop
  endfacet
  facet normal 0 0 1
    outer loop
      vertex 21.5896 13.1276 2.2
      vertex 20.8029 15.2889 2.2
      vertex 21.4929 13.0876 2.2
    endloop
  endfacet
  facet normal -0 0 1
    outer loop
      vertex 20.5208 15.1721 2.2
      vertex 21.4929 13.0876 2.2
      vertex 20.8029 15.2889 2.2
    endloop
  endfacet
  facet normal 0 0 1
    outer loop
      vertex 21.4929 13.0876 2.2
      vertex 20.5208 15.1721 2.2
      vertex 21.4 13.0392 2.2
    endloop
  endfacet
  facet normal -0 0 1
    outer loop
      vertex 20.25 15.0311 2.2
      vertex 21.4 13.0392 2.2
      vertex 20.5208 15.1721 2.2
    endloop
  endfacet
  facet normal 0 0 1
    outer loop
      vertex 21.4 13.0392 2.2
      vertex 20.25 15.0311 2.2
      vertex 21.3117 12.983 2.2
    endloop
  endfacet
  facet normal -0 0 1
    outer loop
      vertex 19.9925 14.867 2.2
      vertex 21.3117 12.983 2.2
      vertex 20.25 15.0311 2.2
    endloop
  endfacet
  facet normal 0 0 1
    outer loop
      vertex 21.3117 12.983 2.2
      vertex 19.9925 14.867 2.2
      vertex 21.2287 12.9193 2.2
    endloop
  endfacet
  facet normal -0 0 1
    outer loop
      vertex 19.7502 14.6812 2.2
      vertex 21.2287 12.9193 2.2
      vertex 19.9925 14.867 2.2
    endloop
  endfacet
  facet normal 0 0 1
    outer loop
      vertex 21.2287 12.9193 2.2
      vertex 19.7502 14.6812 2.2
      vertex 21.1515 12.8485 2.2
    endloop
  endfacet
  facet normal -0 0 1
    outer loop
      vertex 19.5251 14.4749 2.2
      vertex 21.1515 12.8485 2.2
      vertex 19.7502 14.6812 2.2
    endloop
  endfacet
  facet normal 0 0 1
    outer loop
      vertex 21.1515 12.8485 2.2
      vertex 19.5251 14.4749 2.2
      vertex 21.0807 12.7713 2.2
    endloop
  endfacet
  facet normal -0 0 1
    outer loop
      vertex 19.3188 14.2498 2.2
      vertex 21.0807 12.7713 2.2
      vertex 19.5251 14.4749 2.2
    endloop
  endfacet
  facet normal 0 0 1
    outer loop
      vertex 21.0807 12.7713 2.2
      vertex 19.3188 14.2498 2.2
      vertex 21.017 12.6883 2.2
    endloop
  endfacet
  facet normal -0 0 1
    outer loop
      vertex 19.133 14.0075 2.2
      vertex 21.017 12.6883 2.2
      vertex 19.3188 14.2498 2.2
    endloop
  endfacet
  facet normal 0 0 1
    outer loop
      vertex 21.017 12.6883 2.2
      vertex 19.133 14.0075 2.2
      vertex 20.9608 12.6 2.2
    endloop
  endfacet
  facet normal -0 0 1
    outer loop
      vertex 33.7423 11.2257 2.2
      vertex 35.5034 9.99248 2.2
      vertex 33.8055 11.325 2.2
    endloop
  endfacet
  facet normal 0 0 1
    outer loop
      vertex 35.5034 9.99248 2.2
      vertex 33.7423 11.2257 2.2
      vertex 35.3176 9.75024 2.2
    endloop
  endfacet
  facet normal -0 0 1
    outer loop
      vertex 33.6706 11.1322 2.2
      vertex 35.3176 9.75024 2.2
      vertex 33.7423 11.2257 2.2
    endloop
  endfacet
  facet normal 0 0 1
    outer loop
      vertex 35.3176 9.75024 2.2
      vertex 33.6706 11.1322 2.2
      vertex 35.1113 9.52513 2.2
    endloop
  endfacet
  facet normal -0 0 1
    outer loop
      vertex 33.591 11.0454 2.2
      vertex 35.1113 9.52513 2.2
      vertex 33.6706 11.1322 2.2
    endloop
  endfacet
  facet normal 0 0 1
    outer loop
      vertex 35.1113 9.52513 2.2
      vertex 33.591 11.0454 2.2
      vertex 34.8862 9.31884 2.2
    endloop
  endfacet
  facet normal -0 0 1
    outer loop
      vertex 33.5042 10.9658 2.2
      vertex 34.8862 9.31884 2.2
      vertex 33.591 11.0454 2.2
    endloop
  endfacet
  facet normal 0 0 1
    outer loop
      vertex 34.8862 9.31884 2.2
      vertex 33.5042 10.9658 2.2
      vertex 34.6439 9.13297 2.2
    endloop
  endfacet
  facet normal -0 0 1
    outer loop
      vertex 33.4107 10.8941 2.2
      vertex 34.6439 9.13297 2.2
      vertex 33.5042 10.9658 2.2
    endloop
  endfacet
  facet normal 0 0 1
    outer loop
      vertex 34.6439 9.13297 2.2
      vertex 33.4107 10.8941 2.2
      vertex 34.3864 8.96891 2.2
    endloop
  endfacet
  facet normal -0 0 1
    outer loop
      vertex 33.3114 10.8309 2.2
      vertex 34.3864 8.96891 2.2
      vertex 33.4107 10.8941 2.2
    endloop
  endfacet
  facet normal 0 0 1
    outer loop
      vertex 34.3864 8.96891 2.2
      vertex 33.3114 10.8309 2.2
      vertex 34.1156 8.82792 2.2
    endloop
  endfacet
  facet normal -0 0 1
    outer loop
      vertex 33.2069 10.7765 2.2
      vertex 34.1156 8.82792 2.2
      vertex 33.3114 10.8309 2.2
    endloop
  endfacet
  facet normal 0 0 1
    outer loop
      vertex 34.1156 8.82792 2.2
      vertex 33.2069 10.7765 2.2
      vertex 33.8335 8.71108 2.2
    endloop
  endfacet
  facet normal -0 0 1
    outer loop
      vertex 33.0981 10.7314 2.2
      vertex 33.8335 8.71108 2.2
      vertex 33.2069 10.7765 2.2
    endloop
  endfacet
  facet normal 0 0 1
    outer loop
      vertex 33.8335 8.71108 2.2
      vertex 33.0981 10.7314 2.2
      vertex 33.5423 8.61926 2.2
    endloop
  endfacet
  facet normal -0 0 1
    outer loop
      vertex 32.9858 10.696 2.2
      vertex 33.5423 8.61926 2.2
      vertex 33.0981 10.7314 2.2
    endloop
  endfacet
  facet normal 0 0 1
    outer loop
      vertex 33.5423 8.61926 2.2
      vertex 32.9858 10.696 2.2
      vertex 33.2442 8.55317 2.2
    endloop
  endfacet
  facet normal -0 0 1
    outer loop
      vertex 32.8708 10.6705 2.2
      vertex 33.2442 8.55317 2.2
      vertex 32.9858 10.696 2.2
    endloop
  endfacet
  facet normal 0 0 1
    outer loop
      vertex 33.2442 8.55317 2.2
      vertex 32.8708 10.6705 2.2
      vertex 32.9414 8.51332 2.2
    endloop
  endfacet
  facet normal -0 0 1
    outer loop
      vertex 32.7541 10.6551 2.2
      vertex 32.9414 8.51332 2.2
      vertex 32.8708 10.6705 2.2
    endloop
  endfacet
  facet normal -0 0 1
    outer loop
      vertex 32.6364 10.65 2.2
      vertex 32.9414 8.51332 2.2
      vertex 32.7541 10.6551 2.2
    endloop
  endfacet
  facet normal 0 0 1
    outer loop
      vertex 32.6364 10.65 2.2
      vertex 32.6364 8.5 2.2
      vertex 32.9414 8.51332 2.2
    endloop
  endfacet
  facet normal 0 0 1
    outer loop
      vertex 32.5187 10.6551 2.2
      vertex 32.6364 8.5 2.2
      vertex 32.6364 10.65 2.2
    endloop
  endfacet
  facet normal 0 0 1
    outer loop
      vertex 32.402 10.6705 2.2
      vertex 32.6364 8.5 2.2
      vertex 32.5187 10.6551 2.2
    endloop
  endfacet
  facet normal 0 0 1
    outer loop
      vertex 32.287 10.696 2.2
      vertex 32.6364 8.5 2.2
      vertex 32.402 10.6705 2.2
    endloop
  endfacet
  facet normal 0 0 1
    outer loop
      vertex 32.1747 10.7314 2.2
      vertex 32.6364 8.5 2.2
      vertex 32.287 10.696 2.2
    endloop
  endfacet
  facet normal 0 0 1
    outer loop
      vertex 32.0659 10.7765 2.2
      vertex 32.6364 8.5 2.2
      vertex 32.1747 10.7314 2.2
    endloop
  endfacet
  facet normal 0 0 1
    outer loop
      vertex 31.9614 10.8309 2.2
      vertex 32.6364 8.5 2.2
      vertex 32.0659 10.7765 2.2
    endloop
  endfacet
  facet normal 0 0 1
    outer loop
      vertex 31.8621 10.8941 2.2
      vertex 32.6364 8.5 2.2
      vertex 31.9614 10.8309 2.2
    endloop
  endfacet
  facet normal 0 0 1
    outer loop
      vertex 31.7686 10.9658 2.2
      vertex 32.6364 8.5 2.2
      vertex 31.8621 10.8941 2.2
    endloop
  endfacet
  facet normal 0 0 1
    outer loop
      vertex 31.6818 11.0454 2.2
      vertex 32.6364 8.5 2.2
      vertex 31.7686 10.9658 2.2
    endloop
  endfacet
  facet normal 0 0 1
    outer loop
      vertex 31.6022 11.1322 2.2
      vertex 32.6364 8.5 2.2
      vertex 31.6818 11.0454 2.2
    endloop
  endfacet
  facet normal 0 0 1
    outer loop
      vertex 31.5305 11.2257 2.2
      vertex 32.6364 8.5 2.2
      vertex 31.6022 11.1322 2.2
    endloop
  endfacet
  facet normal -0 0 1
    outer loop
      vertex 22.983 11.3117 2.2
      vertex 31.5305 11.2257 2.2
      vertex 31.4673 11.325 2.2
    endloop
  endfacet
  facet normal -0 0 1
    outer loop
      vertex 23.0392 11.4 2.2
      vertex 31.4673 11.325 2.2
      vertex 31.4129 11.4295 2.2
    endloop
  endfacet
  facet normal -0 0 1
    outer loop
      vertex 23.2 12 2.2
      vertex 31.2915 11.8823 2.2
      vertex 31.2864 12 2.2
    endloop
  endfacet
  facet normal -0 0 1
    outer loop
      vertex 23.1954 11.8954 2.2
      vertex 31.2915 11.8823 2.2
      vertex 23.2 12 2.2
    endloop
  endfacet
  facet normal 0 0 1
    outer loop
      vertex 31.2915 11.8823 2.2
      vertex 23.1954 11.8954 2.2
      vertex 31.3069 11.7656 2.2
    endloop
  endfacet
  facet normal -0 0 1
    outer loop
      vertex 23.1818 11.7916 2.2
      vertex 31.3069 11.7656 2.2
      vertex 23.1954 11.8954 2.2
    endloop
  endfacet
  facet normal 0 0 1
    outer loop
      vertex 31.3069 11.7656 2.2
      vertex 23.1818 11.7916 2.2
      vertex 31.3324 11.6506 2.2
    endloop
  endfacet
  facet normal -0 0 1
    outer loop
      vertex 23.1591 11.6894 2.2
      vertex 31.3324 11.6506 2.2
      vertex 23.1818 11.7916 2.2
    endloop
  endfacet
  facet normal 0 0 1
    outer loop
      vertex 23.1276 11.5896 2.2
      vertex 31.3324 11.6506 2.2
      vertex 23.1591 11.6894 2.2
    endloop
  endfacet
  facet normal 0 0 1
    outer loop
      vertex 31.3324 11.6506 2.2
      vertex 23.1276 11.5896 2.2
      vertex 31.3678 11.5383 2.2
    endloop
  endfacet
  facet normal 0 0 1
    outer loop
      vertex 23.0876 11.4929 2.2
      vertex 31.3678 11.5383 2.2
      vertex 23.1276 11.5896 2.2
    endloop
  endfacet
  facet normal 0 0 1
    outer loop
      vertex 31.3678 11.5383 2.2
      vertex 23.0876 11.4929 2.2
      vertex 31.4129 11.4295 2.2
    endloop
  endfacet
  facet normal 0 0 1
    outer loop
      vertex 23.0392 11.4 2.2
      vertex 31.4129 11.4295 2.2
      vertex 23.0876 11.4929 2.2
    endloop
  endfacet
  facet normal 0 0 1
    outer loop
      vertex 31.4673 11.325 2.2
      vertex 23.0392 11.4 2.2
      vertex 22.983 11.3117 2.2
    endloop
  endfacet
  facet normal 0 0 1
    outer loop
      vertex 31.5305 11.2257 2.2
      vertex 22.983 11.3117 2.2
      vertex 22 8.5 2.2
    endloop
  endfacet
  facet normal 0 0 1
    outer loop
      vertex 22 8.5 2.2
      vertex 22.983 11.3117 2.2
      vertex 22.9193 11.2287 2.2
    endloop
  endfacet
  facet normal 0 0 1
    outer loop
      vertex 22 8.5 2.2
      vertex 22.9193 11.2287 2.2
      vertex 22.8485 11.1515 2.2
    endloop
  endfacet
  facet normal 0 0 1
    outer loop
      vertex 22 8.5 2.2
      vertex 22.8485 11.1515 2.2
      vertex 22.7713 11.0807 2.2
    endloop
  endfacet
  facet normal 0 0 1
    outer loop
      vertex 22 8.5 2.2
      vertex 22.7713 11.0807 2.2
      vertex 22.6883 11.017 2.2
    endloop
  endfacet
  facet normal 0 0 1
    outer loop
      vertex 22 8.5 2.2
      vertex 22.6883 11.017 2.2
      vertex 22.6 10.9608 2.2
    endloop
  endfacet
  facet normal 0 0 1
    outer loop
      vertex 22 8.5 2.2
      vertex 22.6 10.9608 2.2
      vertex 22.5071 10.9124 2.2
    endloop
  endfacet
  facet normal 0 0 1
    outer loop
      vertex 22 8.5 2.2
      vertex 22.5071 10.9124 2.2
      vertex 22.4104 10.8724 2.2
    endloop
  endfacet
  facet normal 0 0 1
    outer loop
      vertex 22 8.5 2.2
      vertex 22.4104 10.8724 2.2
      vertex 22.3106 10.8409 2.2
    endloop
  endfacet
  facet normal 0 0 1
    outer loop
      vertex 22 8.5 2.2
      vertex 22.3106 10.8409 2.2
      vertex 22.2084 10.8182 2.2
    endloop
  endfacet
  facet normal 0 0 1
    outer loop
      vertex 22 8.5 2.2
      vertex 22.2084 10.8182 2.2
      vertex 22.1046 10.8046 2.2
    endloop
  endfacet
  facet normal 0 0 1
    outer loop
      vertex 22 8.5 2.2
      vertex 22.1046 10.8046 2.2
      vertex 22 10.8 2.2
    endloop
  endfacet
  facet normal 0 0 1
    outer loop
      vertex 31.5305 11.2257 2.2
      vertex 22 8.5 2.2
      vertex 32.6364 8.5 2.2
    endloop
  endfacet
  facet normal 0 0 1
    outer loop
      vertex 21.8954 10.8046 2.2
      vertex 22 8.5 2.2
      vertex 22 10.8 2.2
    endloop
  endfacet
  facet normal 0 0 1
    outer loop
      vertex 21.695 8.51332 2.2
      vertex 21.8954 10.8046 2.2
      vertex 21.7916 10.8182 2.2
    endloop
  endfacet
  facet normal 0 0 1
    outer loop
      vertex 21.8954 10.8046 2.2
      vertex 21.695 8.51332 2.2
      vertex 22 8.5 2.2
    endloop
  endfacet
  facet normal 0 0 1
    outer loop
      vertex 21.3922 8.55317 2.2
      vertex 21.7916 10.8182 2.2
      vertex 21.6894 10.8409 2.2
    endloop
  endfacet
  facet normal 0 0 1
    outer loop
      vertex 21.0941 8.61926 2.2
      vertex 21.6894 10.8409 2.2
      vertex 21.5896 10.8724 2.2
    endloop
  endfacet
  facet normal 0 0 1
    outer loop
      vertex 20.8029 8.71108 2.2
      vertex 21.5896 10.8724 2.2
      vertex 21.4929 10.9124 2.2
    endloop
  endfacet
  facet normal 0 0 1
    outer loop
      vertex 20.5208 8.82792 2.2
      vertex 21.4929 10.9124 2.2
      vertex 21.4 10.9608 2.2
    endloop
  endfacet
  facet normal 0 0 1
    outer loop
      vertex 21.7916 10.8182 2.2
      vertex 21.3922 8.55317 2.2
      vertex 21.695 8.51332 2.2
    endloop
  endfacet
  facet normal 0 0 1
    outer loop
      vertex 20.25 8.96891 2.2
      vertex 21.4 10.9608 2.2
      vertex 21.3117 11.017 2.2
    endloop
  endfacet
  facet normal 0 0 1
    outer loop
      vertex 19.9925 9.13297 2.2
      vertex 21.3117 11.017 2.2
      vertex 21.2287 11.0807 2.2
    endloop
  endfacet
  facet normal 0 0 1
    outer loop
      vertex 19.7502 9.31884 2.2
      vertex 21.2287 11.0807 2.2
      vertex 21.1515 11.1515 2.2
    endloop
  endfacet
  facet normal 0 0 1
    outer loop
      vertex 21.6894 10.8409 2.2
      vertex 21.0941 8.61926 2.2
      vertex 21.3922 8.55317 2.2
    endloop
  endfacet
  facet normal 0 0 1
    outer loop
      vertex 19.5251 9.52513 2.2
      vertex 21.1515 11.1515 2.2
      vertex 21.0807 11.2287 2.2
    endloop
  endfacet
  facet normal 0 0 1
    outer loop
      vertex 19.3188 9.75024 2.2
      vertex 21.0807 11.2287 2.2
      vertex 21.017 11.3117 2.2
    endloop
  endfacet
  facet normal 0 0 1
    outer loop
      vertex 19.133 9.99248 2.2
      vertex 21.017 11.3117 2.2
      vertex 20.9608 11.4 2.2
    endloop
  endfacet
  facet normal 0 0 1
    outer loop
      vertex 18.9689 10.25 2.2
      vertex 20.9608 11.4 2.2
      vertex 20.9124 11.4929 2.2
    endloop
  endfacet
  facet normal 0 0 1
    outer loop
      vertex 18.8279 10.5208 2.2
      vertex 20.9124 11.4929 2.2
      vertex 20.8724 11.5896 2.2
    endloop
  endfacet
  facet normal 0 0 1
    outer loop
      vertex 18.7111 10.8029 2.2
      vertex 20.8724 11.5896 2.2
      vertex 20.8409 11.6894 2.2
    endloop
  endfacet
  facet normal 0 0 1
    outer loop
      vertex 18.6193 11.0941 2.2
      vertex 20.8409 11.6894 2.2
      vertex 20.8182 11.7916 2.2
    endloop
  endfacet
  facet normal 0 0 1
    outer loop
      vertex 18.5532 11.3922 2.2
      vertex 20.8182 11.7916 2.2
      vertex 20.8046 11.8954 2.2
    endloop
  endfacet
  facet normal 0 0 1
    outer loop
      vertex 21.5896 10.8724 2.2
      vertex 20.8029 8.71108 2.2
      vertex 21.0941 8.61926 2.2
    endloop
  endfacet
  facet normal 0 0 1
    outer loop
      vertex 18.5133 11.695 2.2
      vertex 20.8046 11.8954 2.2
      vertex 20.8 12 2.2
    endloop
  endfacet
  facet normal -0 0 1
    outer loop
      vertex 18.9689 13.75 2.2
      vertex 20.9608 12.6 2.2
      vertex 19.133 14.0075 2.2
    endloop
  endfacet
  facet normal 0 0 1
    outer loop
      vertex 21.4929 10.9124 2.2
      vertex 20.5208 8.82792 2.2
      vertex 20.8029 8.71108 2.2
    endloop
  endfacet
  facet normal 0 0 1
    outer loop
      vertex 20.9608 12.6 2.2
      vertex 18.9689 13.75 2.2
      vertex 20.9124 12.5071 2.2
    endloop
  endfacet
  facet normal 0 0 1
    outer loop
      vertex 21.4 10.9608 2.2
      vertex 20.25 8.96891 2.2
      vertex 20.5208 8.82792 2.2
    endloop
  endfacet
  facet normal -0 0 1
    outer loop
      vertex 18.8279 13.4792 2.2
      vertex 20.9124 12.5071 2.2
      vertex 18.9689 13.75 2.2
    endloop
  endfacet
  facet normal 0 0 1
    outer loop
      vertex 21.3117 11.017 2.2
      vertex 19.9925 9.13297 2.2
      vertex 20.25 8.96891 2.2
    endloop
  endfacet
  facet normal 0 0 1
    outer loop
      vertex 20.9124 12.5071 2.2
      vertex 18.8279 13.4792 2.2
      vertex 20.8724 12.4104 2.2
    endloop
  endfacet
  facet normal 0 0 1
    outer loop
      vertex 21.2287 11.0807 2.2
      vertex 19.7502 9.31884 2.2
      vertex 19.9925 9.13297 2.2
    endloop
  endfacet
  facet normal -0 0 1
    outer loop
      vertex 18.7111 13.1971 2.2
      vertex 20.8724 12.4104 2.2
      vertex 18.8279 13.4792 2.2
    endloop
  endfacet
  facet normal 0 0 1
    outer loop
      vertex 21.1515 11.1515 2.2
      vertex 19.5251 9.52513 2.2
      vertex 19.7502 9.31884 2.2
    endloop
  endfacet
  facet normal 0 0 1
    outer loop
      vertex 20.8724 12.4104 2.2
      vertex 18.7111 13.1971 2.2
      vertex 20.8409 12.3106 2.2
    endloop
  endfacet
  facet normal 0 0 1
    outer loop
      vertex 21.0807 11.2287 2.2
      vertex 19.3188 9.75024 2.2
      vertex 19.5251 9.52513 2.2
    endloop
  endfacet
  facet normal -0 0 1
    outer loop
      vertex 18.6193 12.9059 2.2
      vertex 20.8409 12.3106 2.2
      vertex 18.7111 13.1971 2.2
    endloop
  endfacet
  facet normal 0 0 1
    outer loop
      vertex 21.017 11.3117 2.2
      vertex 19.133 9.99248 2.2
      vertex 19.3188 9.75024 2.2
    endloop
  endfacet
  facet normal 0 0 1
    outer loop
      vertex 20.8409 12.3106 2.2
      vertex 18.6193 12.9059 2.2
      vertex 20.8182 12.2084 2.2
    endloop
  endfacet
  facet normal 0 0 1
    outer loop
      vertex 20.9608 11.4 2.2
      vertex 18.9689 10.25 2.2
      vertex 19.133 9.99248 2.2
    endloop
  endfacet
  facet normal -0 0 1
    outer loop
      vertex 18.5532 12.6078 2.2
      vertex 20.8182 12.2084 2.2
      vertex 18.6193 12.9059 2.2
    endloop
  endfacet
  facet normal 0 0 1
    outer loop
      vertex 20.9124 11.4929 2.2
      vertex 18.8279 10.5208 2.2
      vertex 18.9689 10.25 2.2
    endloop
  endfacet
  facet normal 0 0 1
    outer loop
      vertex 20.8182 12.2084 2.2
      vertex 18.5532 12.6078 2.2
      vertex 20.8046 12.1046 2.2
    endloop
  endfacet
  facet normal 0 0 1
    outer loop
      vertex 20.8724 11.5896 2.2
      vertex 18.7111 10.8029 2.2
      vertex 18.8279 10.5208 2.2
    endloop
  endfacet
  facet normal -0 0 1
    outer loop
      vertex 18.5133 12.305 2.2
      vertex 20.8046 12.1046 2.2
      vertex 18.5532 12.6078 2.2
    endloop
  endfacet
  facet normal 0 0 1
    outer loop
      vertex 20.8409 11.6894 2.2
      vertex 18.6193 11.0941 2.2
      vertex 18.7111 10.8029 2.2
    endloop
  endfacet
  facet normal 0 0 1
    outer loop
      vertex 20.8046 12.1046 2.2
      vertex 18.5133 12.305 2.2
      vertex 20.8 12 2.2
    endloop
  endfacet
  facet normal 0 0 1
    outer loop
      vertex 20.8182 11.7916 2.2
      vertex 18.5532 11.3922 2.2
      vertex 18.6193 11.0941 2.2
    endloop
  endfacet
  facet normal 0 0 1
    outer loop
      vertex 18.5 12 2.2
      vertex 20.8 12 2.2
      vertex 18.5133 12.305 2.2
    endloop
  endfacet
  facet normal 0 0 1
    outer loop
      vertex 20.8046 11.8954 2.2
      vertex 18.5133 11.695 2.2
      vertex 18.5532 11.3922 2.2
    endloop
  endfacet
  facet normal 0 0 1
    outer loop
      vertex 20.8 12 2.2
      vertex 18.5 12 2.2
      vertex 18.5133 11.695 2.2
    endloop
  endfacet
  facet normal -0.537426 0.843311 0
    outer loop
      vertex 20.25 15.0311 0
      vertex 19.9925 14.867 2.2
      vertex 20.25 15.0311 2.2
    endloop
  endfacet
  facet normal -0.537426 0.843311 0
    outer loop
      vertex 19.9925 14.867 2.2
      vertex 20.25 15.0311 0
      vertex 19.9925 14.867 0
    endloop
  endfacet
  facet normal 0.976287 -0.21648 0
    outer loop
      vertex 36.0171 11.0941 2.2
      vertex 36.0832 11.3922 0
      vertex 36.0832 11.3922 2.2
    endloop
  endfacet
  facet normal 0.976287 -0.21648 0
    outer loop
      vertex 36.0832 11.3922 0
      vertex 36.0171 11.0941 2.2
      vertex 36.0171 11.0941 0
    endloop
  endfacet
  facet normal 0.84333 -0.537397 0
    outer loop
      vertex 35.5034 9.99248 2.2
      vertex 35.6675 10.25 0
      vertex 35.6675 10.25 2.2
    endloop
  endfacet
  facet normal 0.84333 -0.537397 0
    outer loop
      vertex 35.6675 10.25 0
      vertex 35.5034 9.99248 2.2
      vertex 35.5034 9.99248 0
    endloop
  endfacet
  facet normal -0.461801 -0.886983 0
    outer loop
      vertex 20.25 8.96891 0
      vertex 20.5208 8.82792 2.2
      vertex 20.25 8.96891 2.2
    endloop
  endfacet
  facet normal -0.461801 -0.886983 -0
    outer loop
      vertex 20.5208 8.82792 2.2
      vertex 20.25 8.96891 0
      vertex 20.5208 8.82792 0
    endloop
  endfacet
  facet normal 0.382656 -0.923891 0
    outer loop
      vertex 33.8335 8.71108 0
      vertex 34.1156 8.82792 2.2
      vertex 33.8335 8.71108 2.2
    endloop
  endfacet
  facet normal 0.382656 -0.923891 0
    outer loop
      vertex 34.1156 8.82792 2.2
      vertex 33.8335 8.71108 0
      vertex 34.1156 8.82792 0
    endloop
  endfacet
  facet normal 0.21648 0.976287 -0
    outer loop
      vertex 33.5423 15.3807 0
      vertex 33.2442 15.4468 2.2
      vertex 33.5423 15.3807 2.2
    endloop
  endfacet
  facet normal 0.21648 0.976287 0
    outer loop
      vertex 33.2442 15.4468 2.2
      vertex 33.5423 15.3807 0
      vertex 33.2442 15.4468 0
    endloop
  endfacet
  facet normal 0.130641 0.99143 -0
    outer loop
      vertex 33.2442 15.4468 0
      vertex 32.9414 15.4867 2.2
      vertex 33.2442 15.4468 2.2
    endloop
  endfacet
  facet normal 0.130641 0.99143 0
    outer loop
      vertex 32.9414 15.4867 2.2
      vertex 33.2442 15.4468 0
      vertex 32.9414 15.4867 0
    endloop
  endfacet
  facet normal 0.99143 0.130641 0
    outer loop
      vertex 36.1231 12.305 2.2
      vertex 36.0832 12.6078 0
      vertex 36.0832 12.6078 2.2
    endloop
  endfacet
  facet normal 0.99143 0.130641 0
    outer loop
      vertex 36.0832 12.6078 0
      vertex 36.1231 12.305 2.2
      vertex 36.1231 12.305 0
    endloop
  endfacet
  facet normal 0.976287 0.21648 0
    outer loop
      vertex 36.0832 12.6078 2.2
      vertex 36.0171 12.9059 0
      vertex 36.0171 12.9059 2.2
    endloop
  endfacet
  facet normal 0.976287 0.21648 0
    outer loop
      vertex 36.0171 12.9059 0
      vertex 36.0832 12.6078 2.2
      vertex 36.0832 12.6078 0
    endloop
  endfacet
  facet normal -0.130641 0.99143 0
    outer loop
      vertex 21.695 15.4867 0
      vertex 21.3922 15.4468 2.2
      vertex 21.695 15.4867 2.2
    endloop
  endfacet
  facet normal -0.130641 0.99143 0
    outer loop
      vertex 21.3922 15.4468 2.2
      vertex 21.695 15.4867 0
      vertex 21.3922 15.4468 0
    endloop
  endfacet
  facet normal -0.953731 -0.300661 0
    outer loop
      vertex 18.7111 10.8029 0
      vertex 18.6193 11.0941 2.2
      vertex 18.6193 11.0941 0
    endloop
  endfacet
  facet normal -0.953731 -0.300661 0
    outer loop
      vertex 18.6193 11.0941 2.2
      vertex 18.7111 10.8029 0
      vertex 18.7111 10.8029 2.2
    endloop
  endfacet
  facet normal -0.923937 -0.382545 0
    outer loop
      vertex 18.8279 10.5208 0
      vertex 18.7111 10.8029 2.2
      vertex 18.7111 10.8029 0
    endloop
  endfacet
  facet normal -0.923937 -0.382545 0
    outer loop
      vertex 18.7111 10.8029 2.2
      vertex 18.8279 10.5208 0
      vertex 18.8279 10.5208 2.2
    endloop
  endfacet
  facet normal -0.382656 -0.923891 0
    outer loop
      vertex 20.5208 8.82792 0
      vertex 20.8029 8.71108 2.2
      vertex 20.5208 8.82792 2.2
    endloop
  endfacet
  facet normal -0.382656 -0.923891 -0
    outer loop
      vertex 20.8029 8.71108 2.2
      vertex 20.5208 8.82792 0
      vertex 20.8029 8.71108 0
    endloop
  endfacet
  facet normal -0.991526 -0.129911 0
    outer loop
      vertex 23.1954 12.1046 0
      vertex 23.1818 12.2084 2.2
      vertex 23.1818 12.2084 0
    endloop
  endfacet
  facet normal -0.991526 -0.129911 0
    outer loop
      vertex 23.1818 12.2084 2.2
      vertex 23.1954 12.1046 0
      vertex 23.1954 12.1046 2.2
    endloop
  endfacet
  facet normal -0.999034 -0.0439346 0
    outer loop
      vertex 23.2 12 0
      vertex 23.1954 12.1046 2.2
      vertex 23.1954 12.1046 0
    endloop
  endfacet
  facet normal -0.999034 -0.0439346 0
    outer loop
      vertex 23.1954 12.1046 2.2
      vertex 23.2 12 0
      vertex 23.2 12 2.2
    endloop
  endfacet
  facet normal -0.97621 -0.216829 0
    outer loop
      vertex 23.1818 12.2084 0
      vertex 23.1591 12.3106 2.2
      vertex 23.1591 12.3106 0
    endloop
  endfacet
  facet normal -0.97621 -0.216829 0
    outer loop
      vertex 23.1591 12.3106 2.2
      vertex 23.1818 12.2084 0
      vertex 23.1818 12.2084 2.2
    endloop
  endfacet
  facet normal -0.300994 0.953626 0
    outer loop
      vertex 22.4104 10.8724 0
      vertex 22.3106 10.8409 2.2
      vertex 22.4104 10.8724 2.2
    endloop
  endfacet
  facet normal -0.300994 0.953626 0
    outer loop
      vertex 22.3106 10.8409 2.2
      vertex 22.4104 10.8724 0
      vertex 22.3106 10.8409 0
    endloop
  endfacet
  facet normal -0.536937 -0.843622 0
    outer loop
      vertex 22.6 13.0392 0
      vertex 22.6883 12.983 2.2
      vertex 22.6 13.0392 2.2
    endloop
  endfacet
  facet normal -0.536937 -0.843622 -0
    outer loop
      vertex 22.6883 12.983 2.2
      vertex 22.6 13.0392 0
      vertex 22.6883 12.983 0
    endloop
  endfacet
  facet normal -0.0439346 -0.999034 0
    outer loop
      vertex 22 13.2 0
      vertex 22.1046 13.1954 2.2
      vertex 22 13.2 2.2
    endloop
  endfacet
  facet normal -0.0439346 -0.999034 -0
    outer loop
      vertex 22.1046 13.1954 2.2
      vertex 22 13.2 0
      vertex 22.1046 13.1954 0
    endloop
  endfacet
  facet normal 0.129911 0.991526 -0
    outer loop
      vertex 21.8954 10.8046 0
      vertex 21.7916 10.8182 2.2
      vertex 21.8954 10.8046 2.2
    endloop
  endfacet
  facet normal 0.129911 0.991526 0
    outer loop
      vertex 21.7916 10.8182 2.2
      vertex 21.8954 10.8046 0
      vertex 21.7916 10.8182 0
    endloop
  endfacet
  facet normal 0.0439346 0.999034 -0
    outer loop
      vertex 22 10.8 0
      vertex 21.8954 10.8046 2.2
      vertex 22 10.8 2.2
    endloop
  endfacet
  facet normal 0.0439346 0.999034 0
    outer loop
      vertex 21.8954 10.8046 2.2
      vertex 22 10.8 0
      vertex 21.8954 10.8046 0
    endloop
  endfacet
  facet normal -0.843622 0.536937 0
    outer loop
      vertex 22.983 11.3117 0
      vertex 23.0392 11.4 2.2
      vertex 23.0392 11.4 0
    endloop
  endfacet
  facet normal -0.843622 0.536937 0
    outer loop
      vertex 23.0392 11.4 2.2
      vertex 22.983 11.3117 0
      vertex 22.983 11.3117 2.2
    endloop
  endfacet
  facet normal -0.924063 -0.382239 0
    outer loop
      vertex 23.1276 12.4104 0
      vertex 23.0876 12.5071 2.2
      vertex 23.0876 12.5071 0
    endloop
  endfacet
  facet normal -0.924063 -0.382239 0
    outer loop
      vertex 23.0876 12.5071 2.2
      vertex 23.1276 12.4104 0
      vertex 23.1276 12.4104 2.2
    endloop
  endfacet
  facet normal -0.991526 0.129911 0
    outer loop
      vertex 23.1818 11.7916 0
      vertex 23.1954 11.8954 2.2
      vertex 23.1954 11.8954 0
    endloop
  endfacet
  facet normal -0.991526 0.129911 0
    outer loop
      vertex 23.1954 11.8954 2.2
      vertex 23.1818 11.7916 0
      vertex 23.1818 11.7916 2.2
    endloop
  endfacet
  facet normal 0.216829 0.97621 -0
    outer loop
      vertex 21.7916 10.8182 0
      vertex 21.6894 10.8409 2.2
      vertex 21.7916 10.8182 2.2
    endloop
  endfacet
  facet normal 0.216829 0.97621 0
    outer loop
      vertex 21.6894 10.8409 2.2
      vertex 21.7916 10.8182 0
      vertex 21.6894 10.8409 0
    endloop
  endfacet
  facet normal 0.736996 0.675898 0
    outer loop
      vertex 21.1515 11.1515 2.2
      vertex 21.0807 11.2287 0
      vertex 21.0807 11.2287 2.2
    endloop
  endfacet
  facet normal 0.736996 0.675898 0
    outer loop
      vertex 21.0807 11.2287 0
      vertex 21.1515 11.1515 2.2
      vertex 21.1515 11.1515 0
    endloop
  endfacet
  facet normal 0.608833 -0.793299 0
    outer loop
      vertex 21.2287 12.9193 0
      vertex 21.3117 12.983 2.2
      vertex 21.2287 12.9193 2.2
    endloop
  endfacet
  facet normal 0.608833 -0.793299 0
    outer loop
      vertex 21.3117 12.983 2.2
      vertex 21.2287 12.9193 0
      vertex 21.3117 12.983 0
    endloop
  endfacet
  facet normal -0.608833 -0.793299 0
    outer loop
      vertex 22.6883 12.983 0
      vertex 22.7713 12.9193 2.2
      vertex 22.6883 12.983 2.2
    endloop
  endfacet
  facet normal -0.608833 -0.793299 -0
    outer loop
      vertex 22.7713 12.9193 2.2
      vertex 22.6883 12.983 0
      vertex 22.7713 12.9193 0
    endloop
  endfacet
  facet normal 0.999034 -0.0439346 0
    outer loop
      vertex 20.8 12 2.2
      vertex 20.8046 12.1046 0
      vertex 20.8046 12.1046 2.2
    endloop
  endfacet
  facet normal 0.999034 -0.0439346 0
    outer loop
      vertex 20.8046 12.1046 0
      vertex 20.8 12 2.2
      vertex 20.8 12 0
    endloop
  endfacet
  facet normal 0.0439346 -0.999034 0
    outer loop
      vertex 21.8954 13.1954 0
      vertex 22 13.2 2.2
      vertex 21.8954 13.1954 2.2
    endloop
  endfacet
  facet normal 0.0439346 -0.999034 0
    outer loop
      vertex 22 13.2 2.2
      vertex 21.8954 13.1954 0
      vertex 22 13.2 0
    endloop
  endfacet
  facet normal 0.300994 -0.953626 0
    outer loop
      vertex 21.5896 13.1276 0
      vertex 21.6894 13.1591 2.2
      vertex 21.5896 13.1276 2.2
    endloop
  endfacet
  facet normal 0.300994 -0.953626 0
    outer loop
      vertex 21.6894 13.1591 2.2
      vertex 21.5896 13.1276 0
      vertex 21.6894 13.1591 0
    endloop
  endfacet
  facet normal -0.382239 0.924063 0
    outer loop
      vertex 22.5071 10.9124 0
      vertex 22.4104 10.8724 2.2
      vertex 22.5071 10.9124 2.2
    endloop
  endfacet
  facet normal -0.382239 0.924063 0
    outer loop
      vertex 22.4104 10.8724 2.2
      vertex 22.5071 10.9124 0
      vertex 22.4104 10.8724 0
    endloop
  endfacet
  facet normal -0.0439346 0.999034 0
    outer loop
      vertex 22.1046 10.8046 0
      vertex 22 10.8 2.2
      vertex 22.1046 10.8046 2.2
    endloop
  endfacet
  facet normal -0.0439346 0.999034 0
    outer loop
      vertex 22 10.8 2.2
      vertex 22.1046 10.8046 0
      vertex 22 10.8 0
    endloop
  endfacet
  facet normal -0.462044 -0.886857 0
    outer loop
      vertex 22.5071 13.0876 0
      vertex 22.6 13.0392 2.2
      vertex 22.5071 13.0876 2.2
    endloop
  endfacet
  facet normal -0.462044 -0.886857 -0
    outer loop
      vertex 22.6 13.0392 2.2
      vertex 22.5071 13.0876 0
      vertex 22.6 13.0392 0
    endloop
  endfacet
  facet normal 0.886857 -0.462044 0
    outer loop
      vertex 20.9124 12.5071 2.2
      vertex 20.9608 12.6 0
      vertex 20.9608 12.6 2.2
    endloop
  endfacet
  facet normal 0.886857 -0.462044 0
    outer loop
      vertex 20.9608 12.6 0
      vertex 20.9124 12.5071 2.2
      vertex 20.9124 12.5071 0
    endloop
  endfacet
  facet normal -0.675898 -0.736996 0
    outer loop
      vertex 22.7713 12.9193 0
      vertex 22.8485 12.8485 2.2
      vertex 22.7713 12.9193 2.2
    endloop
  endfacet
  facet normal -0.675898 -0.736996 -0
    outer loop
      vertex 22.8485 12.8485 2.2
      vertex 22.7713 12.9193 0
      vertex 22.8485 12.8485 0
    endloop
  endfacet
  facet normal -0.216829 -0.97621 0
    outer loop
      vertex 22.2084 13.1818 0
      vertex 22.3106 13.1591 2.2
      vertex 22.2084 13.1818 2.2
    endloop
  endfacet
  facet normal -0.216829 -0.97621 -0
    outer loop
      vertex 22.3106 13.1591 2.2
      vertex 22.2084 13.1818 0
      vertex 22.3106 13.1591 0
    endloop
  endfacet
  facet normal 0.924063 -0.382239 0
    outer loop
      vertex 20.8724 12.4104 2.2
      vertex 20.9124 12.5071 0
      vertex 20.9124 12.5071 2.2
    endloop
  endfacet
  facet normal 0.924063 -0.382239 0
    outer loop
      vertex 20.9124 12.5071 0
      vertex 20.8724 12.4104 2.2
      vertex 20.8724 12.4104 0
    endloop
  endfacet
  facet normal 0.793299 -0.608833 0
    outer loop
      vertex 21.017 12.6883 2.2
      vertex 21.0807 12.7713 0
      vertex 21.0807 12.7713 2.2
    endloop
  endfacet
  facet normal 0.793299 -0.608833 0
    outer loop
      vertex 21.0807 12.7713 0
      vertex 21.017 12.6883 2.2
      vertex 21.017 12.6883 0
    endloop
  endfacet
  facet normal 0.382239 -0.924063 0
    outer loop
      vertex 21.4929 13.0876 0
      vertex 21.5896 13.1276 2.2
      vertex 21.4929 13.0876 2.2
    endloop
  endfacet
  facet normal 0.382239 -0.924063 0
    outer loop
      vertex 21.5896 13.1276 2.2
      vertex 21.4929 13.0876 0
      vertex 21.5896 13.1276 0
    endloop
  endfacet
  facet normal -0.953626 0.300994 0
    outer loop
      vertex 23.1276 11.5896 0
      vertex 23.1591 11.6894 2.2
      vertex 23.1591 11.6894 0
    endloop
  endfacet
  facet normal -0.953626 0.300994 0
    outer loop
      vertex 23.1591 11.6894 2.2
      vertex 23.1276 11.5896 0
      vertex 23.1276 11.5896 2.2
    endloop
  endfacet
  facet normal -0.129911 0.991526 0
    outer loop
      vertex 22.2084 10.8182 0
      vertex 22.1046 10.8046 2.2
      vertex 22.2084 10.8182 2.2
    endloop
  endfacet
  facet normal -0.129911 0.991526 0
    outer loop
      vertex 22.1046 10.8046 2.2
      vertex 22.2084 10.8182 0
      vertex 22.1046 10.8046 0
    endloop
  endfacet
  facet normal -0.793299 0.608833 0
    outer loop
      vertex 22.9193 11.2287 0
      vertex 22.983 11.3117 2.2
      vertex 22.983 11.3117 0
    endloop
  endfacet
  facet normal -0.793299 0.608833 0
    outer loop
      vertex 22.983 11.3117 2.2
      vertex 22.9193 11.2287 0
      vertex 22.9193 11.2287 2.2
    endloop
  endfacet
  facet normal -0.793299 -0.608833 0
    outer loop
      vertex 22.983 12.6883 0
      vertex 22.9193 12.7713 2.2
      vertex 22.9193 12.7713 0
    endloop
  endfacet
  facet normal -0.793299 -0.608833 0
    outer loop
      vertex 22.9193 12.7713 2.2
      vertex 22.983 12.6883 0
      vertex 22.983 12.6883 2.2
    endloop
  endfacet
  facet normal 0.675898 -0.736996 0
    outer loop
      vertex 21.1515 12.8485 0
      vertex 21.2287 12.9193 2.2
      vertex 21.1515 12.8485 2.2
    endloop
  endfacet
  facet normal 0.675898 -0.736996 0
    outer loop
      vertex 21.2287 12.9193 2.2
      vertex 21.1515 12.8485 0
      vertex 21.2287 12.9193 0
    endloop
  endfacet
  facet normal -0.999034 0.0439346 0
    outer loop
      vertex 23.1954 11.8954 0
      vertex 23.2 12 2.2
      vertex 23.2 12 0
    endloop
  endfacet
  facet normal -0.999034 0.0439346 0
    outer loop
      vertex 23.2 12 2.2
      vertex 23.1954 11.8954 0
      vertex 23.1954 11.8954 2.2
    endloop
  endfacet
  facet normal 0.999034 0.0439346 0
    outer loop
      vertex 20.8046 11.8954 2.2
      vertex 20.8 12 0
      vertex 20.8 12 2.2
    endloop
  endfacet
  facet normal 0.999034 0.0439346 0
    outer loop
      vertex 20.8 12 0
      vertex 20.8046 11.8954 2.2
      vertex 20.8046 11.8954 0
    endloop
  endfacet
  facet normal -0.886857 -0.462044 0
    outer loop
      vertex 23.0876 12.5071 0
      vertex 23.0392 12.6 2.2
      vertex 23.0392 12.6 0
    endloop
  endfacet
  facet normal -0.886857 -0.462044 0
    outer loop
      vertex 23.0392 12.6 2.2
      vertex 23.0876 12.5071 0
      vertex 23.0876 12.5071 2.2
    endloop
  endfacet
  facet normal -0.129911 -0.991526 0
    outer loop
      vertex 22.1046 13.1954 0
      vertex 22.2084 13.1818 2.2
      vertex 22.1046 13.1954 2.2
    endloop
  endfacet
  facet normal -0.129911 -0.991526 -0
    outer loop
      vertex 22.2084 13.1818 2.2
      vertex 22.1046 13.1954 0
      vertex 22.2084 13.1818 0
    endloop
  endfacet
  facet normal -0.382239 -0.924063 0
    outer loop
      vertex 22.4104 13.1276 0
      vertex 22.5071 13.0876 2.2
      vertex 22.4104 13.1276 2.2
    endloop
  endfacet
  facet normal -0.382239 -0.924063 -0
    outer loop
      vertex 22.5071 13.0876 2.2
      vertex 22.4104 13.1276 0
      vertex 22.5071 13.0876 0
    endloop
  endfacet
  facet normal -0.736996 -0.675898 0
    outer loop
      vertex 22.9193 12.7713 0
      vertex 22.8485 12.8485 2.2
      vertex 22.8485 12.8485 0
    endloop
  endfacet
  facet normal -0.736996 -0.675898 0
    outer loop
      vertex 22.8485 12.8485 2.2
      vertex 22.9193 12.7713 0
      vertex 22.9193 12.7713 2.2
    endloop
  endfacet
  facet normal -0.462044 0.886857 0
    outer loop
      vertex 22.6 10.9608 0
      vertex 22.5071 10.9124 2.2
      vertex 22.6 10.9608 2.2
    endloop
  endfacet
  facet normal -0.462044 0.886857 0
    outer loop
      vertex 22.5071 10.9124 2.2
      vertex 22.6 10.9608 0
      vertex 22.5071 10.9124 0
    endloop
  endfacet
  facet normal -0.300994 -0.953626 0
    outer loop
      vertex 22.3106 13.1591 0
      vertex 22.4104 13.1276 2.2
      vertex 22.3106 13.1591 2.2
    endloop
  endfacet
  facet normal -0.300994 -0.953626 -0
    outer loop
      vertex 22.4104 13.1276 2.2
      vertex 22.3106 13.1591 0
      vertex 22.4104 13.1276 0
    endloop
  endfacet
  facet normal 0.991526 0.129911 0
    outer loop
      vertex 20.8182 11.7916 2.2
      vertex 20.8046 11.8954 0
      vertex 20.8046 11.8954 2.2
    endloop
  endfacet
  facet normal 0.991526 0.129911 0
    outer loop
      vertex 20.8046 11.8954 0
      vertex 20.8182 11.7916 2.2
      vertex 20.8182 11.7916 0
    endloop
  endfacet
  facet normal -0.536937 0.843622 0
    outer loop
      vertex 22.6883 11.017 0
      vertex 22.6 10.9608 2.2
      vertex 22.6883 11.017 2.2
    endloop
  endfacet
  facet normal -0.536937 0.843622 0
    outer loop
      vertex 22.6 10.9608 2.2
      vertex 22.6883 11.017 0
      vertex 22.6 10.9608 0
    endloop
  endfacet
  facet normal -0.924063 0.382239 0
    outer loop
      vertex 23.0876 11.4929 0
      vertex 23.1276 11.5896 2.2
      vertex 23.1276 11.5896 0
    endloop
  endfacet
  facet normal -0.924063 0.382239 0
    outer loop
      vertex 23.1276 11.5896 2.2
      vertex 23.0876 11.4929 0
      vertex 23.0876 11.4929 2.2
    endloop
  endfacet
  facet normal 0.843622 0.536937 0
    outer loop
      vertex 21.017 11.3117 2.2
      vertex 20.9608 11.4 0
      vertex 20.9608 11.4 2.2
    endloop
  endfacet
  facet normal 0.843622 0.536937 0
    outer loop
      vertex 20.9608 11.4 0
      vertex 21.017 11.3117 2.2
      vertex 21.017 11.3117 0
    endloop
  endfacet
  facet normal -0.886857 0.462044 0
    outer loop
      vertex 23.0392 11.4 0
      vertex 23.0876 11.4929 2.2
      vertex 23.0876 11.4929 0
    endloop
  endfacet
  facet normal -0.886857 0.462044 0
    outer loop
      vertex 23.0876 11.4929 2.2
      vertex 23.0392 11.4 0
      vertex 23.0392 11.4 2.2
    endloop
  endfacet
  facet normal -0.843622 -0.536937 0
    outer loop
      vertex 23.0392 12.6 0
      vertex 22.983 12.6883 2.2
      vertex 22.983 12.6883 0
    endloop
  endfacet
  facet normal -0.843622 -0.536937 0
    outer loop
      vertex 22.983 12.6883 2.2
      vertex 23.0392 12.6 0
      vertex 23.0392 12.6 2.2
    endloop
  endfacet
  facet normal -0.97621 0.216829 0
    outer loop
      vertex 23.1591 11.6894 0
      vertex 23.1818 11.7916 2.2
      vertex 23.1818 11.7916 0
    endloop
  endfacet
  facet normal -0.97621 0.216829 0
    outer loop
      vertex 23.1818 11.7916 2.2
      vertex 23.1591 11.6894 0
      vertex 23.1591 11.6894 2.2
    endloop
  endfacet
  facet normal 0.382239 0.924063 -0
    outer loop
      vertex 21.5896 10.8724 0
      vertex 21.4929 10.9124 2.2
      vertex 21.5896 10.8724 2.2
    endloop
  endfacet
  facet normal 0.382239 0.924063 0
    outer loop
      vertex 21.4929 10.9124 2.2
      vertex 21.5896 10.8724 0
      vertex 21.4929 10.9124 0
    endloop
  endfacet
  facet normal 0.216829 -0.97621 0
    outer loop
      vertex 21.6894 13.1591 0
      vertex 21.7916 13.1818 2.2
      vertex 21.6894 13.1591 2.2
    endloop
  endfacet
  facet normal 0.216829 -0.97621 0
    outer loop
      vertex 21.7916 13.1818 2.2
      vertex 21.6894 13.1591 0
      vertex 21.7916 13.1818 0
    endloop
  endfacet
  facet normal 0.129911 -0.991526 0
    outer loop
      vertex 21.7916 13.1818 0
      vertex 21.8954 13.1954 2.2
      vertex 21.7916 13.1818 2.2
    endloop
  endfacet
  facet normal 0.129911 -0.991526 0
    outer loop
      vertex 21.8954 13.1954 2.2
      vertex 21.7916 13.1818 0
      vertex 21.8954 13.1954 0
    endloop
  endfacet
  facet normal 0.675898 0.736996 -0
    outer loop
      vertex 21.2287 11.0807 0
      vertex 21.1515 11.1515 2.2
      vertex 21.2287 11.0807 2.2
    endloop
  endfacet
  facet normal 0.675898 0.736996 0
    outer loop
      vertex 21.1515 11.1515 2.2
      vertex 21.2287 11.0807 0
      vertex 21.1515 11.1515 0
    endloop
  endfacet
  facet normal 0.886857 0.462044 0
    outer loop
      vertex 20.9608 11.4 2.2
      vertex 20.9124 11.4929 0
      vertex 20.9124 11.4929 2.2
    endloop
  endfacet
  facet normal 0.886857 0.462044 0
    outer loop
      vertex 20.9124 11.4929 0
      vertex 20.9608 11.4 2.2
      vertex 20.9608 11.4 0
    endloop
  endfacet
  facet normal 0.924063 0.382239 0
    outer loop
      vertex 20.9124 11.4929 2.2
      vertex 20.8724 11.5896 0
      vertex 20.8724 11.5896 2.2
    endloop
  endfacet
  facet normal 0.924063 0.382239 0
    outer loop
      vertex 20.8724 11.5896 0
      vertex 20.9124 11.4929 2.2
      vertex 20.9124 11.4929 0
    endloop
  endfacet
  facet normal -0.736996 0.675898 0
    outer loop
      vertex 22.8485 11.1515 0
      vertex 22.9193 11.2287 2.2
      vertex 22.9193 11.2287 0
    endloop
  endfacet
  facet normal -0.736996 0.675898 0
    outer loop
      vertex 22.9193 11.2287 2.2
      vertex 22.8485 11.1515 0
      vertex 22.8485 11.1515 2.2
    endloop
  endfacet
  facet normal 0.793299 0.608833 0
    outer loop
      vertex 21.0807 11.2287 2.2
      vertex 21.017 11.3117 0
      vertex 21.017 11.3117 2.2
    endloop
  endfacet
  facet normal 0.793299 0.608833 0
    outer loop
      vertex 21.017 11.3117 0
      vertex 21.0807 11.2287 2.2
      vertex 21.0807 11.2287 0
    endloop
  endfacet
  facet normal 0.953626 0.300994 0
    outer loop
      vertex 20.8724 11.5896 2.2
      vertex 20.8409 11.6894 0
      vertex 20.8409 11.6894 2.2
    endloop
  endfacet
  facet normal 0.953626 0.300994 0
    outer loop
      vertex 20.8409 11.6894 0
      vertex 20.8724 11.5896 2.2
      vertex 20.8724 11.5896 0
    endloop
  endfacet
  facet normal -0.953626 -0.300994 0
    outer loop
      vertex 23.1591 12.3106 0
      vertex 23.1276 12.4104 2.2
      vertex 23.1276 12.4104 0
    endloop
  endfacet
  facet normal -0.953626 -0.300994 0
    outer loop
      vertex 23.1276 12.4104 2.2
      vertex 23.1591 12.3106 0
      vertex 23.1591 12.3106 2.2
    endloop
  endfacet
  facet normal 0.300994 0.953626 -0
    outer loop
      vertex 21.6894 10.8409 0
      vertex 21.5896 10.8724 2.2
      vertex 21.6894 10.8409 2.2
    endloop
  endfacet
  facet normal 0.300994 0.953626 0
    outer loop
      vertex 21.5896 10.8724 2.2
      vertex 21.6894 10.8409 0
      vertex 21.5896 10.8724 0
    endloop
  endfacet
  facet normal 0.953626 -0.300994 0
    outer loop
      vertex 20.8409 12.3106 2.2
      vertex 20.8724 12.4104 0
      vertex 20.8724 12.4104 2.2
    endloop
  endfacet
  facet normal 0.953626 -0.300994 0
    outer loop
      vertex 20.8724 12.4104 0
      vertex 20.8409 12.3106 2.2
      vertex 20.8409 12.3106 0
    endloop
  endfacet
  facet normal 0.97621 0.216829 0
    outer loop
      vertex 20.8409 11.6894 2.2
      vertex 20.8182 11.7916 0
      vertex 20.8182 11.7916 2.2
    endloop
  endfacet
  facet normal 0.97621 0.216829 0
    outer loop
      vertex 20.8182 11.7916 0
      vertex 20.8409 11.6894 2.2
      vertex 20.8409 11.6894 0
    endloop
  endfacet
  facet normal 0.843622 -0.536937 0
    outer loop
      vertex 20.9608 12.6 2.2
      vertex 21.017 12.6883 0
      vertex 21.017 12.6883 2.2
    endloop
  endfacet
  facet normal 0.843622 -0.536937 0
    outer loop
      vertex 21.017 12.6883 0
      vertex 20.9608 12.6 2.2
      vertex 20.9608 12.6 0
    endloop
  endfacet
  facet normal 0.736996 -0.675898 0
    outer loop
      vertex 21.0807 12.7713 2.2
      vertex 21.1515 12.8485 0
      vertex 21.1515 12.8485 2.2
    endloop
  endfacet
  facet normal 0.736996 -0.675898 0
    outer loop
      vertex 21.1515 12.8485 0
      vertex 21.0807 12.7713 2.2
      vertex 21.0807 12.7713 0
    endloop
  endfacet
  facet normal 0.462044 -0.886857 0
    outer loop
      vertex 21.4 13.0392 0
      vertex 21.4929 13.0876 2.2
      vertex 21.4 13.0392 2.2
    endloop
  endfacet
  facet normal 0.462044 -0.886857 0
    outer loop
      vertex 21.4929 13.0876 2.2
      vertex 21.4 13.0392 0
      vertex 21.4929 13.0876 0
    endloop
  endfacet
  facet normal -0.608833 0.793299 0
    outer loop
      vertex 22.7713 11.0807 0
      vertex 22.6883 11.017 2.2
      vertex 22.7713 11.0807 2.2
    endloop
  endfacet
  facet normal -0.608833 0.793299 0
    outer loop
      vertex 22.6883 11.017 2.2
      vertex 22.7713 11.0807 0
      vertex 22.6883 11.017 0
    endloop
  endfacet
  facet normal 0.536937 0.843622 -0
    outer loop
      vertex 21.4 10.9608 0
      vertex 21.3117 11.017 2.2
      vertex 21.4 10.9608 2.2
    endloop
  endfacet
  facet normal 0.536937 0.843622 0
    outer loop
      vertex 21.3117 11.017 2.2
      vertex 21.4 10.9608 0
      vertex 21.3117 11.017 0
    endloop
  endfacet
  facet normal 0.97621 -0.216829 0
    outer loop
      vertex 20.8182 12.2084 2.2
      vertex 20.8409 12.3106 0
      vertex 20.8409 12.3106 2.2
    endloop
  endfacet
  facet normal 0.97621 -0.216829 0
    outer loop
      vertex 20.8409 12.3106 0
      vertex 20.8182 12.2084 2.2
      vertex 20.8182 12.2084 0
    endloop
  endfacet
  facet normal -0.216829 0.97621 0
    outer loop
      vertex 22.3106 10.8409 0
      vertex 22.2084 10.8182 2.2
      vertex 22.3106 10.8409 2.2
    endloop
  endfacet
  facet normal -0.216829 0.97621 0
    outer loop
      vertex 22.2084 10.8182 2.2
      vertex 22.3106 10.8409 0
      vertex 22.2084 10.8182 0
    endloop
  endfacet
  facet normal 0.991526 -0.129911 0
    outer loop
      vertex 20.8046 12.1046 2.2
      vertex 20.8182 12.2084 0
      vertex 20.8182 12.2084 2.2
    endloop
  endfacet
  facet normal 0.991526 -0.129911 0
    outer loop
      vertex 20.8182 12.2084 0
      vertex 20.8046 12.1046 2.2
      vertex 20.8046 12.1046 0
    endloop
  endfacet
  facet normal 0.536937 -0.843622 0
    outer loop
      vertex 21.3117 12.983 0
      vertex 21.4 13.0392 2.2
      vertex 21.3117 12.983 2.2
    endloop
  endfacet
  facet normal 0.536937 -0.843622 0
    outer loop
      vertex 21.4 13.0392 2.2
      vertex 21.3117 12.983 0
      vertex 21.4 13.0392 0
    endloop
  endfacet
  facet normal -0.675898 0.736996 0
    outer loop
      vertex 22.8485 11.1515 0
      vertex 22.7713 11.0807 2.2
      vertex 22.8485 11.1515 2.2
    endloop
  endfacet
  facet normal -0.675898 0.736996 0
    outer loop
      vertex 22.7713 11.0807 2.2
      vertex 22.8485 11.1515 0
      vertex 22.7713 11.0807 0
    endloop
  endfacet
  facet normal 0.462044 0.886857 -0
    outer loop
      vertex 21.4929 10.9124 0
      vertex 21.4 10.9608 2.2
      vertex 21.4929 10.9124 2.2
    endloop
  endfacet
  facet normal 0.462044 0.886857 0
    outer loop
      vertex 21.4 10.9608 2.2
      vertex 21.4929 10.9124 0
      vertex 21.4 10.9608 0
    endloop
  endfacet
  facet normal 0.608833 0.793299 -0
    outer loop
      vertex 21.3117 11.017 0
      vertex 21.2287 11.0807 2.2
      vertex 21.3117 11.017 2.2
    endloop
  endfacet
  facet normal 0.608833 0.793299 0
    outer loop
      vertex 21.2287 11.0807 2.2
      vertex 21.3117 11.017 0
      vertex 21.2287 11.0807 0
    endloop
  endfacet
  facet normal -0.999063 -0.0432899 0
    outer loop
      vertex 33.9864 12 0
      vertex 33.9813 12.1177 2.2
      vertex 33.9813 12.1177 0
    endloop
  endfacet
  facet normal -0.999063 -0.0432899 0
    outer loop
      vertex 33.9813 12.1177 2.2
      vertex 33.9864 12 0
      vertex 33.9864 12 2.2
    endloop
  endfacet
  facet normal 0.461754 0.887008 -0
    outer loop
      vertex 32.0659 10.7765 0
      vertex 31.9614 10.8309 2.2
      vertex 32.0659 10.7765 2.2
    endloop
  endfacet
  facet normal 0.461754 0.887008 0
    outer loop
      vertex 31.9614 10.8309 2.2
      vertex 32.0659 10.7765 0
      vertex 31.9614 10.8309 0
    endloop
  endfacet
  facet normal 0.0432899 0.999063 -0
    outer loop
      vertex 32.6364 10.65 0
      vertex 32.5187 10.6551 2.2
      vertex 32.6364 10.65 2.2
    endloop
  endfacet
  facet normal 0.0432899 0.999063 0
    outer loop
      vertex 32.5187 10.6551 2.2
      vertex 32.6364 10.65 0
      vertex 32.5187 10.6551 0
    endloop
  endfacet
  facet normal -0.999063 0.0432899 0
    outer loop
      vertex 33.9813 11.8823 0
      vertex 33.9864 12 2.2
      vertex 33.9864 12 0
    endloop
  endfacet
  facet normal -0.999063 0.0432899 0
    outer loop
      vertex 33.9864 12 2.2
      vertex 33.9813 11.8823 0
      vertex 33.9813 11.8823 2.2
    endloop
  endfacet
  facet normal -0.843627 -0.53693 0
    outer loop
      vertex 33.8055 12.675 0
      vertex 33.7423 12.7743 2.2
      vertex 33.7423 12.7743 0
    endloop
  endfacet
  facet normal -0.843627 -0.53693 0
    outer loop
      vertex 33.7423 12.7743 2.2
      vertex 33.8055 12.675 0
      vertex 33.8055 12.675 2.2
    endloop
  endfacet
  facet normal -0.843627 0.53693 0
    outer loop
      vertex 33.7423 11.2257 0
      vertex 33.8055 11.325 2.2
      vertex 33.8055 11.325 0
    endloop
  endfacet
  facet normal -0.843627 0.53693 0
    outer loop
      vertex 33.8055 11.325 2.2
      vertex 33.7423 11.2257 0
      vertex 33.7423 11.2257 2.2
    endloop
  endfacet
  facet normal 0.991405 0.130828 0
    outer loop
      vertex 31.3069 11.7656 2.2
      vertex 31.2915 11.8823 0
      vertex 31.2915 11.8823 2.2
    endloop
  endfacet
  facet normal 0.991405 0.130828 0
    outer loop
      vertex 31.2915 11.8823 0
      vertex 31.3069 11.7656 2.2
      vertex 31.3069 11.7656 0
    endloop
  endfacet
  facet normal -0.923779 -0.382927 0
    outer loop
      vertex 33.905 12.4617 0
      vertex 33.8599 12.5705 2.2
      vertex 33.8599 12.5705 0
    endloop
  endfacet
  facet normal -0.923779 -0.382927 0
    outer loop
      vertex 33.8599 12.5705 2.2
      vertex 33.905 12.4617 0
      vertex 33.905 12.4617 2.2
    endloop
  endfacet
  facet normal 0.953737 0.300644 0
    outer loop
      vertex 31.3678 11.5383 2.2
      vertex 31.3324 11.6506 0
      vertex 31.3324 11.6506 2.2
    endloop
  endfacet
  facet normal 0.953737 0.300644 0
    outer loop
      vertex 31.3324 11.6506 0
      vertex 31.3678 11.5383 2.2
      vertex 31.3678 11.5383 0
    endloop
  endfacet
  facet normal -0.991405 0.130828 0
    outer loop
      vertex 33.9659 11.7656 0
      vertex 33.9813 11.8823 2.2
      vertex 33.9813 11.8823 0
    endloop
  endfacet
  facet normal -0.991405 0.130828 0
    outer loop
      vertex 33.9813 11.8823 2.2
      vertex 33.9659 11.7656 0
      vertex 33.9659 11.7656 2.2
    endloop
  endfacet
  facet normal 0.216481 0.976287 -0
    outer loop
      vertex 32.402 10.6705 0
      vertex 32.287 10.696 2.2
      vertex 32.402 10.6705 2.2
    endloop
  endfacet
  facet normal 0.216481 0.976287 0
    outer loop
      vertex 32.287 10.696 2.2
      vertex 32.402 10.6705 0
      vertex 32.287 10.696 0
    endloop
  endfacet
  facet normal 0.216481 -0.976287 0
    outer loop
      vertex 32.287 13.304 0
      vertex 32.402 13.3295 2.2
      vertex 32.287 13.304 2.2
    endloop
  endfacet
  facet normal 0.216481 -0.976287 0
    outer loop
      vertex 32.402 13.3295 2.2
      vertex 32.287 13.304 0
      vertex 32.402 13.3295 0
    endloop
  endfacet
  facet normal 0.461754 -0.887008 0
    outer loop
      vertex 31.9614 13.1691 0
      vertex 32.0659 13.2235 2.2
      vertex 31.9614 13.1691 2.2
    endloop
  endfacet
  facet normal 0.461754 -0.887008 0
    outer loop
      vertex 32.0659 13.2235 2.2
      vertex 31.9614 13.1691 0
      vertex 32.0659 13.2235 0
    endloop
  endfacet
  facet normal -0.976287 -0.216481 0
    outer loop
      vertex 33.9659 12.2344 0
      vertex 33.9404 12.3494 2.2
      vertex 33.9404 12.3494 0
    endloop
  endfacet
  facet normal -0.976287 -0.216481 0
    outer loop
      vertex 33.9404 12.3494 2.2
      vertex 33.9659 12.2344 0
      vertex 33.9659 12.2344 2.2
    endloop
  endfacet
  facet normal -0.991405 -0.130828 0
    outer loop
      vertex 33.9813 12.1177 0
      vertex 33.9659 12.2344 2.2
      vertex 33.9659 12.2344 0
    endloop
  endfacet
  facet normal -0.991405 -0.130828 0
    outer loop
      vertex 33.9659 12.2344 2.2
      vertex 33.9813 12.1177 0
      vertex 33.9813 12.1177 2.2
    endloop
  endfacet
  facet normal 0.923779 0.382927 0
    outer loop
      vertex 31.4129 11.4295 2.2
      vertex 31.3678 11.5383 0
      vertex 31.3678 11.5383 2.2
    endloop
  endfacet
  facet normal 0.923779 0.382927 0
    outer loop
      vertex 31.3678 11.5383 0
      vertex 31.4129 11.4295 2.2
      vertex 31.4129 11.4295 0
    endloop
  endfacet
  facet normal -0.382927 -0.923779 0
    outer loop
      vertex 33.0981 13.2686 0
      vertex 33.2069 13.2235 2.2
      vertex 33.0981 13.2686 2.2
    endloop
  endfacet
  facet normal -0.382927 -0.923779 -0
    outer loop
      vertex 33.2069 13.2235 2.2
      vertex 33.0981 13.2686 0
      vertex 33.2069 13.2235 0
    endloop
  endfacet
  facet normal 0.300644 0.953737 -0
    outer loop
      vertex 32.287 10.696 0
      vertex 32.1747 10.7314 2.2
      vertex 32.287 10.696 2.2
    endloop
  endfacet
  facet normal 0.300644 0.953737 0
    outer loop
      vertex 32.1747 10.7314 2.2
      vertex 32.287 10.696 0
      vertex 32.1747 10.7314 0
    endloop
  endfacet
  facet normal -0.0432899 -0.999063 0
    outer loop
      vertex 32.6364 13.35 0
      vertex 32.7541 13.3449 2.2
      vertex 32.6364 13.35 2.2
    endloop
  endfacet
  facet normal -0.0432899 -0.999063 -0
    outer loop
      vertex 32.7541 13.3449 2.2
      vertex 32.6364 13.35 0
      vertex 32.7541 13.3449 0
    endloop
  endfacet
  facet normal -0.461754 0.887008 0
    outer loop
      vertex 33.3114 10.8309 0
      vertex 33.2069 10.7765 2.2
      vertex 33.3114 10.8309 2.2
    endloop
  endfacet
  facet normal -0.461754 0.887008 0
    outer loop
      vertex 33.2069 10.7765 2.2
      vertex 33.3114 10.8309 0
      vertex 33.2069 10.7765 0
    endloop
  endfacet
  facet normal -0.130828 0.991405 0
    outer loop
      vertex 32.8708 10.6705 0
      vertex 32.7541 10.6551 2.2
      vertex 32.8708 10.6705 2.2
    endloop
  endfacet
  facet normal -0.130828 0.991405 0
    outer loop
      vertex 32.7541 10.6551 2.2
      vertex 32.8708 10.6705 0
      vertex 32.7541 10.6551 0
    endloop
  endfacet
  facet normal 0.608521 0.793538 -0
    outer loop
      vertex 31.8621 10.8941 0
      vertex 31.7686 10.9658 2.2
      vertex 31.8621 10.8941 2.2
    endloop
  endfacet
  facet normal 0.608521 0.793538 0
    outer loop
      vertex 31.7686 10.9658 2.2
      vertex 31.8621 10.8941 0
      vertex 31.7686 10.9658 0
    endloop
  endfacet
  facet normal 0.923779 -0.382927 0
    outer loop
      vertex 31.3678 12.4617 2.2
      vertex 31.4129 12.5705 0
      vertex 31.4129 12.5705 2.2
    endloop
  endfacet
  facet normal 0.923779 -0.382927 0
    outer loop
      vertex 31.4129 12.5705 0
      vertex 31.3678 12.4617 2.2
      vertex 31.3678 12.4617 0
    endloop
  endfacet
  facet normal -0.737013 0.675878 0
    outer loop
      vertex 33.591 11.0454 0
      vertex 33.6706 11.1322 2.2
      vertex 33.6706 11.1322 0
    endloop
  endfacet
  facet normal -0.737013 0.675878 0
    outer loop
      vertex 33.6706 11.1322 2.2
      vertex 33.591 11.0454 0
      vertex 33.591 11.0454 2.2
    endloop
  endfacet
  facet normal -0.675878 -0.737013 0
    outer loop
      vertex 33.5042 13.0342 0
      vertex 33.591 12.9546 2.2
      vertex 33.5042 13.0342 2.2
    endloop
  endfacet
  facet normal -0.675878 -0.737013 -0
    outer loop
      vertex 33.591 12.9546 2.2
      vertex 33.5042 13.0342 0
      vertex 33.591 12.9546 0
    endloop
  endfacet
  facet normal -0.887008 -0.461754 0
    outer loop
      vertex 33.8599 12.5705 0
      vertex 33.8055 12.675 2.2
      vertex 33.8055 12.675 0
    endloop
  endfacet
  facet normal -0.887008 -0.461754 0
    outer loop
      vertex 33.8055 12.675 2.2
      vertex 33.8599 12.5705 0
      vertex 33.8599 12.5705 2.2
    endloop
  endfacet
  facet normal 0.976287 -0.216481 0
    outer loop
      vertex 31.3069 12.2344 2.2
      vertex 31.3324 12.3494 0
      vertex 31.3324 12.3494 2.2
    endloop
  endfacet
  facet normal 0.976287 -0.216481 0
    outer loop
      vertex 31.3324 12.3494 0
      vertex 31.3069 12.2344 2.2
      vertex 31.3069 12.2344 0
    endloop
  endfacet
  facet normal -0.461754 -0.887008 0
    outer loop
      vertex 33.2069 13.2235 0
      vertex 33.3114 13.1691 2.2
      vertex 33.2069 13.2235 2.2
    endloop
  endfacet
  facet normal -0.461754 -0.887008 -0
    outer loop
      vertex 33.3114 13.1691 2.2
      vertex 33.2069 13.2235 0
      vertex 33.3114 13.1691 0
    endloop
  endfacet
  facet normal 0.953737 -0.300644 0
    outer loop
      vertex 31.3324 12.3494 2.2
      vertex 31.3678 12.4617 0
      vertex 31.3678 12.4617 2.2
    endloop
  endfacet
  facet normal 0.953737 -0.300644 0
    outer loop
      vertex 31.3678 12.4617 0
      vertex 31.3324 12.3494 2.2
      vertex 31.3324 12.3494 0
    endloop
  endfacet
  facet normal 0.793538 -0.608521 0
    outer loop
      vertex 31.5305 12.7743 2.2
      vertex 31.6022 12.8678 0
      vertex 31.6022 12.8678 2.2
    endloop
  endfacet
  facet normal 0.793538 -0.608521 0
    outer loop
      vertex 31.6022 12.8678 0
      vertex 31.5305 12.7743 2.2
      vertex 31.5305 12.7743 0
    endloop
  endfacet
  facet normal 0.382927 0.923779 -0
    outer loop
      vertex 32.1747 10.7314 0
      vertex 32.0659 10.7765 2.2
      vertex 32.1747 10.7314 2.2
    endloop
  endfacet
  facet normal 0.382927 0.923779 0
    outer loop
      vertex 32.0659 10.7765 2.2
      vertex 32.1747 10.7314 0
      vertex 32.0659 10.7765 0
    endloop
  endfacet
  facet normal -0.0432899 0.999063 0
    outer loop
      vertex 32.7541 10.6551 0
      vertex 32.6364 10.65 2.2
      vertex 32.7541 10.6551 2.2
    endloop
  endfacet
  facet normal -0.0432899 0.999063 0
    outer loop
      vertex 32.6364 10.65 2.2
      vertex 32.7541 10.6551 0
      vertex 32.6364 10.65 0
    endloop
  endfacet
  facet normal -0.953737 -0.300644 0
    outer loop
      vertex 33.9404 12.3494 0
      vertex 33.905 12.4617 2.2
      vertex 33.905 12.4617 0
    endloop
  endfacet
  facet normal -0.953737 -0.300644 0
    outer loop
      vertex 33.905 12.4617 2.2
      vertex 33.9404 12.3494 0
      vertex 33.9404 12.3494 2.2
    endloop
  endfacet
  facet normal -0.130828 -0.991405 0
    outer loop
      vertex 32.7541 13.3449 0
      vertex 32.8708 13.3295 2.2
      vertex 32.7541 13.3449 2.2
    endloop
  endfacet
  facet normal -0.130828 -0.991405 -0
    outer loop
      vertex 32.8708 13.3295 2.2
      vertex 32.7541 13.3449 0
      vertex 32.8708 13.3295 0
    endloop
  endfacet
  facet normal 0.999063 0.0432899 0
    outer loop
      vertex 31.2915 11.8823 2.2
      vertex 31.2864 12 0
      vertex 31.2864 12 2.2
    endloop
  endfacet
  facet normal 0.999063 0.0432899 0
    outer loop
      vertex 31.2864 12 0
      vertex 31.2915 11.8823 2.2
      vertex 31.2915 11.8823 0
    endloop
  endfacet
  facet normal -0.53693 -0.843627 0
    outer loop
      vertex 33.3114 13.1691 0
      vertex 33.4107 13.1059 2.2
      vertex 33.3114 13.1691 2.2
    endloop
  endfacet
  facet normal -0.53693 -0.843627 -0
    outer loop
      vertex 33.4107 13.1059 2.2
      vertex 33.3114 13.1691 0
      vertex 33.4107 13.1059 0
    endloop
  endfacet
  facet normal -0.793538 0.608521 0
    outer loop
      vertex 33.6706 11.1322 0
      vertex 33.7423 11.2257 2.2
      vertex 33.7423 11.2257 0
    endloop
  endfacet
  facet normal -0.793538 0.608521 0
    outer loop
      vertex 33.7423 11.2257 2.2
      vertex 33.6706 11.1322 0
      vertex 33.6706 11.1322 2.2
    endloop
  endfacet
  facet normal 0.843627 0.53693 0
    outer loop
      vertex 31.5305 11.2257 2.2
      vertex 31.4673 11.325 0
      vertex 31.4673 11.325 2.2
    endloop
  endfacet
  facet normal 0.843627 0.53693 0
    outer loop
      vertex 31.4673 11.325 0
      vertex 31.5305 11.2257 2.2
      vertex 31.5305 11.2257 0
    endloop
  endfacet
  facet normal -0.216481 -0.976287 0
    outer loop
      vertex 32.8708 13.3295 0
      vertex 32.9858 13.304 2.2
      vertex 32.8708 13.3295 2.2
    endloop
  endfacet
  facet normal -0.216481 -0.976287 -0
    outer loop
      vertex 32.9858 13.304 2.2
      vertex 32.8708 13.3295 0
      vertex 32.9858 13.304 0
    endloop
  endfacet
  facet normal 0.999063 -0.0432899 0
    outer loop
      vertex 31.2864 12 2.2
      vertex 31.2915 12.1177 0
      vertex 31.2915 12.1177 2.2
    endloop
  endfacet
  facet normal 0.999063 -0.0432899 0
    outer loop
      vertex 31.2915 12.1177 0
      vertex 31.2864 12 2.2
      vertex 31.2864 12 0
    endloop
  endfacet
  facet normal 0.382927 -0.923779 0
    outer loop
      vertex 32.0659 13.2235 0
      vertex 32.1747 13.2686 2.2
      vertex 32.0659 13.2235 2.2
    endloop
  endfacet
  facet normal 0.382927 -0.923779 0
    outer loop
      vertex 32.1747 13.2686 2.2
      vertex 32.0659 13.2235 0
      vertex 32.1747 13.2686 0
    endloop
  endfacet
  facet normal -0.300644 0.953737 0
    outer loop
      vertex 33.0981 10.7314 0
      vertex 32.9858 10.696 2.2
      vertex 33.0981 10.7314 2.2
    endloop
  endfacet
  facet normal -0.300644 0.953737 0
    outer loop
      vertex 32.9858 10.696 2.2
      vertex 33.0981 10.7314 0
      vertex 32.9858 10.696 0
    endloop
  endfacet
  facet normal -0.608521 -0.793538 0
    outer loop
      vertex 33.4107 13.1059 0
      vertex 33.5042 13.0342 2.2
      vertex 33.4107 13.1059 2.2
    endloop
  endfacet
  facet normal -0.608521 -0.793538 -0
    outer loop
      vertex 33.5042 13.0342 2.2
      vertex 33.4107 13.1059 0
      vertex 33.5042 13.0342 0
    endloop
  endfacet
  facet normal 0.887008 -0.461754 0
    outer loop
      vertex 31.4129 12.5705 2.2
      vertex 31.4673 12.675 0
      vertex 31.4673 12.675 2.2
    endloop
  endfacet
  facet normal 0.887008 -0.461754 0
    outer loop
      vertex 31.4673 12.675 0
      vertex 31.4129 12.5705 2.2
      vertex 31.4129 12.5705 0
    endloop
  endfacet
  facet normal 0.53693 -0.843627 0
    outer loop
      vertex 31.8621 13.1059 0
      vertex 31.9614 13.1691 2.2
      vertex 31.8621 13.1059 2.2
    endloop
  endfacet
  facet normal 0.53693 -0.843627 0
    outer loop
      vertex 31.9614 13.1691 2.2
      vertex 31.8621 13.1059 0
      vertex 31.9614 13.1691 0
    endloop
  endfacet
  facet normal -0.953737 0.300644 0
    outer loop
      vertex 33.905 11.5383 0
      vertex 33.9404 11.6506 2.2
      vertex 33.9404 11.6506 0
    endloop
  endfacet
  facet normal -0.953737 0.300644 0
    outer loop
      vertex 33.9404 11.6506 2.2
      vertex 33.905 11.5383 0
      vertex 33.905 11.5383 2.2
    endloop
  endfacet
  facet normal 0.300644 -0.953737 0
    outer loop
      vertex 32.1747 13.2686 0
      vertex 32.287 13.304 2.2
      vertex 32.1747 13.2686 2.2
    endloop
  endfacet
  facet normal 0.300644 -0.953737 0
    outer loop
      vertex 32.287 13.304 2.2
      vertex 32.1747 13.2686 0
      vertex 32.287 13.304 0
    endloop
  endfacet
  facet normal -0.923779 0.382927 0
    outer loop
      vertex 33.8599 11.4295 0
      vertex 33.905 11.5383 2.2
      vertex 33.905 11.5383 0
    endloop
  endfacet
  facet normal -0.923779 0.382927 0
    outer loop
      vertex 33.905 11.5383 2.2
      vertex 33.8599 11.4295 0
      vertex 33.8599 11.4295 2.2
    endloop
  endfacet
  facet normal -0.300644 -0.953737 0
    outer loop
      vertex 32.9858 13.304 0
      vertex 33.0981 13.2686 2.2
      vertex 32.9858 13.304 2.2
    endloop
  endfacet
  facet normal -0.300644 -0.953737 -0
    outer loop
      vertex 33.0981 13.2686 2.2
      vertex 32.9858 13.304 0
      vertex 33.0981 13.2686 0
    endloop
  endfacet
  facet normal -0.216481 0.976287 0
    outer loop
      vertex 32.9858 10.696 0
      vertex 32.8708 10.6705 2.2
      vertex 32.9858 10.696 2.2
    endloop
  endfacet
  facet normal -0.216481 0.976287 0
    outer loop
      vertex 32.8708 10.6705 2.2
      vertex 32.9858 10.696 0
      vertex 32.8708 10.6705 0
    endloop
  endfacet
  facet normal -0.793538 -0.608521 0
    outer loop
      vertex 33.7423 12.7743 0
      vertex 33.6706 12.8678 2.2
      vertex 33.6706 12.8678 0
    endloop
  endfacet
  facet normal -0.793538 -0.608521 0
    outer loop
      vertex 33.6706 12.8678 2.2
      vertex 33.7423 12.7743 0
      vertex 33.7423 12.7743 2.2
    endloop
  endfacet
  facet normal 0.737013 -0.675878 0
    outer loop
      vertex 31.6022 12.8678 2.2
      vertex 31.6818 12.9546 0
      vertex 31.6818 12.9546 2.2
    endloop
  endfacet
  facet normal 0.737013 -0.675878 0
    outer loop
      vertex 31.6818 12.9546 0
      vertex 31.6022 12.8678 2.2
      vertex 31.6022 12.8678 0
    endloop
  endfacet
  facet normal 0.991405 -0.130828 0
    outer loop
      vertex 31.2915 12.1177 2.2
      vertex 31.3069 12.2344 0
      vertex 31.3069 12.2344 2.2
    endloop
  endfacet
  facet normal 0.991405 -0.130828 0
    outer loop
      vertex 31.3069 12.2344 0
      vertex 31.2915 12.1177 2.2
      vertex 31.2915 12.1177 0
    endloop
  endfacet
  facet normal 0.0432899 -0.999063 0
    outer loop
      vertex 32.5187 13.3449 0
      vertex 32.6364 13.35 2.2
      vertex 32.5187 13.3449 2.2
    endloop
  endfacet
  facet normal 0.0432899 -0.999063 0
    outer loop
      vertex 32.6364 13.35 2.2
      vertex 32.5187 13.3449 0
      vertex 32.6364 13.35 0
    endloop
  endfacet
  facet normal 0.887008 0.461754 0
    outer loop
      vertex 31.4673 11.325 2.2
      vertex 31.4129 11.4295 0
      vertex 31.4129 11.4295 2.2
    endloop
  endfacet
  facet normal 0.887008 0.461754 0
    outer loop
      vertex 31.4129 11.4295 0
      vertex 31.4673 11.325 2.2
      vertex 31.4673 11.325 0
    endloop
  endfacet
  facet normal 0.793538 0.608521 0
    outer loop
      vertex 31.6022 11.1322 2.2
      vertex 31.5305 11.2257 0
      vertex 31.5305 11.2257 2.2
    endloop
  endfacet
  facet normal 0.793538 0.608521 0
    outer loop
      vertex 31.5305 11.2257 0
      vertex 31.6022 11.1322 2.2
      vertex 31.6022 11.1322 0
    endloop
  endfacet
  facet normal -0.976287 0.216481 0
    outer loop
      vertex 33.9404 11.6506 0
      vertex 33.9659 11.7656 2.2
      vertex 33.9659 11.7656 0
    endloop
  endfacet
  facet normal -0.976287 0.216481 0
    outer loop
      vertex 33.9659 11.7656 2.2
      vertex 33.9404 11.6506 0
      vertex 33.9404 11.6506 2.2
    endloop
  endfacet
  facet normal 0.130828 -0.991405 0
    outer loop
      vertex 32.402 13.3295 0
      vertex 32.5187 13.3449 2.2
      vertex 32.402 13.3295 2.2
    endloop
  endfacet
  facet normal 0.130828 -0.991405 0
    outer loop
      vertex 32.5187 13.3449 2.2
      vertex 32.402 13.3295 0
      vertex 32.5187 13.3449 0
    endloop
  endfacet
  facet normal -0.382927 0.923779 0
    outer loop
      vertex 33.2069 10.7765 0
      vertex 33.0981 10.7314 2.2
      vertex 33.2069 10.7765 2.2
    endloop
  endfacet
  facet normal -0.382927 0.923779 0
    outer loop
      vertex 33.0981 10.7314 2.2
      vertex 33.2069 10.7765 0
      vertex 33.0981 10.7314 0
    endloop
  endfacet
  facet normal 0.976287 0.216481 0
    outer loop
      vertex 31.3324 11.6506 2.2
      vertex 31.3069 11.7656 0
      vertex 31.3069 11.7656 2.2
    endloop
  endfacet
  facet normal 0.976287 0.216481 0
    outer loop
      vertex 31.3069 11.7656 0
      vertex 31.3324 11.6506 2.2
      vertex 31.3324 11.6506 0
    endloop
  endfacet
  facet normal -0.887008 0.461754 0
    outer loop
      vertex 33.8055 11.325 0
      vertex 33.8599 11.4295 2.2
      vertex 33.8599 11.4295 0
    endloop
  endfacet
  facet normal -0.887008 0.461754 0
    outer loop
      vertex 33.8599 11.4295 2.2
      vertex 33.8055 11.325 0
      vertex 33.8055 11.325 2.2
    endloop
  endfacet
  facet normal 0.675878 0.737013 -0
    outer loop
      vertex 31.7686 10.9658 0
      vertex 31.6818 11.0454 2.2
      vertex 31.7686 10.9658 2.2
    endloop
  endfacet
  facet normal 0.675878 0.737013 0
    outer loop
      vertex 31.6818 11.0454 2.2
      vertex 31.7686 10.9658 0
      vertex 31.6818 11.0454 0
    endloop
  endfacet
  facet normal 0.737013 0.675878 0
    outer loop
      vertex 31.6818 11.0454 2.2
      vertex 31.6022 11.1322 0
      vertex 31.6022 11.1322 2.2
    endloop
  endfacet
  facet normal 0.737013 0.675878 0
    outer loop
      vertex 31.6022 11.1322 0
      vertex 31.6818 11.0454 2.2
      vertex 31.6818 11.0454 0
    endloop
  endfacet
  facet normal 0.675878 -0.737013 0
    outer loop
      vertex 31.6818 12.9546 0
      vertex 31.7686 13.0342 2.2
      vertex 31.6818 12.9546 2.2
    endloop
  endfacet
  facet normal 0.675878 -0.737013 0
    outer loop
      vertex 31.7686 13.0342 2.2
      vertex 31.6818 12.9546 0
      vertex 31.7686 13.0342 0
    endloop
  endfacet
  facet normal -0.608521 0.793538 0
    outer loop
      vertex 33.5042 10.9658 0
      vertex 33.4107 10.8941 2.2
      vertex 33.5042 10.9658 2.2
    endloop
  endfacet
  facet normal -0.608521 0.793538 0
    outer loop
      vertex 33.4107 10.8941 2.2
      vertex 33.5042 10.9658 0
      vertex 33.4107 10.8941 0
    endloop
  endfacet
  facet normal 0.130828 0.991405 -0
    outer loop
      vertex 32.5187 10.6551 0
      vertex 32.402 10.6705 2.2
      vertex 32.5187 10.6551 2.2
    endloop
  endfacet
  facet normal 0.130828 0.991405 0
    outer loop
      vertex 32.402 10.6705 2.2
      vertex 32.5187 10.6551 0
      vertex 32.402 10.6705 0
    endloop
  endfacet
  facet normal -0.675878 0.737013 0
    outer loop
      vertex 33.591 11.0454 0
      vertex 33.5042 10.9658 2.2
      vertex 33.591 11.0454 2.2
    endloop
  endfacet
  facet normal -0.675878 0.737013 0
    outer loop
      vertex 33.5042 10.9658 2.2
      vertex 33.591 11.0454 0
      vertex 33.5042 10.9658 0
    endloop
  endfacet
  facet normal -0.737013 -0.675878 0
    outer loop
      vertex 33.6706 12.8678 0
      vertex 33.591 12.9546 2.2
      vertex 33.591 12.9546 0
    endloop
  endfacet
  facet normal -0.737013 -0.675878 0
    outer loop
      vertex 33.591 12.9546 2.2
      vertex 33.6706 12.8678 0
      vertex 33.6706 12.8678 2.2
    endloop
  endfacet
  facet normal -0.53693 0.843627 0
    outer loop
      vertex 33.4107 10.8941 0
      vertex 33.3114 10.8309 2.2
      vertex 33.4107 10.8941 2.2
    endloop
  endfacet
  facet normal -0.53693 0.843627 0
    outer loop
      vertex 33.3114 10.8309 2.2
      vertex 33.4107 10.8941 0
      vertex 33.3114 10.8309 0
    endloop
  endfacet
  facet normal 0.608521 -0.793538 0
    outer loop
      vertex 31.7686 13.0342 0
      vertex 31.8621 13.1059 2.2
      vertex 31.7686 13.0342 2.2
    endloop
  endfacet
  facet normal 0.608521 -0.793538 0
    outer loop
      vertex 31.8621 13.1059 2.2
      vertex 31.7686 13.0342 0
      vertex 31.8621 13.1059 0
    endloop
  endfacet
  facet normal 0.843627 -0.53693 0
    outer loop
      vertex 31.4673 12.675 2.2
      vertex 31.5305 12.7743 0
      vertex 31.5305 12.7743 2.2
    endloop
  endfacet
  facet normal 0.843627 -0.53693 0
    outer loop
      vertex 31.5305 12.7743 0
      vertex 31.4673 12.675 2.2
      vertex 31.4673 12.675 0
    endloop
  endfacet
  facet normal 0.53693 0.843627 -0
    outer loop
      vertex 31.9614 10.8309 0
      vertex 31.8621 10.8941 2.2
      vertex 31.9614 10.8309 2.2
    endloop
  endfacet
  facet normal 0.53693 0.843627 0
    outer loop
      vertex 31.8621 10.8941 2.2
      vertex 31.9614 10.8309 0
      vertex 31.8621 10.8941 0
    endloop
  endfacet
endsolid OpenSCAD_Model
